name,0,1,2,3,4,5,6,7,8,9,Mean_ag,Std_ag
rico,0.272,,,,,,,,,,0.272,0.0
seq2seq,0.315,0.272,0.326,0.324,0.286,0.277,0.313,0.255,0.312,0.359,0.3039,0.029415812074460902
transformer,0.366,0.282,0.355,0.282,0.345,0.355,0.341,0.267,0.382,0.249,0.3224,0.044895879543673044
transformer_mean,0.333,0.356,0.38,0.352,0.387,0.302,0.319,0.308,0.336,0.341,0.3414,0.02676639684380399
conv_se,0.316,0.337,0.289,0.281,0.351,0.358,0.349,0.336,0.329,0.337,0.3283,0.024433788081261565
conv_re,0.243,0.146,0.229,0.233,0.212,0.207,0.244,0.203,0.166,0.239,0.2122,0.03165691077790125
rico_seq2seq_add,0.324,0.322,0.351,0.323,0.331,0.324,0.312,0.314,0.333,0.373,0.33070000000000005,0.017493141513175953
rico_transformer_add,0.348,0.313,0.385,0.377,0.358,0.348,0.35,0.335,0.352,0.32,0.34859999999999997,0.021223571801183703
rico_transformer_mean_add,0.367,0.355,0.401,0.399,0.369,0.346,0.353,0.382,0.363,0.402,0.37370000000000003,0.019955199823604892
conv_re_conv_se_add,0.327,0.245,0.299,0.307,0.295,0.247,0.271,0.311,0.277,0.318,0.28969999999999996,0.0271884166512138
rico_seq2seq_cat,0.38,0.322,0.379,0.309,0.323,0.333,0.321,0.314,0.367,0.367,0.3415,0.02686354406998451
rico_transformer_cat,0.401,0.358,0.39,0.359,0.391,0.354,0.36,0.348,0.389,0.356,0.37059999999999993,0.018602150413325892
rico_transformer_mean_cat,0.344,0.306,0.376,0.372,0.387,0.395,0.374,0.352,0.421,0.335,0.36619999999999997,0.031221146679774592
conv_re_conv_se_cat,0.326,0.257,0.315,0.282,0.298,0.243,0.3,0.311,0.293,0.299,0.2924,0.024331872102244825
rico_conv_se_add,0.373,0.344,0.346,0.28,0.368,0.35,0.357,0.366,0.311,0.345,0.34400000000000003,0.0270111088258146
seq2seq_conv_se_add,0.374,0.374,0.313,0.26,0.324,0.332,0.366,0.29,0.309,0.389,0.33310000000000006,0.039778008999948704
transformer_conv_se_add,0.373,0.366,0.346,0.266,0.368,0.369,0.346,0.312,0.296,0.345,0.33869999999999995,0.03415567302806372
transformer_mean_conv_se_add,0.374,0.362,0.345,0.269,0.368,0.369,0.346,0.32,0.296,0.345,0.3393999999999999,0.03274812971758845
rico_conv_se_cat,0.373,0.344,0.371,0.301,0.334,0.36,0.357,0.366,0.324,0.345,0.34750000000000003,0.02169446934128604
seq2seq_conv_se_cat,0.373,0.362,0.346,0.28,0.36,0.315,0.357,0.366,0.324,0.345,0.3428,0.02720588171701111
transformer_conv_se_cat,0.373,0.344,0.346,0.301,0.334,0.36,0.357,0.366,0.324,0.345,0.34500000000000003,0.020233635362929714
transformer_mean_conv_se_cat,0.373,0.344,0.371,0.301,0.334,0.36,0.357,0.366,0.324,0.345,0.34750000000000003,0.02169446934128604
rico_conv_re_add,0.238,0.154,0.223,0.253,0.163,0.164,0.234,0.18,0.222,0.182,0.20129999999999998,0.034511012735067625
seq2seq_conv_re_add,0.233,0.155,0.22,0.208,0.16,0.164,0.232,0.237,0.143,0.196,0.1948,0.034440673628719866
transformer_conv_re_add,0.233,0.136,0.178,0.207,0.162,0.164,0.234,0.248,0.221,0.182,0.19649999999999998,0.035440795702128366
transformer_mean_conv_re_add,0.234,0.122,0.227,0.247,0.162,0.164,0.233,0.213,0.215,0.178,0.1995,0.03857784338192067
rico_conv_re_cat,0.234,0.133,0.217,0.226,0.164,0.164,0.234,0.247,0.236,0.182,0.2037,0.037483463020377396
seq2seq_conv_re_cat,0.234,0.133,0.253,0.213,0.164,0.164,0.234,0.235,0.236,0.243,0.2109,0.0394371652125251
transformer_conv_re_cat,0.234,0.133,0.229,0.226,0.164,0.164,0.234,0.247,0.236,0.243,0.211,0.03879948453265842
transformer_mean_conv_re_cat,0.234,0.133,0.229,0.226,0.164,0.164,0.234,0.247,0.237,0.241,0.2109,0.03870516761364043
rico_seq2seq_add_0.1,0.332,0.304,0.322,0.299,0.279,0.287,0.299,0.267,0.33,0.362,0.3081,0.027042374156127636
rico_transformer_add_0.1,0.334,0.338,0.328,0.325,0.327,0.312,0.352,0.291,0.364,0.275,0.32459999999999994,0.025172206895701453
rico_transformer_mean_add_0.1,0.338,0.338,0.347,0.346,0.362,0.353,0.331,0.319,0.359,0.321,0.34140000000000004,0.01403709371629326
conv_re_conv_se_add_0.1,0.36,0.355,0.343,0.265,0.337,0.371,0.354,0.331,0.312,0.374,0.34019999999999995,0.030733694864106393
rico_seq2seq_add_0.2,0.334,0.26,0.316,0.319,0.287,0.303,0.293,0.272,0.321,0.354,0.30590000000000006,0.027189887826175374
rico_transformer_add_0.2,0.33,0.31,0.35,0.316,0.345,0.327,0.33,0.309,0.382,0.286,0.3285,0.025076881783826315
rico_transformer_mean_add_0.2,0.326,0.302,0.393,0.35,0.385,0.323,0.324,0.353,0.342,0.388,0.3486,0.029759704299606206
conv_re_conv_se_add_0.2,0.383,0.315,0.333,0.29,0.329,0.319,0.362,0.387,0.342,0.401,0.3461,0.03410410532472594
rico_seq2seq_add_0.3,0.325,0.261,0.3,0.293,0.292,0.281,0.31,0.289,0.303,0.36,0.3014,0.025358233376952737
rico_transformer_add_0.3,0.355,0.345,0.389,0.323,0.353,0.325,0.36,0.349,0.359,0.307,0.3464999999999999,0.022005681084665385
rico_transformer_mean_add_0.3,0.387,0.351,0.406,0.374,0.418,0.334,0.376,0.371,0.359,0.375,0.3751,0.023419863364247024
conv_re_conv_se_add_0.3,0.339,0.298,0.316,0.267,0.295,0.301,0.329,0.344,0.258,0.327,0.3074,0.027601449237313606
rico_seq2seq_add_0.4,0.332,0.295,0.316,0.313,0.306,0.312,0.321,0.323,0.323,0.36,0.3201,0.016470883400716552
rico_transformer_add_0.4,0.356,0.34,0.416,0.359,0.377,0.351,0.37,0.365,0.401,0.306,0.3641,0.02911511634872854
rico_transformer_mean_add_0.4,0.336,0.306,0.4,0.345,0.383,0.339,0.377,0.383,0.361,0.359,0.35889999999999994,0.026636253490309035
conv_re_conv_se_add_0.4,0.342,0.289,0.325,0.31,0.316,0.27,0.336,0.308,0.239,0.31,0.3045,0.029571100757327256
rico_seq2seq_add_0.5,0.324,0.322,0.351,0.323,0.331,0.324,0.312,0.314,0.333,0.373,0.33070000000000005,0.017493141513175953
rico_transformer_add_0.5,0.348,0.313,0.385,0.377,0.358,0.348,0.35,0.335,0.352,0.32,0.34859999999999997,0.021223571801183703
rico_transformer_mean_add_0.5,0.367,0.355,0.401,0.399,0.369,0.346,0.353,0.382,0.363,0.402,0.37370000000000003,0.019955199823604892
conv_re_conv_se_add_0.5,0.327,0.245,0.299,0.307,0.295,0.247,0.271,0.311,0.277,0.318,0.28969999999999996,0.0271884166512138
rico_seq2seq_add_0.6,0.361,0.338,0.354,0.383,0.362,0.368,0.393,0.351,0.378,0.331,0.3619,0.018484858668650947
rico_transformer_add_0.6,0.361,0.348,0.335,0.367,0.352,0.368,0.332,0.38,0.359,0.328,0.3529999999999999,0.016327890249508654
rico_transformer_mean_add_0.6,0.345,0.381,0.327,0.385,0.327,0.351,0.347,0.352,0.349,0.338,0.35019999999999996,0.018513778652668397
conv_re_conv_se_add_0.6,0.276,0.221,0.317,0.274,0.255,0.218,0.223,0.303,0.241,0.284,0.2612,0.03339401143917873
rico_seq2seq_add_0.7,0.36,0.357,0.406,0.336,0.358,0.304,0.342,0.378,0.401,0.427,0.3669,0.03490401123080269
rico_transformer_add_0.7,0.365,0.318,0.293,0.348,0.336,0.35,0.287,0.31,0.368,0.29,0.32649999999999996,0.029442316484950704
rico_transformer_mean_add_0.7,0.389,0.327,0.305,0.325,0.338,0.352,0.334,0.326,0.345,0.363,0.34040000000000004,0.02225398840657557
conv_re_conv_se_add_0.7,0.237,0.232,0.317,0.282,0.202,0.173,0.214,0.296,0.27,0.239,0.24619999999999997,0.042458921324028
rico_seq2seq_add_0.8,0.356,0.339,0.373,0.32,0.352,0.363,0.348,0.37,0.325,0.352,0.3498,0.01670808187674455
rico_transformer_add_0.8,0.293,0.315,0.27,0.322,0.359,0.298,0.316,0.281,0.308,0.309,0.30710000000000004,0.02323983648823717
rico_transformer_mean_add_0.8,0.324,0.303,0.322,0.324,0.303,0.279,0.33,0.314,0.293,0.306,0.3098,0.01521709564930181
conv_re_conv_se_add_0.8,0.215,0.192,0.29,0.237,0.245,0.162,0.222,0.29,0.248,0.249,0.23500000000000001,0.037770358748627206
rico_seq2seq_add_0.9,0.341,0.306,0.299,0.281,0.257,0.216,0.273,0.336,0.299,0.315,0.29229999999999995,0.035555730902345414
rico_transformer_add_0.9,0.263,0.264,0.275,0.248,0.309,0.287,0.263,0.304,0.272,0.27,0.27549999999999997,0.018194779471046075
rico_transformer_mean_add_0.9,0.274,0.255,0.286,0.252,0.313,0.248,0.315,0.228,0.239,0.228,0.2638,0.03046900063999474
conv_re_conv_se_add_0.9,0.235,0.184,0.219,0.246,0.203,0.165,0.218,0.224,0.208,0.241,0.2143,0.02406678208651917
rico_seq2seq_cat_0.1,0.293,0.29,0.302,0.303,0.276,0.284,0.277,0.311,0.333,0.324,0.2993,0.018177183500201567
rico_transformer_cat_0.1,0.282,0.305,0.348,0.326,0.347,0.338,0.364,0.322,0.367,0.29,0.3289,0.02792651070219837
rico_transformer_mean_cat_0.1,0.334,0.35,0.358,0.326,0.366,0.361,0.336,0.347,0.357,0.325,0.346,0.014113823011501866
conv_re_conv_se_cat_0.1,0.363,0.395,0.331,0.307,0.366,0.38,0.372,0.323,0.332,0.399,0.35679999999999995,0.030059274775017443
rico_seq2seq_cat_0.2,0.318,0.308,0.321,0.316,0.285,0.279,0.304,0.298,0.33,0.351,0.311,0.020154403985233597
rico_transformer_cat_0.2,0.308,0.34,0.334,0.343,0.353,0.355,0.35,0.285,0.388,0.318,0.33740000000000003,0.02703405260037792
rico_transformer_mean_cat_0.2,0.316,0.296,0.382,0.327,0.383,0.34,0.347,0.308,0.337,0.343,0.3379,0.02709409529768433
conv_re_conv_se_cat_0.2,0.446,0.315,0.324,0.267,0.319,0.323,0.336,0.387,0.349,0.341,0.3407,0.0452527347239921
rico_seq2seq_cat_0.3,0.321,0.307,0.323,0.321,0.264,0.298,0.3,0.273,0.32,0.323,0.305,0.02041568024827975
rico_transformer_cat_0.3,0.367,0.381,0.358,0.326,0.349,0.349,0.388,0.319,0.373,0.288,0.3498,0.029444184485225604
rico_transformer_mean_cat_0.3,0.368,0.342,0.39,0.396,0.363,0.337,0.365,0.367,0.384,0.397,0.37089999999999995,0.01988190131752997
conv_re_conv_se_cat_0.3,0.37,0.288,0.335,0.27,0.326,0.31,0.373,0.345,0.32,0.329,0.3266,0.030764264983906248
rico_seq2seq_cat_0.4,0.312,0.294,0.316,0.311,0.303,0.293,0.298,0.288,0.335,0.399,0.31489999999999996,0.030933638647918562
rico_transformer_cat_0.4,0.361,0.36,0.37,0.38,0.366,0.375,0.378,0.342,0.43,0.307,0.36690000000000006,0.029398809499705934
rico_transformer_mean_cat_0.4,0.361,0.344,0.366,0.343,0.372,0.361,0.368,0.367,0.366,0.373,0.36210000000000003,0.010004498987955367
conv_re_conv_se_cat_0.4,0.345,0.286,0.311,0.314,0.274,0.287,0.304,0.334,0.296,0.304,0.3055,0.0206990337938755
rico_seq2seq_cat_0.5,0.38,0.322,0.379,0.309,0.323,0.333,0.321,0.314,0.367,0.367,0.3415,0.02686354406998451
rico_transformer_cat_0.5,0.401,0.358,0.39,0.359,0.391,0.354,0.36,0.348,0.389,0.356,0.37059999999999993,0.018602150413325892
rico_transformer_mean_cat_0.5,0.344,0.306,0.376,0.372,0.387,0.395,0.374,0.352,0.421,0.335,0.36619999999999997,0.031221146679774592
conv_re_conv_se_cat_0.5,0.326,0.257,0.315,0.282,0.298,0.243,0.3,0.311,0.293,0.299,0.2924,0.024331872102244825
rico_seq2seq_cat_0.6,0.398,0.346,0.352,0.411,0.408,0.338,0.354,0.347,0.398,0.431,0.3783,0.032301857531727186
rico_transformer_cat_0.6,0.372,0.34,0.357,0.357,0.343,0.346,0.336,0.349,0.413,0.32,0.35329999999999995,0.02388325773423717
rico_transformer_mean_cat_0.6,0.365,0.374,0.336,0.355,0.364,0.346,0.377,0.361,0.381,0.368,0.3627,0.013251792331605564
conv_re_conv_se_cat_0.6,0.321,0.214,0.315,0.235,0.266,0.22,0.238,0.289,0.259,0.279,0.26359999999999995,0.03560954928105662
rico_seq2seq_cat_0.7,0.4,0.398,0.407,0.4,0.325,0.369,0.375,0.392,0.416,0.414,0.3896,0.025881267356912794
rico_transformer_cat_0.7,0.337,0.351,0.36,0.342,0.372,0.342,0.294,0.345,0.339,0.315,0.3397,0.02080408613710297
rico_transformer_mean_cat_0.7,0.355,0.303,0.308,0.299,0.387,0.312,0.314,0.373,0.366,0.339,0.3356,0.03088753794008192
conv_re_conv_se_cat_0.7,0.279,0.238,0.293,0.292,0.208,0.186,0.201,0.266,0.238,0.252,0.24530000000000002,0.03611384775955063
rico_seq2seq_cat_0.8,0.346,0.34,0.329,0.323,0.334,0.354,0.322,0.338,0.319,0.363,0.3368,0.013687950905814929
rico_transformer_cat_0.8,0.325,0.296,0.215,0.336,0.331,0.297,0.272,0.318,0.272,0.281,0.2943,0.034727654686143146
rico_transformer_mean_cat_0.8,0.312,0.307,0.263,0.331,0.318,0.322,0.245,0.319,0.277,0.24,0.2934,0.03226515147957623
conv_re_conv_se_cat_0.8,0.275,0.174,0.256,0.247,0.256,0.161,0.204,0.281,0.213,0.24,0.23070000000000004,0.03901807273559268
rico_seq2seq_cat_0.9,0.247,0.321,0.28,0.256,0.321,0.241,0.259,0.276,0.281,0.279,0.27609999999999996,0.0261818639519802
rico_transformer_cat_0.9,0.334,0.296,0.313,0.253,0.246,0.275,0.281,0.275,0.311,0.265,0.28490000000000004,0.026726204369494744
rico_transformer_mean_cat_0.9,0.302,0.282,0.265,0.306,0.202,0.28,0.25,0.266,0.219,0.251,0.2623,0.031619772295195296
conv_re_conv_se_cat_0.9,0.232,0.139,0.217,0.198,0.168,0.184,0.191,0.216,0.203,0.203,0.19510000000000002,0.025363162263408713
rico_conv_se_add_0.1,0.373,0.344,0.346,0.301,0.367,0.36,0.357,0.366,0.324,0.345,0.34829999999999994,0.02085209821576716
seq2seq_conv_se_add_0.1,0.373,0.313,0.371,0.264,0.334,0.386,0.357,0.366,0.324,0.334,0.34219999999999995,0.034518980286213544
transformer_conv_se_add_0.1,0.373,0.362,0.346,0.301,0.32,0.36,0.357,0.366,0.324,0.345,0.3454,0.022100678722609398
transformer_mean_conv_se_add_0.1,0.373,0.344,0.371,0.301,0.32,0.339,0.357,0.366,0.324,0.345,0.34400000000000003,0.022525541058984577
rico_conv_se_cat_0.1,0.373,0.344,0.371,0.301,0.334,0.36,0.357,0.366,0.324,0.345,0.34750000000000003,0.02169446934128604
seq2seq_conv_se_cat_0.1,0.373,0.344,0.371,0.301,0.334,0.36,0.357,0.366,0.324,0.345,0.34750000000000003,0.02169446934128604
transformer_conv_se_cat_0.1,0.373,0.344,0.371,0.301,0.334,0.36,0.357,0.366,0.324,0.345,0.34750000000000003,0.02169446934128604
transformer_mean_conv_se_cat_0.1,0.373,0.344,0.371,0.301,0.334,0.36,0.357,0.366,0.324,0.345,0.34750000000000003,0.02169446934128604
rico_conv_se_add_0.2,0.373,0.344,0.346,0.28,0.368,0.315,0.357,0.366,0.324,0.345,0.3418,0.02713595400939498
seq2seq_conv_se_add_0.2,0.373,0.343,0.371,0.262,0.334,0.386,0.367,0.366,0.323,0.333,0.3458,0.034207601494404716
transformer_conv_se_add_0.2,0.373,0.362,0.346,0.264,0.32,0.36,0.357,0.32,0.324,0.345,0.33709999999999996,0.030117934856161693
transformer_mean_conv_se_add_0.2,0.373,0.362,0.371,0.265,0.367,0.339,0.357,0.366,0.324,0.345,0.34690000000000004,0.031078770889467294
rico_conv_se_cat_0.2,0.373,0.344,0.371,0.301,0.334,0.36,0.357,0.366,0.324,0.345,0.34750000000000003,0.02169446934128604
seq2seq_conv_se_cat_0.2,0.373,0.344,0.371,0.301,0.334,0.36,0.357,0.366,0.324,0.345,0.34750000000000003,0.02169446934128604
transformer_conv_se_cat_0.2,0.373,0.344,0.371,0.301,0.334,0.36,0.357,0.366,0.324,0.345,0.34750000000000003,0.02169446934128604
transformer_mean_conv_se_cat_0.2,0.373,0.344,0.371,0.301,0.334,0.36,0.357,0.366,0.324,0.345,0.34750000000000003,0.02169446934128604
rico_conv_se_add_0.3,0.373,0.344,0.346,0.28,0.368,0.386,0.357,0.366,0.324,0.345,0.3489,0.028451537744030628
seq2seq_conv_se_add_0.3,0.373,0.365,0.371,0.24,0.345,0.386,0.367,0.29,0.309,0.333,0.33790000000000003,0.04360149080020086
transformer_conv_se_add_0.3,0.373,0.362,0.346,0.264,0.368,0.369,0.367,0.32,0.324,0.345,0.3438,0.03205557673790942
transformer_mean_conv_se_add_0.3,0.373,0.362,0.346,0.265,0.368,0.339,0.367,0.29,0.324,0.345,0.3379,0.03388937886713181
rico_conv_se_cat_0.3,0.373,0.344,0.371,0.301,0.334,0.36,0.357,0.366,0.324,0.345,0.34750000000000003,0.02169446934128604
seq2seq_conv_se_cat_0.3,0.373,0.344,0.371,0.301,0.334,0.36,0.357,0.366,0.324,0.345,0.34750000000000003,0.02169446934128604
transformer_conv_se_cat_0.3,0.373,0.344,0.371,0.301,0.334,0.36,0.357,0.366,0.324,0.345,0.34750000000000003,0.02169446934128604
transformer_mean_conv_se_cat_0.3,0.373,0.344,0.371,0.301,0.334,0.36,0.357,0.366,0.324,0.345,0.34750000000000003,0.02169446934128604
rico_conv_se_add_0.4,0.373,0.344,0.346,0.28,0.368,0.35,0.357,0.366,0.324,0.345,0.34530000000000005,0.025671190077594757
seq2seq_conv_se_add_0.4,0.373,0.345,0.371,0.239,0.356,0.336,0.352,0.29,0.308,0.333,0.3302999999999999,0.03914600873652383
transformer_conv_se_add_0.4,0.373,0.368,0.346,0.265,0.368,0.369,0.35,0.32,0.296,0.345,0.33999999999999997,0.034088121098118616
transformer_mean_conv_se_add_0.4,0.373,0.362,0.346,0.265,0.368,0.369,0.346,0.32,0.303,0.345,0.3397,0.03269265972661141
rico_conv_se_cat_0.4,0.373,0.344,0.371,0.301,0.334,0.36,0.357,0.366,0.324,0.345,0.34750000000000003,0.02169446934128604
seq2seq_conv_se_cat_0.4,0.373,0.344,0.346,0.301,0.334,0.315,0.357,0.366,0.324,0.345,0.3405,0.021369370603740296
transformer_conv_se_cat_0.4,0.373,0.344,0.371,0.301,0.334,0.36,0.357,0.366,0.324,0.345,0.34750000000000003,0.02169446934128604
transformer_mean_conv_se_cat_0.4,0.373,0.344,0.371,0.301,0.334,0.36,0.357,0.366,0.324,0.345,0.34750000000000003,0.02169446934128604
rico_conv_se_add_0.5,0.373,0.344,0.346,0.28,0.368,0.35,0.357,0.366,0.311,0.345,0.34400000000000003,0.0270111088258146
seq2seq_conv_se_add_0.5,0.374,0.374,0.313,0.26,0.324,0.332,0.366,0.29,0.309,0.389,0.33310000000000006,0.039778008999948704
transformer_conv_se_add_0.5,0.373,0.366,0.346,0.266,0.368,0.369,0.346,0.312,0.296,0.345,0.33869999999999995,0.03415567302806372
transformer_mean_conv_se_add_0.5,0.374,0.362,0.345,0.269,0.368,0.369,0.346,0.32,0.296,0.345,0.3393999999999999,0.03274812971758845
rico_conv_se_cat_0.5,0.373,0.344,0.371,0.301,0.334,0.36,0.357,0.366,0.324,0.345,0.34750000000000003,0.02169446934128604
seq2seq_conv_se_cat_0.5,0.373,0.362,0.346,0.28,0.36,0.315,0.357,0.366,0.324,0.345,0.3428,0.02720588171701111
transformer_conv_se_cat_0.5,0.373,0.344,0.346,0.301,0.334,0.36,0.357,0.366,0.324,0.345,0.34500000000000003,0.020233635362929714
transformer_mean_conv_se_cat_0.5,0.373,0.344,0.371,0.301,0.334,0.36,0.357,0.366,0.324,0.345,0.34750000000000003,0.02169446934128604
rico_conv_se_add_0.6,0.366,0.344,0.346,0.271,0.371,0.378,0.357,0.366,0.311,0.345,0.34550000000000003,0.030696090956341654
seq2seq_conv_se_add_0.6,0.411,0.382,0.346,0.239,0.337,0.362,0.369,0.29,0.309,0.38,0.34249999999999997,0.048347181924079094
transformer_conv_se_add_0.6,0.373,0.335,0.345,0.28,0.346,0.36,0.346,0.312,0.347,0.347,0.33909999999999996,0.02466759007280605
transformer_mean_conv_se_add_0.6,0.373,0.368,0.346,0.268,0.346,0.369,0.346,0.32,0.296,0.347,0.3379,0.0321665975819638
rico_conv_se_cat_0.6,0.373,0.344,0.346,0.301,0.334,0.36,0.357,0.366,0.324,0.345,0.34500000000000003,0.020233635362929714
seq2seq_conv_se_cat_0.6,0.373,0.362,0.346,0.264,0.333,0.402,0.352,0.366,0.339,0.345,0.3482,0.03384021276528857
transformer_conv_se_cat_0.6,0.373,0.362,0.346,0.301,0.36,0.36,0.357,0.366,0.324,0.345,0.3494,0.02071810802172824
transformer_mean_conv_se_cat_0.6,0.373,0.344,0.371,0.301,0.334,0.36,0.357,0.366,0.324,0.345,0.34750000000000003,0.02169446934128604
rico_conv_se_add_0.7,0.366,0.346,0.308,0.306,0.347,0.379,0.358,0.352,0.311,0.389,0.34619999999999995,0.027906271696520123
seq2seq_conv_se_add_0.7,0.387,0.371,0.346,0.265,0.337,0.386,0.364,0.315,0.291,0.346,0.3408,0.038193716760744824
transformer_conv_se_add_0.7,0.373,0.335,0.321,0.273,0.345,0.349,0.346,0.332,0.346,0.347,0.3367,0.02479132912935487
transformer_mean_conv_se_add_0.7,0.372,0.335,0.346,0.277,0.347,0.346,0.346,0.363,0.296,0.346,0.33740000000000003,0.027583328298086136
rico_conv_se_cat_0.7,0.373,0.344,0.346,0.261,0.36,0.36,0.383,0.366,0.324,0.334,0.34509999999999996,0.03277026090832967
seq2seq_conv_se_cat_0.7,0.373,0.367,0.346,0.264,0.352,0.365,0.352,0.366,0.339,0.345,0.34690000000000004,0.029612328513644443
transformer_conv_se_cat_0.7,0.373,0.363,0.346,0.28,0.36,0.315,0.352,0.366,0.339,0.345,0.3439,0.026406249260355008
transformer_mean_conv_se_cat_0.7,0.373,0.362,0.346,0.301,0.36,0.315,0.352,0.366,0.339,0.335,0.3449,0.02181948670340345
rico_conv_se_add_0.8,0.375,0.354,0.348,0.27,0.339,0.334,0.357,0.372,0.31,0.389,0.34479999999999994,0.03287187247480739
seq2seq_conv_se_add_0.8,0.395,0.395,0.365,0.261,0.338,0.361,0.39,0.371,0.357,0.399,0.3632000000000001,0.03899948717611554
transformer_conv_se_add_0.8,0.373,0.334,0.321,0.297,0.343,0.364,0.346,0.327,0.357,0.347,0.34090000000000004,0.02110663402819123
transformer_mean_conv_se_add_0.8,0.373,0.363,0.365,0.239,0.366,0.39,0.346,0.357,0.36,0.366,0.35250000000000004,0.03931729899166524
rico_conv_se_cat_0.8,0.373,0.354,0.346,0.264,0.361,0.38,0.353,0.366,0.339,0.334,0.34700000000000003,0.030870698080866257
seq2seq_conv_se_cat_0.8,0.374,0.36,0.346,0.304,0.355,0.391,0.349,0.354,0.309,0.389,0.3531000000000001,0.027634941650019822
transformer_conv_se_cat_0.8,0.373,0.366,0.346,0.264,0.356,0.368,0.362,0.366,0.302,0.345,0.34480000000000005,0.03318975745617915
transformer_mean_conv_se_cat_0.8,0.373,0.362,0.346,0.28,0.332,0.378,0.355,0.366,0.339,0.337,0.34680000000000005,0.026768638366566188
rico_conv_se_add_0.9,0.404,0.333,0.362,0.232,0.37,0.363,0.345,0.348,0.285,0.353,0.33949999999999997,0.04582848459200894
seq2seq_conv_se_add_0.9,0.412,0.393,0.318,0.269,0.357,0.374,0.383,0.371,0.362,0.381,0.362,0.03885614494516922
transformer_conv_se_add_0.9,0.404,0.352,0.339,0.264,0.333,0.381,0.362,0.337,0.337,0.352,0.3461,0.03467116957934935
transformer_mean_conv_se_add_0.9,0.374,0.342,0.338,0.278,0.352,0.383,0.331,0.333,0.293,0.373,0.3397,0.032292568804602705
rico_conv_se_cat_0.9,0.388,0.333,0.346,0.264,0.347,0.347,0.372,0.326,0.303,0.353,0.33790000000000003,0.03313140504113883
seq2seq_conv_se_cat_0.9,0.36,0.385,0.365,0.297,0.367,0.394,0.369,0.353,0.371,0.347,0.36079999999999995,0.02497518768698246
transformer_conv_se_cat_0.9,0.347,0.356,0.335,0.276,0.382,0.373,0.349,0.355,0.311,0.374,0.3458,0.030406578235638408
transformer_mean_conv_se_cat_0.9,0.348,0.376,0.346,0.283,0.359,0.36,0.359,0.354,0.311,0.335,0.34309999999999996,0.025947832279402457
rico_conv_re_add_0.1,0.234,0.162,0.229,0.258,0.164,0.164,0.234,0.21,0.242,0.182,0.20789999999999997,0.03480933782765768
seq2seq_conv_re_add_0.1,0.234,0.136,0.229,0.226,0.177,0.164,0.234,0.247,0.24,0.243,0.213,0.03703781851027406
transformer_conv_re_add_0.1,0.234,0.142,0.218,0.259,0.164,0.164,0.233,0.246,0.24,0.182,0.2082,0.039209182597957845
transformer_mean_conv_re_add_0.1,0.234,0.144,0.228,0.259,0.164,0.164,0.233,0.246,0.242,0.182,0.2096,0.03939593887699594
rico_conv_re_cat_0.1,0.234,0.133,0.229,0.259,0.164,0.164,0.234,0.247,0.236,0.182,0.2082,0.041075053256204065
seq2seq_conv_re_cat_0.1,0.234,0.133,0.229,0.259,0.164,0.164,0.234,0.247,0.236,0.182,0.2082,0.041075053256204065
transformer_conv_re_cat_0.1,0.234,0.133,0.229,0.259,0.164,0.164,0.234,0.247,0.238,0.182,0.20839999999999997,0.04121456053386958
transformer_mean_conv_re_cat_0.1,0.234,0.133,0.229,0.259,0.164,0.164,0.234,0.247,0.238,0.182,0.20839999999999997,0.04121456053386958
rico_conv_re_add_0.2,0.234,0.158,0.229,0.258,0.164,0.164,0.234,0.211,0.241,0.182,0.20749999999999996,0.03526542215825581
seq2seq_conv_re_add_0.2,0.238,0.136,0.229,0.226,0.177,0.164,0.234,0.247,0.239,0.165,0.20549999999999996,0.03832818806048624
transformer_conv_re_add_0.2,0.234,0.137,0.252,0.207,0.163,0.164,0.233,0.247,0.24,0.182,0.20590000000000003,0.03926436043029352
transformer_mean_conv_re_add_0.2,0.234,0.122,0.227,0.258,0.164,0.164,0.233,0.247,0.241,0.182,0.2072,0.04325459513161579
rico_conv_re_cat_0.2,0.234,0.133,0.217,0.259,0.164,0.164,0.234,0.247,0.236,0.182,0.207,0.040622653778403
seq2seq_conv_re_cat_0.2,0.234,0.133,0.229,0.259,0.164,0.164,0.234,0.247,0.236,0.182,0.2082,0.041075053256204065
transformer_conv_re_cat_0.2,0.234,0.133,0.229,0.259,0.164,0.164,0.234,0.247,0.237,0.182,0.20829999999999999,0.041143772311250215
transformer_mean_conv_re_cat_0.2,0.234,0.133,0.229,0.259,0.164,0.164,0.234,0.247,0.238,0.182,0.20839999999999997,0.04121456053386958
rico_conv_re_add_0.3,0.234,0.143,0.229,0.259,0.164,0.164,0.234,0.211,0.241,0.182,0.2061,0.03772121419042606
seq2seq_conv_re_add_0.3,0.238,0.155,0.22,0.226,0.177,0.163,0.234,0.247,0.239,0.165,0.2064,0.034848816335709305
transformer_conv_re_add_0.3,0.234,0.136,0.226,0.207,0.163,0.164,0.233,0.246,0.222,0.182,0.20129999999999998,0.03555010548507557
transformer_mean_conv_re_add_0.3,0.234,0.122,0.252,0.258,0.164,0.164,0.233,0.247,0.216,0.182,0.2072,0.043885760788665844
rico_conv_re_cat_0.3,0.234,0.133,0.217,0.259,0.164,0.164,0.234,0.247,0.236,0.182,0.207,0.040622653778403
seq2seq_conv_re_cat_0.3,0.234,0.133,0.229,0.259,0.164,0.164,0.234,0.247,0.236,0.182,0.2082,0.041075053256204065
transformer_conv_re_cat_0.3,0.234,0.133,0.229,0.226,0.164,0.164,0.234,0.247,0.237,0.182,0.205,0.03816018867877883
transformer_mean_conv_re_cat_0.3,0.234,0.133,0.229,0.226,0.164,0.164,0.234,0.247,0.238,0.182,0.20509999999999998,0.038245130408981476
rico_conv_re_add_0.4,0.234,0.155,0.223,0.259,0.164,0.163,0.234,0.18,0.222,0.182,0.2016,0.034920481096342305
seq2seq_conv_re_add_0.4,0.238,0.155,0.22,0.208,0.158,0.166,0.234,0.247,0.211,0.186,0.2023,0.032376071410842915
transformer_conv_re_add_0.4,0.234,0.136,0.226,0.207,0.163,0.164,0.233,0.247,0.222,0.182,0.20139999999999997,0.03567688327194515
transformer_mean_conv_re_add_0.4,0.234,0.122,0.252,0.258,0.164,0.164,0.233,0.247,0.216,0.175,0.2065,0.04433565156846125
rico_conv_re_cat_0.4,0.234,0.133,0.217,0.226,0.164,0.164,0.234,0.247,0.236,0.182,0.2037,0.037483463020377396
seq2seq_conv_re_cat_0.4,0.234,0.133,0.253,0.259,0.164,0.164,0.234,0.247,0.236,0.182,0.21059999999999998,0.04288169772758536
transformer_conv_re_cat_0.4,0.234,0.133,0.229,0.226,0.164,0.164,0.234,0.247,0.237,0.182,0.205,0.03816018867877883
transformer_mean_conv_re_cat_0.4,0.234,0.133,0.229,0.226,0.164,0.164,0.234,0.247,0.237,0.182,0.205,0.03816018867877883
rico_conv_re_add_0.5,0.238,0.154,0.223,0.253,0.163,0.164,0.234,0.18,0.222,0.182,0.20129999999999998,0.034511012735067625
seq2seq_conv_re_add_0.5,0.233,0.155,0.22,0.208,0.16,0.164,0.232,0.237,0.143,0.196,0.1948,0.034440673628719866
transformer_conv_re_add_0.5,0.233,0.136,0.178,0.207,0.162,0.164,0.234,0.248,0.222,0.182,0.19659999999999997,0.035511125017380116
transformer_mean_conv_re_add_0.5,0.234,0.122,0.227,0.247,0.162,0.164,0.233,0.213,0.215,0.178,0.1995,0.03857784338192067
rico_conv_re_cat_0.5,0.234,0.133,0.217,0.226,0.164,0.164,0.234,0.247,0.236,0.182,0.2037,0.037483463020377396
seq2seq_conv_re_cat_0.5,0.234,0.133,0.253,0.213,0.164,0.164,0.234,0.235,0.236,0.243,0.2109,0.0394371652125251
transformer_conv_re_cat_0.5,0.234,0.133,0.229,0.226,0.164,0.164,0.234,0.247,0.237,0.243,0.21109999999999998,0.038865022835449355
transformer_mean_conv_re_cat_0.5,0.234,0.133,0.229,0.226,0.164,0.164,0.234,0.247,0.237,0.241,0.2109,0.03870516761364043
rico_conv_re_add_0.6,0.238,0.154,0.236,0.253,0.162,0.164,0.234,0.182,0.195,0.204,0.2022,0.034463894150255275
seq2seq_conv_re_add_0.6,0.231,0.155,0.232,0.205,0.187,0.164,0.232,0.165,0.143,0.197,0.1911,0.031960757187526084
transformer_conv_re_add_0.6,0.234,0.134,0.223,0.207,0.18,0.164,0.234,0.22,0.223,0.177,0.1996,0.03224655020308374
transformer_mean_conv_re_add_0.6,0.233,0.113,0.227,0.248,0.162,0.164,0.234,0.213,0.199,0.177,0.197,0.04024425424827748
rico_conv_re_cat_0.6,0.234,0.133,0.251,0.227,0.164,0.164,0.234,0.209,0.236,0.182,0.20339999999999997,0.03782644577540956
seq2seq_conv_re_cat_0.6,0.234,0.133,0.173,0.252,0.177,0.164,0.234,0.24,0.236,0.164,0.20070000000000002,0.04030645109656766
transformer_conv_re_cat_0.6,0.234,0.133,0.229,0.227,0.164,0.164,0.234,0.181,0.237,0.241,0.2044,0.03765687188283169
transformer_mean_conv_re_cat_0.6,0.234,0.133,0.229,0.227,0.164,0.164,0.234,0.209,0.237,0.241,0.2072,0.03684508108282569
rico_conv_re_add_0.7,0.238,0.154,0.226,0.253,0.166,0.164,0.234,0.192,0.194,0.204,0.20249999999999999,0.03272078849905668
seq2seq_conv_re_add_0.7,0.203,0.155,0.218,0.196,0.189,0.163,0.196,0.204,0.158,0.197,0.1879,0.020505852823035672
transformer_conv_re_add_0.7,0.229,0.134,0.246,0.207,0.18,0.164,0.196,0.223,0.219,0.182,0.198,0.03201249755954696
transformer_mean_conv_re_add_0.7,0.229,0.113,0.224,0.25,0.163,0.164,0.196,0.191,0.201,0.177,0.19080000000000003,0.03732505860678587
rico_conv_re_cat_0.7,0.234,0.133,0.227,0.212,0.164,0.164,0.234,0.181,0.236,0.182,0.19669999999999999,0.034839776118683656
seq2seq_conv_re_cat_0.7,0.237,0.133,0.238,0.254,0.177,0.164,0.233,0.218,0.236,0.162,0.2052,0.03990689163540553
transformer_conv_re_cat_0.7,0.234,0.133,0.252,0.213,0.164,0.164,0.234,0.181,0.236,0.241,0.2052,0.039158140916034305
transformer_mean_conv_re_cat_0.7,0.234,0.133,0.229,0.213,0.164,0.164,0.234,0.181,0.237,0.241,0.203,0.03704591745388417
rico_conv_re_add_0.8,0.237,0.154,0.229,0.187,0.162,0.163,0.234,0.159,0.215,0.179,0.19190000000000002,0.03186675383530616
seq2seq_conv_re_add_0.8,0.232,0.152,0.241,0.235,0.241,0.163,0.196,0.216,0.204,0.193,0.20729999999999998,0.030146475747589465
transformer_conv_re_add_0.8,0.261,0.169,0.214,0.199,0.201,0.154,0.199,0.223,0.21,0.159,0.19890000000000002,0.03048753843786015
transformer_mean_conv_re_add_0.8,0.23,0.169,0.253,0.2,0.186,0.164,0.21,0.196,0.218,0.175,0.2001,0.02688289418942834
rico_conv_re_cat_0.8,0.234,0.133,0.243,0.254,0.226,0.164,0.233,0.216,0.236,0.162,0.2101,0.039302544446893004
seq2seq_conv_re_cat_0.8,0.251,0.148,0.21,0.239,0.229,0.164,0.233,0.221,0.202,0.238,0.21349999999999997,0.0319663885980259
transformer_conv_re_cat_0.8,0.234,0.133,0.173,0.252,0.227,0.164,0.233,0.213,0.211,0.162,0.20020000000000002,0.03731702024545904
transformer_mean_conv_re_cat_0.8,0.234,0.133,0.253,0.252,0.226,0.164,0.234,0.217,0.22,0.162,0.20950000000000002,0.03939098881724093
rico_conv_re_add_0.9,0.218,0.146,0.222,0.214,0.174,0.176,0.202,0.219,0.211,0.227,0.2009,0.025256484315913808
seq2seq_conv_re_add_0.9,0.234,0.163,0.238,0.173,0.174,0.168,0.184,0.215,0.175,0.172,0.1896,0.026844738776900027
transformer_conv_re_add_0.9,0.22,0.125,0.241,0.197,0.211,0.159,0.216,0.23,0.206,0.202,0.20069999999999996,0.032723233336576014
transformer_mean_conv_re_add_0.9,0.231,0.123,0.212,0.231,0.215,0.166,0.218,0.231,0.152,0.182,0.1961,0.03624486170479893
rico_conv_re_cat_0.9,0.237,0.141,0.234,0.238,0.151,0.164,0.233,0.216,0.208,0.184,0.20059999999999997,0.03578882507152198
seq2seq_conv_re_cat_0.9,0.221,0.139,0.23,0.173,0.194,0.159,0.195,0.236,0.184,0.182,0.19129999999999997,0.029414452230153803
transformer_conv_re_cat_0.9,0.233,0.134,0.213,0.251,0.213,0.164,0.196,0.231,0.154,0.208,0.1997,0.03582750340171639
transformer_mean_conv_re_cat_0.9,0.233,0.172,0.251,0.219,0.179,0.164,0.196,0.226,0.202,0.242,0.20839999999999997,0.028855502074994297
