name,0,1,2,3,4,5,6,7,8,9,Mean,Std
rico_23,0.259,,,,,,,,,,0.259,0.0
seq2seq_23,0.291,0.278,0.279,0.307,0.284,0.256,0.277,0.251,0.301,0.298,0.2822,0.017359723500102175
transformer_23,0.259,0.292,0.312,0.305,0.285,0.302,0.251,0.294,0.341,0.282,0.2923,0.024478766308782807
transformer_mean_23,0.282,0.303,0.342,0.323,0.347,0.315,0.317,0.284,0.333,0.302,0.3148,0.021231109250343008
conv_se_23,0.362,0.343,0.335,0.254,0.307,0.335,0.332,0.287,0.349,0.325,0.3229,0.030467851909840974
conv_re_23,0.212,0.108,0.155,0.191,0.193,0.126,0.171,0.174,0.175,0.206,0.17109999999999997,0.031725226555534634
rico_23_seq2seq_23_add,0.376,0.319,0.347,0.303,0.32,0.346,0.33,0.307,0.326,0.354,0.33280000000000004,0.021572204337990123
rico_23_transformer_23_add,0.313,0.314,0.349,0.296,0.345,0.308,0.343,0.311,0.348,0.271,0.3198,0.02462843884617942
rico_23_transformer_mean_23_add,0.312,0.313,0.319,0.319,0.356,0.346,0.339,0.334,0.313,0.361,0.33120000000000005,0.017662389419328284
conv_re_23_conv_se_23_add,0.251,0.221,0.287,0.276,0.245,0.199,0.242,0.345,0.244,0.243,0.25529999999999997,0.03795536852673149
rico_23_seq2seq_23_cat,0.313,0.36,0.339,0.32,0.31,0.287,0.334,0.233,0.333,0.343,0.31720000000000004,0.03403468818720101
rico_23_transformer_23_cat,0.383,0.336,0.327,0.337,0.352,0.326,0.334,0.285,0.347,0.295,0.3322,0.02628611800932196
rico_23_transformer_mean_23_cat,0.34,0.301,0.325,0.371,0.377,0.298,0.363,0.33,0.38,0.36,0.3445,0.0287515216988597
conv_re_23_conv_se_23_cat,0.275,0.213,0.26,0.305,0.214,0.185,0.267,0.302,0.237,0.215,0.2473,0.038670531416053755
rico_23_conv_se_23_add,0.334,0.333,0.321,0.258,0.347,0.338,0.377,0.309,0.326,0.348,0.3291,0.029368180059377188
seq2seq_23_conv_se_23_add,0.346,0.361,0.339,0.246,0.335,0.355,0.336,0.314,0.32,0.374,0.3326,0.033562479050272785
transformer_23_conv_se_23_add,0.338,0.348,0.323,0.257,0.309,0.348,0.365,0.329,0.319,0.361,0.32970000000000005,0.029728942127159513
transformer_mean_23_conv_se_23_add,0.346,0.347,0.323,0.258,0.274,0.348,0.365,0.329,0.316,0.361,0.32670000000000005,0.03392948570196724
rico_23_conv_se_23_cat,0.326,0.345,0.326,0.266,0.273,0.338,0.336,0.309,0.316,0.36,0.3195,0.028524550829066523
seq2seq_23_conv_se_23_cat,0.326,0.346,0.326,0.266,0.273,0.338,0.336,0.309,0.316,0.36,0.3196,0.02861538047973501
transformer_23_conv_se_23_cat,0.326,0.345,0.326,0.266,0.273,0.338,0.336,0.309,0.316,0.36,0.3195,0.028524550829066523
transformer_mean_23_conv_se_23_cat,0.326,0.345,0.326,0.266,0.273,0.338,0.336,0.309,0.316,0.36,0.3195,0.028524550829066523
rico_23_conv_re_23_add,0.221,0.151,0.172,0.178,0.188,0.187,0.155,0.189,0.162,0.175,0.1778,0.019260321908005588
seq2seq_23_conv_re_23_add,0.216,0.148,0.188,0.214,0.181,0.18,0.155,0.187,0.158,0.171,0.17980000000000002,0.021862296311229525
transformer_23_conv_re_23_add,0.226,0.151,0.189,0.176,0.186,0.19,0.155,0.203,0.173,0.171,0.182,0.021057065322594222
transformer_mean_23_conv_re_23_add,0.226,0.151,0.202,0.178,0.129,0.187,0.155,0.199,0.173,0.17,0.177,0.02672077843177478
rico_23_conv_re_23_cat,0.226,0.151,0.188,0.178,0.129,0.187,0.155,0.199,0.168,0.111,0.1692,0.032248410813557934
seq2seq_23_conv_re_23_cat,0.226,0.151,0.172,0.178,0.182,0.187,0.155,0.199,0.168,0.111,0.1729,0.02909450119868014
transformer_23_conv_re_23_cat,0.226,0.151,0.188,0.178,0.129,0.187,0.155,0.199,0.168,0.111,0.1692,0.032248410813557934
transformer_mean_23_conv_re_23_cat,0.226,0.151,0.188,0.178,0.174,0.187,0.155,0.199,0.168,0.111,0.1737,0.029332746206245333
rico_23_seq2seq_23_add_0.1,0.294,0.261,0.272,0.271,0.277,0.259,0.288,0.278,0.308,0.325,0.2833,0.01979924240974891
rico_23_transformer_23_add_0.1,0.301,0.338,0.312,0.292,0.31,0.321,0.309,0.276,0.34,0.287,0.30860000000000004,0.019698730923589983
rico_23_transformer_mean_23_add_0.1,0.325,0.298,0.347,0.336,0.363,0.355,0.324,0.298,0.324,0.318,0.3288,0.020769207977195468
conv_re_23_conv_se_23_add_0.1,0.323,0.335,0.314,0.291,0.303,0.369,0.334,0.354,0.372,0.341,0.3336,0.025393700006103876
rico_23_seq2seq_23_add_0.2,0.267,0.26,0.287,0.285,0.264,0.264,0.272,0.268,0.324,0.32,0.28109999999999996,0.02210633393396562
rico_23_transformer_23_add_0.2,0.281,0.323,0.361,0.336,0.308,0.302,0.271,0.331,0.329,0.302,0.31440000000000007,0.02558984173456334
rico_23_transformer_mean_23_add_0.2,0.345,0.353,0.329,0.315,0.366,0.346,0.32,0.335,0.333,0.35,0.3392,0.014898322053170944
conv_re_23_conv_se_23_add_0.2,0.325,0.269,0.324,0.25,0.277,0.263,0.308,0.305,0.353,0.345,0.3019,0.033833267651824574
rico_23_seq2seq_23_add_0.3,0.271,0.264,0.273,0.288,0.255,0.282,0.284,0.259,0.301,0.296,0.2773,0.014697278659670288
rico_23_transformer_23_add_0.3,0.298,0.344,0.361,0.352,0.317,0.325,0.346,0.339,0.366,0.312,0.33599999999999997,0.021109239683134013
rico_23_transformer_mean_23_add_0.3,0.329,0.323,0.373,0.321,0.334,0.335,0.317,0.337,0.333,0.334,0.33360000000000006,0.014609585894199736
conv_re_23_conv_se_23_add_0.3,0.346,0.253,0.307,0.273,0.246,0.244,0.289,0.321,0.291,0.336,0.29059999999999997,0.034943382778431745
rico_23_seq2seq_23_add_0.4,0.321,0.263,0.317,0.279,0.274,0.265,0.297,0.263,0.312,0.32,0.2911,0.023602754076590293
rico_23_transformer_23_add_0.4,0.319,0.309,0.331,0.33,0.313,0.347,0.327,0.347,0.339,0.332,0.3294,0.012330450113438677
rico_23_transformer_mean_23_add_0.4,0.37,0.36,0.359,0.386,0.351,0.347,0.322,0.358,0.326,0.334,0.35130000000000006,0.018841709051994192
conv_re_23_conv_se_23_add_0.4,0.252,0.237,0.291,0.272,0.269,0.212,0.262,0.349,0.231,0.275,0.265,0.035810612952028614
rico_23_seq2seq_23_add_0.5,0.376,0.319,0.347,0.303,0.32,0.346,0.33,0.307,0.326,0.354,0.33280000000000004,0.021572204337990123
rico_23_transformer_23_add_0.5,0.313,0.314,0.349,0.296,0.345,0.308,0.343,0.311,0.348,0.271,0.3198,0.02462843884617942
rico_23_transformer_mean_23_add_0.5,0.312,0.313,0.319,0.319,0.356,0.346,0.339,0.334,0.313,0.361,0.33120000000000005,0.017662389419328284
conv_re_23_conv_se_23_add_0.5,0.251,0.221,0.287,0.276,0.245,0.199,0.242,0.345,0.244,0.243,0.25529999999999997,0.03795536852673149
rico_23_seq2seq_23_add_0.6,0.378,0.291,0.416,0.321,0.324,0.291,0.372,0.292,0.303,0.368,0.33559999999999995,0.04233957959167758
rico_23_transformer_23_add_0.6,0.359,0.318,0.306,0.298,0.321,0.319,0.316,0.309,0.379,0.362,0.32870000000000005,0.026138286095304716
rico_23_transformer_mean_23_add_0.6,0.311,0.294,0.305,0.349,0.317,0.316,0.33,0.289,0.326,0.372,0.3209,0.023750578940312173
conv_re_23_conv_se_23_add_0.6,0.227,0.191,0.3,0.241,0.222,0.187,0.197,0.256,0.208,0.202,0.22310000000000002,0.0331977408869941
rico_23_seq2seq_23_add_0.7,0.372,0.292,0.329,0.336,0.317,0.314,0.318,0.371,0.385,0.398,0.3432,0.03376625534464846
rico_23_transformer_23_add_0.7,0.372,0.315,0.291,0.282,0.306,0.334,0.281,0.299,0.324,0.285,0.3089,0.02716044918627084
rico_23_transformer_mean_23_add_0.7,0.331,0.326,0.26,0.314,0.267,0.297,0.302,0.321,0.326,0.303,0.3047,0.023324021951627468
conv_re_23_conv_se_23_add_0.7,0.236,0.201,0.26,0.255,0.199,0.175,0.167,0.257,0.182,0.209,0.2141,0.03361978584107876
rico_23_seq2seq_23_add_0.8,0.304,0.326,0.341,0.295,0.333,0.302,0.29,0.326,0.302,0.273,0.30920000000000003,0.020380382724571204
rico_23_transformer_23_add_0.8,0.278,0.268,0.286,0.277,0.272,0.271,0.286,0.295,0.228,0.286,0.27470000000000006,0.01748742405273
rico_23_transformer_mean_23_add_0.8,0.311,0.227,0.298,0.198,0.281,0.233,0.259,0.224,0.284,0.263,0.2578,0.03461444785057245
conv_re_23_conv_se_23_add_0.8,0.222,0.14,0.244,0.226,0.171,0.159,0.118,0.233,0.211,0.184,0.1908,0.0406959457440173
rico_23_seq2seq_23_add_0.9,0.285,0.315,0.217,0.237,0.281,0.268,0.262,0.228,0.266,0.274,0.2633,0.02772020923441957
rico_23_transformer_23_add_0.9,0.275,0.242,0.293,0.198,0.245,0.234,0.246,0.209,0.204,0.258,0.24040000000000003,0.02911769221624544
rico_23_transformer_mean_23_add_0.9,0.199,0.234,0.254,0.222,0.214,0.294,0.229,0.191,0.249,0.233,0.23190000000000005,0.02797302271832631
conv_re_23_conv_se_23_add_0.9,0.219,0.156,0.186,0.205,0.15,0.178,0.11,0.212,0.162,0.12,0.1698,0.035312320796005464
rico_23_seq2seq_23_cat_0.1,0.295,0.258,0.244,0.276,0.269,0.264,0.278,0.221,0.275,0.286,0.2666,0.020367621363330573
rico_23_transformer_23_cat_0.1,0.312,0.316,0.333,0.31,0.304,0.314,0.291,0.292,0.324,0.267,0.30629999999999996,0.017927911200137068
rico_23_transformer_mean_23_cat_0.1,0.31,0.316,0.31,0.333,0.328,0.332,0.306,0.303,0.316,0.286,0.31399999999999995,0.013747727084867531
conv_re_23_conv_se_23_cat_0.1,0.337,0.358,0.322,0.227,0.324,0.361,0.34,0.271,0.357,0.361,0.3258,0.04194949344151845
rico_23_seq2seq_23_cat_0.2,0.258,0.272,0.273,0.3,0.263,0.258,0.27,0.233,0.31,0.292,0.27290000000000003,0.021491626276296534
rico_23_transformer_23_cat_0.2,0.347,0.333,0.29,0.304,0.308,0.298,0.322,0.292,0.344,0.307,0.31449999999999995,0.019780040444852483
rico_23_transformer_mean_23_cat_0.2,0.323,0.339,0.346,0.349,0.337,0.344,0.315,0.347,0.334,0.324,0.3358,0.011052601503718468
conv_re_23_conv_se_23_cat_0.2,0.362,0.306,0.353,0.251,0.262,0.322,0.316,0.31,0.324,0.325,0.3131,0.03295284509719911
rico_23_seq2seq_23_cat_0.3,0.309,0.27,0.274,0.304,0.283,0.29,0.291,0.261,0.317,0.324,0.2923,0.019839606850943388
rico_23_transformer_23_cat_0.3,0.344,0.351,0.346,0.327,0.298,0.305,0.317,0.319,0.356,0.287,0.32499999999999996,0.022618576436195092
rico_23_transformer_mean_23_cat_0.3,0.356,0.349,0.407,0.341,0.378,0.339,0.343,0.334,0.372,0.369,0.3588,0.021558293067866004
conv_re_23_conv_se_23_cat_0.3,0.323,0.255,0.302,0.293,0.295,0.236,0.325,0.34,0.287,0.32,0.2976,0.030764264983906255
rico_23_seq2seq_23_cat_0.4,0.298,0.327,0.307,0.321,0.312,0.264,0.282,0.284,0.283,0.335,0.30129999999999996,0.021771770713472076
rico_23_transformer_23_cat_0.4,0.334,0.359,0.341,0.335,0.306,0.32,0.337,0.322,0.379,0.35,0.33830000000000005,0.019758795509848263
rico_23_transformer_mean_23_cat_0.4,0.318,0.321,0.368,0.351,0.374,0.333,0.358,0.373,0.362,0.387,0.35450000000000004,0.022267689597261768
conv_re_23_conv_se_23_cat_0.4,0.27,0.235,0.315,0.232,0.227,0.193,0.293,0.302,0.253,0.272,0.25920000000000004,0.036265134771568126
rico_23_seq2seq_23_cat_0.5,0.313,0.36,0.339,0.32,0.31,0.287,0.334,0.233,0.333,0.343,0.31720000000000004,0.03403468818720101
rico_23_transformer_23_cat_0.5,0.383,0.336,0.327,0.337,0.352,0.326,0.334,0.285,0.347,0.295,0.3322,0.02628611800932196
rico_23_transformer_mean_23_cat_0.5,0.34,0.301,0.325,0.371,0.377,0.298,0.363,0.33,0.38,0.36,0.3445,0.0287515216988597
conv_re_23_conv_se_23_cat_0.5,0.275,0.213,0.26,0.305,0.214,0.185,0.267,0.302,0.237,0.215,0.2473,0.038670531416053755
rico_23_seq2seq_23_cat_0.6,0.372,0.325,0.371,0.326,0.317,0.344,0.329,0.31,0.369,0.346,0.3409000000000001,0.02200204535946601
rico_23_transformer_23_cat_0.6,0.313,0.347,0.343,0.322,0.351,0.35,0.316,0.298,0.312,0.326,0.3278,0.017786511743453234
rico_23_transformer_mean_23_cat_0.6,0.298,0.322,0.331,0.333,0.296,0.317,0.323,0.312,0.325,0.357,0.3214,0.016764247671756705
conv_re_23_conv_se_23_cat_0.6,0.237,0.187,0.286,0.246,0.187,0.192,0.231,0.258,0.24,0.213,0.2277,0.031151404462720453
rico_23_seq2seq_23_cat_0.7,0.296,0.37,0.373,0.386,0.368,0.355,0.36,0.327,0.34,0.332,0.3506999999999999,0.025569708641280994
rico_23_transformer_23_cat_0.7,0.326,0.286,0.263,0.281,0.308,0.286,0.305,0.319,0.327,0.295,0.2996,0.020000999975001252
rico_23_transformer_mean_23_cat_0.7,0.251,0.314,0.274,0.266,0.343,0.292,0.317,0.334,0.348,0.311,0.305,0.031562636138320256
conv_re_23_conv_se_23_cat_0.7,0.199,0.167,0.245,0.241,0.202,0.194,0.21,0.246,0.232,0.212,0.21480000000000002,0.024555243839147676
rico_23_seq2seq_23_cat_0.8,0.348,0.302,0.322,0.318,0.326,0.291,0.285,0.288,0.319,0.34,0.31389999999999996,0.020666155907667016
rico_23_transformer_23_cat_0.8,0.301,0.307,0.297,0.231,0.256,0.271,0.273,0.244,0.282,0.244,0.27060000000000006,0.02505673562138531
rico_23_transformer_mean_23_cat_0.8,0.318,0.287,0.278,0.234,0.308,0.271,0.198,0.263,0.297,0.33,0.27840000000000004,0.037754999668918016
conv_re_23_conv_se_23_cat_0.8,0.215,0.134,0.243,0.2,0.207,0.184,0.161,0.25,0.184,0.2,0.1978,0.033111327366929885
rico_23_seq2seq_23_cat_0.9,0.277,0.235,0.227,0.266,0.277,0.294,0.249,0.263,0.237,0.251,0.2576,0.020411761315476923
rico_23_transformer_23_cat_0.9,0.276,0.209,0.274,0.191,0.197,0.203,0.204,0.258,0.247,0.246,0.2305,0.031360006377550376
rico_23_transformer_mean_23_cat_0.9,0.237,0.238,0.253,0.187,0.265,0.202,0.209,0.235,0.246,0.223,0.22949999999999998,0.022953213282675695
conv_re_23_conv_se_23_cat_0.9,0.226,0.157,0.195,0.201,0.208,0.187,0.159,0.224,0.161,0.151,0.1869,0.026920066864701508
rico_23_conv_se_23_add_0.1,0.326,0.345,0.326,0.266,0.332,0.338,0.336,0.309,0.316,0.36,0.3254,0.024046621384302615
seq2seq_23_conv_se_23_add_0.1,0.326,0.345,0.319,0.266,0.332,0.338,0.331,0.328,0.316,0.36,0.32609999999999995,0.02339850422569784
transformer_23_conv_se_23_add_0.1,0.326,0.345,0.323,0.254,0.273,0.338,0.336,0.328,0.316,0.361,0.31999999999999995,0.0309451126997463
transformer_mean_23_conv_se_23_add_0.1,0.326,0.345,0.326,0.266,0.273,0.338,0.336,0.328,0.316,0.36,0.32139999999999996,0.028394365638274074
rico_23_conv_se_23_cat_0.1,0.326,0.345,0.326,0.266,0.273,0.338,0.336,0.309,0.316,0.36,0.3195,0.028524550829066523
seq2seq_23_conv_se_23_cat_0.1,0.326,0.345,0.326,0.266,0.273,0.338,0.336,0.309,0.316,0.36,0.3195,0.028524550829066523
transformer_23_conv_se_23_cat_0.1,0.326,0.345,0.326,0.266,0.273,0.338,0.336,0.309,0.316,0.36,0.3195,0.028524550829066523
transformer_mean_23_conv_se_23_cat_0.1,0.326,0.345,0.326,0.266,0.273,0.338,0.336,0.309,0.316,0.36,0.3195,0.028524550829066523
rico_23_conv_se_23_add_0.2,0.326,0.345,0.326,0.254,0.333,0.338,0.336,0.309,0.316,0.36,0.3243,0.027118443908159626
seq2seq_23_conv_se_23_add_0.2,0.296,0.345,0.319,0.257,0.332,0.336,0.331,0.328,0.316,0.369,0.3229,0.028440991543896635
transformer_23_conv_se_23_add_0.2,0.326,0.345,0.323,0.257,0.274,0.338,0.331,0.328,0.316,0.361,0.31989999999999996,0.029934762400927784
transformer_mean_23_conv_se_23_add_0.2,0.326,0.345,0.326,0.266,0.273,0.338,0.336,0.329,0.316,0.361,0.3216,0.028555910071296965
rico_23_conv_se_23_cat_0.2,0.326,0.345,0.326,0.266,0.273,0.338,0.336,0.309,0.316,0.36,0.3195,0.028524550829066523
seq2seq_23_conv_se_23_cat_0.2,0.326,0.345,0.326,0.266,0.273,0.338,0.336,0.309,0.316,0.36,0.3195,0.028524550829066523
transformer_23_conv_se_23_cat_0.2,0.326,0.345,0.326,0.266,0.273,0.338,0.336,0.309,0.316,0.36,0.3195,0.028524550829066523
transformer_mean_23_conv_se_23_cat_0.2,0.326,0.345,0.326,0.266,0.273,0.338,0.336,0.309,0.316,0.36,0.3195,0.028524550829066523
rico_23_conv_se_23_add_0.3,0.326,0.345,0.326,0.254,0.333,0.338,0.331,0.309,0.316,0.369,0.3247,0.028256149773102486
seq2seq_23_conv_se_23_add_0.3,0.299,0.345,0.319,0.257,0.3,0.328,0.336,0.328,0.316,0.36,0.3187999999999999,0.027242613677839356
transformer_23_conv_se_23_add_0.3,0.326,0.348,0.323,0.257,0.274,0.338,0.334,0.329,0.316,0.361,0.32060000000000005,0.030345345606863663
transformer_mean_23_conv_se_23_add_0.3,0.346,0.345,0.323,0.254,0.273,0.338,0.331,0.329,0.316,0.361,0.3216,0.03173704460090762
rico_23_conv_se_23_cat_0.3,0.326,0.345,0.326,0.266,0.273,0.338,0.336,0.309,0.316,0.36,0.3195,0.028524550829066523
seq2seq_23_conv_se_23_cat_0.3,0.326,0.345,0.326,0.266,0.273,0.338,0.336,0.309,0.316,0.36,0.3195,0.028524550829066523
transformer_23_conv_se_23_cat_0.3,0.326,0.345,0.326,0.266,0.273,0.338,0.336,0.309,0.316,0.36,0.3195,0.028524550829066523
transformer_mean_23_conv_se_23_cat_0.3,0.326,0.345,0.326,0.266,0.273,0.338,0.336,0.309,0.316,0.36,0.3195,0.028524550829066523
rico_23_conv_se_23_add_0.4,0.334,0.333,0.319,0.258,0.347,0.338,0.343,0.309,0.316,0.369,0.3266,0.02809697492613751
seq2seq_23_conv_se_23_add_0.4,0.299,0.346,0.339,0.257,0.334,0.355,0.336,0.328,0.32,0.361,0.32749999999999996,0.02882099928871308
transformer_23_conv_se_23_add_0.4,0.326,0.348,0.323,0.257,0.274,0.348,0.339,0.329,0.319,0.361,0.3224,0.031248039938530536
transformer_mean_23_conv_se_23_add_0.4,0.346,0.347,0.323,0.254,0.273,0.348,0.339,0.329,0.316,0.361,0.3236,0.03282133452497018
rico_23_conv_se_23_cat_0.4,0.326,0.345,0.326,0.266,0.273,0.338,0.336,0.309,0.316,0.36,0.3195,0.028524550829066523
seq2seq_23_conv_se_23_cat_0.4,0.326,0.345,0.326,0.266,0.273,0.338,0.336,0.309,0.316,0.36,0.3195,0.028524550829066523
transformer_23_conv_se_23_cat_0.4,0.326,0.345,0.326,0.266,0.273,0.338,0.336,0.309,0.316,0.36,0.3195,0.028524550829066523
transformer_mean_23_conv_se_23_cat_0.4,0.326,0.345,0.326,0.266,0.273,0.338,0.336,0.309,0.316,0.36,0.3195,0.028524550829066523
rico_23_conv_se_23_add_0.5,0.334,0.333,0.321,0.258,0.347,0.338,0.377,0.309,0.326,0.348,0.3291,0.029368180059377188
seq2seq_23_conv_se_23_add_0.5,0.346,0.361,0.339,0.246,0.335,0.355,0.336,0.314,0.32,0.374,0.3326,0.033562479050272785
transformer_23_conv_se_23_add_0.5,0.338,0.348,0.323,0.257,0.309,0.348,0.365,0.329,0.319,0.361,0.32970000000000005,0.029728942127159513
transformer_mean_23_conv_se_23_add_0.5,0.346,0.347,0.323,0.258,0.274,0.348,0.365,0.329,0.316,0.361,0.32670000000000005,0.03392948570196724
rico_23_conv_se_23_cat_0.5,0.326,0.345,0.326,0.266,0.273,0.338,0.336,0.309,0.316,0.36,0.3195,0.028524550829066523
seq2seq_23_conv_se_23_cat_0.5,0.326,0.346,0.326,0.266,0.273,0.338,0.336,0.309,0.316,0.36,0.3196,0.02861538047973501
transformer_23_conv_se_23_cat_0.5,0.326,0.345,0.326,0.266,0.273,0.338,0.336,0.309,0.316,0.36,0.3195,0.028524550829066523
transformer_mean_23_conv_se_23_cat_0.5,0.326,0.345,0.326,0.266,0.273,0.338,0.336,0.309,0.316,0.36,0.3195,0.028524550829066523
rico_23_conv_se_23_add_0.6,0.328,0.333,0.303,0.243,0.347,0.338,0.376,0.335,0.326,0.31,0.32389999999999997,0.03293766840564159
seq2seq_23_conv_se_23_add_0.6,0.367,0.329,0.317,0.25,0.336,0.341,0.353,0.308,0.326,0.363,0.329,0.03194370047442844
transformer_23_conv_se_23_add_0.6,0.327,0.342,0.345,0.258,0.309,0.349,0.365,0.272,0.319,0.361,0.3247,0.03428425294504752
transformer_mean_23_conv_se_23_add_0.6,0.326,0.346,0.34,0.274,0.31,0.347,0.365,0.329,0.319,0.361,0.3317,0.025448182646310907
rico_23_conv_se_23_cat_0.6,0.326,0.345,0.326,0.266,0.273,0.338,0.336,0.309,0.316,0.36,0.3195,0.028524550829066523
seq2seq_23_conv_se_23_cat_0.6,0.326,0.346,0.319,0.25,0.332,0.348,0.37,0.309,0.314,0.361,0.3275,0.03211930883440676
transformer_23_conv_se_23_cat_0.6,0.326,0.345,0.326,0.266,0.273,0.338,0.336,0.309,0.316,0.361,0.3196,0.028667751917442003
transformer_mean_23_conv_se_23_cat_0.6,0.326,0.345,0.326,0.266,0.273,0.338,0.336,0.309,0.316,0.36,0.3195,0.028524550829066523
rico_23_conv_se_23_add_0.7,0.355,0.363,0.303,0.242,0.349,0.339,0.344,0.272,0.324,0.311,0.3202,0.03691287038418984
seq2seq_23_conv_se_23_add_0.7,0.307,0.352,0.318,0.25,0.309,0.35,0.352,0.309,0.325,0.32,0.31920000000000004,0.02877776919776791
transformer_23_conv_se_23_add_0.7,0.327,0.342,0.373,0.258,0.309,0.348,0.365,0.272,0.32,0.376,0.329,0.03840052082980125
transformer_mean_23_conv_se_23_add_0.7,0.327,0.343,0.339,0.273,0.311,0.346,0.365,0.329,0.319,0.361,0.33130000000000004,0.025330021713374028
rico_23_conv_se_23_cat_0.7,0.326,0.346,0.323,0.266,0.32,0.346,0.336,0.309,0.316,0.36,0.3248,0.024648732218919486
seq2seq_23_conv_se_23_cat_0.7,0.326,0.344,0.319,0.249,0.332,0.348,0.354,0.309,0.314,0.364,0.3259,0.030794317657645863
transformer_23_conv_se_23_cat_0.7,0.326,0.336,0.326,0.266,0.274,0.348,0.331,0.309,0.314,0.376,0.3206,0.030910192493739014
transformer_mean_23_conv_se_23_cat_0.7,0.326,0.345,0.326,0.266,0.274,0.338,0.331,0.309,0.314,0.376,0.32050000000000006,0.030764427509706718
rico_23_conv_se_23_add_0.8,0.326,0.355,0.303,0.243,0.311,0.354,0.364,0.272,0.311,0.39,0.32289999999999996,0.04225269222191646
seq2seq_23_conv_se_23_add_0.8,0.359,0.354,0.352,0.277,0.325,0.326,0.379,0.272,0.357,0.356,0.3357,0.03405304685340211
transformer_23_conv_se_23_add_0.8,0.328,0.327,0.346,0.289,0.362,0.353,0.336,0.265,0.299,0.372,0.3277,0.032304953180588264
transformer_mean_23_conv_se_23_add_0.8,0.327,0.337,0.308,0.256,0.311,0.362,0.343,0.315,0.32,0.361,0.32399999999999995,0.029151329300736866
rico_23_conv_se_23_cat_0.8,0.326,0.346,0.323,0.249,0.324,0.346,0.336,0.309,0.314,0.327,0.31999999999999995,0.026298288917722384
seq2seq_23_conv_se_23_cat_0.8,0.368,0.326,0.365,0.25,0.333,0.348,0.356,0.272,0.314,0.372,0.3303999999999999,0.039340055922685205
transformer_23_conv_se_23_cat_0.8,0.326,0.338,0.326,0.249,0.326,0.348,0.335,0.272,0.314,0.377,0.32109999999999994,0.03472592691347489
transformer_mean_23_conv_se_23_cat_0.8,0.326,0.338,0.326,0.266,0.332,0.348,0.348,0.309,0.314,0.376,0.3283,0.02761901518881511
rico_23_conv_se_23_add_0.9,0.339,0.327,0.308,0.244,0.341,0.362,0.364,0.317,0.353,0.361,0.3316,0.03450275351330673
seq2seq_23_conv_se_23_add_0.9,0.334,0.342,0.321,0.26,0.335,0.358,0.341,0.334,0.353,0.342,0.3320000000000001,0.02592296279363144
transformer_23_conv_se_23_add_0.9,0.337,0.367,0.343,0.272,0.359,0.357,0.34,0.31,0.321,0.377,0.3383,0.02936341260821023
transformer_mean_23_conv_se_23_add_0.9,0.342,0.317,0.329,0.227,0.3,0.308,0.358,0.288,0.312,0.36,0.31409999999999993,0.036811547101419144
rico_23_conv_se_23_cat_0.9,0.347,0.336,0.313,0.275,0.331,0.359,0.36,0.272,0.317,0.376,0.3286,0.03318192278937433
seq2seq_23_conv_se_23_cat_0.9,0.323,0.361,0.348,0.284,0.358,0.344,0.371,0.365,0.331,0.343,0.34279999999999994,0.02422312944274542
transformer_23_conv_se_23_cat_0.9,0.314,0.315,0.299,0.25,0.283,0.343,0.351,0.272,0.298,0.362,0.3087,0.03396483475596488
transformer_mean_23_conv_se_23_cat_0.9,0.327,0.356,0.366,0.266,0.317,0.348,0.36,0.314,0.346,0.366,0.3366,0.029736173257499013
rico_23_conv_re_23_add_0.1,0.226,0.151,0.188,0.178,0.129,0.187,0.155,0.199,0.16,0.111,0.1684,0.03236726741632664
seq2seq_23_conv_re_23_add_0.1,0.226,0.151,0.188,0.178,0.127,0.187,0.155,0.199,0.159,0.172,0.1742,0.026528475267153975
transformer_23_conv_re_23_add_0.1,0.226,0.151,0.189,0.178,0.129,0.187,0.155,0.199,0.157,0.111,0.16820000000000002,0.03252014760114105
transformer_mean_23_conv_re_23_add_0.1,0.226,0.151,0.189,0.178,0.129,0.187,0.155,0.199,0.172,0.172,0.1758,0.025748009631814263
rico_23_conv_re_23_cat_0.1,0.226,0.151,0.188,0.178,0.174,0.187,0.155,0.199,0.168,0.111,0.1737,0.029332746206245333
seq2seq_23_conv_re_23_cat_0.1,0.226,0.151,0.188,0.178,0.174,0.187,0.155,0.199,0.168,0.111,0.1737,0.029332746206245333
transformer_23_conv_re_23_cat_0.1,0.226,0.151,0.188,0.178,0.174,0.187,0.155,0.199,0.169,0.111,0.1738,0.0293148426569204
transformer_mean_23_conv_re_23_cat_0.1,0.226,0.151,0.188,0.178,0.174,0.187,0.155,0.199,0.169,0.111,0.1738,0.0293148426569204
rico_23_conv_re_23_add_0.2,0.226,0.151,0.188,0.178,0.129,0.187,0.155,0.199,0.158,0.111,0.1682,0.03242468195680569
seq2seq_23_conv_re_23_add_0.2,0.226,0.151,0.188,0.178,0.182,0.18,0.155,0.199,0.159,0.172,0.179,0.021236760581595307
transformer_23_conv_re_23_add_0.2,0.226,0.151,0.189,0.178,0.129,0.187,0.155,0.199,0.166,0.172,0.1752,0.02589903473104741
transformer_mean_23_conv_re_23_add_0.2,0.226,0.151,0.189,0.178,0.129,0.187,0.155,0.199,0.187,0.172,0.1773,0.02591929782999532
rico_23_conv_re_23_cat_0.2,0.226,0.151,0.188,0.178,0.174,0.187,0.155,0.199,0.168,0.111,0.1737,0.029332746206245333
seq2seq_23_conv_re_23_cat_0.2,0.226,0.151,0.188,0.178,0.174,0.187,0.155,0.199,0.168,0.111,0.1737,0.029332746206245333
transformer_23_conv_re_23_cat_0.2,0.226,0.151,0.188,0.178,0.174,0.187,0.155,0.199,0.168,0.111,0.1737,0.029332746206245333
transformer_mean_23_conv_re_23_cat_0.2,0.226,0.151,0.188,0.178,0.174,0.187,0.155,0.199,0.169,0.111,0.1738,0.0293148426569204
rico_23_conv_re_23_add_0.3,0.226,0.151,0.188,0.178,0.129,0.187,0.155,0.199,0.156,0.111,0.16799999999999998,0.032493076185550675
seq2seq_23_conv_re_23_add_0.3,0.226,0.148,0.188,0.19,0.182,0.18,0.155,0.199,0.158,0.172,0.1798,0.02200363606316011
transformer_23_conv_re_23_add_0.3,0.226,0.151,0.189,0.178,0.129,0.187,0.155,0.187,0.165,0.17,0.17370000000000002,0.025088044961694405
transformer_mean_23_conv_re_23_add_0.3,0.226,0.151,0.189,0.178,0.129,0.187,0.155,0.199,0.164,0.172,0.175,0.025976912826585073
rico_23_conv_re_23_cat_0.3,0.226,0.151,0.188,0.178,0.174,0.187,0.155,0.199,0.168,0.111,0.1737,0.029332746206245333
seq2seq_23_conv_re_23_cat_0.3,0.226,0.151,0.188,0.178,0.174,0.187,0.155,0.199,0.168,0.111,0.1737,0.029332746206245333
transformer_23_conv_re_23_cat_0.3,0.226,0.151,0.188,0.178,0.174,0.187,0.155,0.199,0.168,0.111,0.1737,0.029332746206245333
transformer_mean_23_conv_re_23_cat_0.3,0.226,0.151,0.188,0.178,0.174,0.187,0.155,0.199,0.168,0.111,0.1737,0.029332746206245333
rico_23_conv_re_23_add_0.4,0.226,0.151,0.172,0.178,0.129,0.187,0.155,0.199,0.156,0.111,0.1664,0.03185655348589988
seq2seq_23_conv_re_23_add_0.4,0.221,0.148,0.188,0.214,0.181,0.18,0.155,0.199,0.158,0.171,0.1815,0.023354871012274934
transformer_23_conv_re_23_add_0.4,0.226,0.151,0.189,0.178,0.129,0.187,0.155,0.187,0.175,0.171,0.1748,0.02490301186603741
transformer_mean_23_conv_re_23_add_0.4,0.226,0.151,0.172,0.178,0.129,0.187,0.155,0.199,0.166,0.17,0.17329999999999998,0.025510978029076033
rico_23_conv_re_23_cat_0.4,0.226,0.151,0.188,0.178,0.174,0.187,0.155,0.199,0.168,0.111,0.1737,0.029332746206245333
seq2seq_23_conv_re_23_cat_0.4,0.226,0.151,0.188,0.178,0.174,0.187,0.155,0.199,0.168,0.111,0.1737,0.029332746206245333
transformer_23_conv_re_23_cat_0.4,0.226,0.151,0.188,0.178,0.174,0.187,0.155,0.199,0.168,0.111,0.1737,0.029332746206245333
transformer_mean_23_conv_re_23_cat_0.4,0.226,0.151,0.188,0.178,0.174,0.187,0.155,0.199,0.168,0.111,0.1737,0.029332746206245333
rico_23_conv_re_23_add_0.5,0.221,0.151,0.172,0.178,0.188,0.187,0.155,0.189,0.162,0.175,0.1778,0.019260321908005588
seq2seq_23_conv_re_23_add_0.5,0.216,0.148,0.188,0.214,0.181,0.18,0.155,0.187,0.158,0.171,0.17980000000000002,0.021862296311229525
transformer_23_conv_re_23_add_0.5,0.226,0.151,0.189,0.176,0.186,0.19,0.155,0.203,0.174,0.171,0.18209999999999998,0.021016422150309032
transformer_mean_23_conv_re_23_add_0.5,0.226,0.151,0.202,0.178,0.129,0.187,0.155,0.199,0.173,0.17,0.177,0.02672077843177478
rico_23_conv_re_23_cat_0.5,0.226,0.151,0.188,0.178,0.129,0.187,0.155,0.199,0.168,0.111,0.1692,0.032248410813557934
seq2seq_23_conv_re_23_cat_0.5,0.226,0.151,0.172,0.178,0.182,0.187,0.155,0.199,0.168,0.111,0.1729,0.02909450119868014
transformer_23_conv_re_23_cat_0.5,0.226,0.151,0.188,0.0,0.129,0.187,0.155,0.199,0.168,0.111,0.1514,0.05981839182057638
transformer_mean_23_conv_re_23_cat_0.5,0.226,0.151,0.188,0.178,0.174,0.187,0.155,0.199,0.168,0.111,0.1737,0.029332746206245333
rico_23_conv_re_23_add_0.6,0.221,0.151,0.172,0.17,0.191,0.187,0.155,0.189,0.162,0.175,0.1773,0.019591069393986638
seq2seq_23_conv_re_23_add_0.6,0.191,0.158,0.188,0.214,0.126,0.177,0.155,0.187,0.159,0.171,0.1726,0.02323445717033217
transformer_23_conv_re_23_add_0.6,0.226,0.165,0.166,0.176,0.185,0.189,0.155,0.186,0.183,0.176,0.18070000000000003,0.018275940468276866
transformer_mean_23_conv_re_23_add_0.6,0.209,0.151,0.202,0.176,0.129,0.189,0.155,0.151,0.173,0.17,0.1705,0.023614614119227103
rico_23_conv_re_23_cat_0.6,0.226,0.151,0.188,0.178,0.129,0.187,0.155,0.199,0.168,0.111,0.1692,0.032248410813557934
seq2seq_23_conv_re_23_cat_0.6,0.226,0.151,0.201,0.179,0.184,0.187,0.155,0.2,0.168,0.164,0.1815,0.022060145058453266
transformer_23_conv_re_23_cat_0.6,0.226,0.151,0.188,0.179,0.129,0.187,0.155,0.199,0.168,0.111,0.1693,0.03227708165246666
transformer_mean_23_conv_re_23_cat_0.6,0.226,0.151,0.188,0.178,0.129,0.187,0.155,0.199,0.168,0.111,0.1692,0.032248410813557934
rico_23_conv_re_23_add_0.7,0.222,0.151,0.2,0.183,0.198,0.189,0.157,0.197,0.162,0.168,0.1827,0.021522314001984084
seq2seq_23_conv_re_23_add_0.7,0.193,0.165,0.191,0.206,0.128,0.186,0.16,0.182,0.158,0.171,0.174,0.021307275752662513
transformer_23_conv_re_23_add_0.7,0.227,0.167,0.166,0.184,0.185,0.189,0.155,0.192,0.175,0.176,0.1816,0.018655830187906407
transformer_mean_23_conv_re_23_add_0.7,0.209,0.151,0.202,0.19,0.185,0.189,0.155,0.154,0.183,0.17,0.17880000000000001,0.019410306540598474
rico_23_conv_re_23_cat_0.7,0.226,0.151,0.189,0.178,0.182,0.187,0.155,0.199,0.168,0.111,0.1746,0.029486267990371386
seq2seq_23_conv_re_23_cat_0.7,0.238,0.151,0.168,0.179,0.187,0.187,0.155,0.145,0.168,0.165,0.1743,0.025183526361492743
transformer_23_conv_re_23_cat_0.7,0.226,0.151,0.172,0.179,0.185,0.187,0.155,0.199,0.168,0.111,0.1733,0.029220027378495043
transformer_mean_23_conv_re_23_cat_0.7,0.226,0.151,0.172,0.178,0.129,0.187,0.155,0.199,0.168,0.172,0.1737,0.0254403223250021
rico_23_conv_re_23_add_0.8,0.222,0.166,0.196,0.178,0.183,0.183,0.157,0.185,0.184,0.132,0.1786,0.02256634662500778
seq2seq_23_conv_re_23_add_0.8,0.227,0.125,0.193,0.201,0.187,0.142,0.208,0.172,0.181,0.173,0.1809,0.028682573106330614
transformer_23_conv_re_23_add_0.8,0.227,0.106,0.161,0.19,0.185,0.189,0.156,0.187,0.175,0.185,0.1761,0.02962245769682185
transformer_mean_23_conv_re_23_add_0.8,0.218,0.159,0.166,0.19,0.188,0.189,0.155,0.166,0.17,0.168,0.1769,0.01815185940888701
rico_23_conv_re_23_cat_0.8,0.226,0.151,0.184,0.174,0.184,0.187,0.155,0.197,0.168,0.111,0.1737,0.029148070262025923
seq2seq_23_conv_re_23_cat_0.8,0.226,0.187,0.177,0.17,0.202,0.181,0.155,0.176,0.17,0.134,0.1778,0.023595762331401798
transformer_23_conv_re_23_cat_0.8,0.226,0.151,0.201,0.179,0.181,0.187,0.155,0.173,0.169,0.164,0.17860000000000004,0.021166955378608424
transformer_mean_23_conv_re_23_cat_0.8,0.226,0.151,0.202,0.179,0.181,0.187,0.155,0.185,0.168,0.17,0.1804,0.02093895890439637
rico_23_conv_re_23_add_0.9,0.211,0.156,0.2,0.185,0.18,0.183,0.115,0.19,0.169,0.112,0.1701,0.0317189217975643
seq2seq_23_conv_re_23_add_0.9,0.179,0.176,0.207,0.195,0.193,0.205,0.196,0.208,0.156,0.174,0.18889999999999998,0.01620154313638056
transformer_23_conv_re_23_add_0.9,0.208,0.164,0.198,0.206,0.194,0.189,0.157,0.216,0.156,0.164,0.18519999999999998,0.02168778458026545
transformer_mean_23_conv_re_23_add_0.9,0.235,0.158,0.187,0.196,0.188,0.19,0.159,0.198,0.169,0.142,0.18219999999999997,0.025019192632856877
rico_23_conv_re_23_cat_0.9,0.226,0.158,0.183,0.228,0.191,0.188,0.155,0.19,0.168,0.112,0.1799,0.03254366297760595
seq2seq_23_conv_re_23_cat_0.9,0.211,0.157,0.2,0.186,0.2,0.136,0.203,0.242,0.173,0.182,0.189,0.028067775116670718
transformer_23_conv_re_23_cat_0.9,0.232,0.151,0.188,0.182,0.183,0.188,0.158,0.199,0.17,0.138,0.17889999999999998,0.02526440183340979
transformer_mean_23_conv_re_23_cat_0.9,0.232,0.152,0.169,0.214,0.133,0.188,0.155,0.176,0.168,0.139,0.1726,0.029927245112104785
rico_34,0.272,,,,,,,,,,0.272,0.0
seq2seq_34,0.315,0.272,0.326,0.324,0.286,0.277,0.313,0.255,0.312,0.359,0.3039,0.029415812074460902
transformer_34,0.31,0.313,0.334,0.339,0.333,0.327,0.291,0.301,0.36,0.304,0.3212,0.019918835307316547
transformer_mean_34,0.32,0.317,0.334,0.325,0.34,0.36,0.322,0.339,0.312,0.347,0.3316,0.01429125606795987
conv_se_34,0.316,0.337,0.289,0.281,0.351,0.358,0.349,0.336,0.329,0.337,0.3283,0.024433788081261565
conv_re_34,0.243,0.146,0.229,0.233,0.212,0.207,0.244,0.203,0.166,0.239,0.2122,0.03165691077790125
rico_34_seq2seq_34_add,0.324,0.322,0.351,0.323,0.331,0.324,0.312,0.314,0.333,0.373,0.33070000000000005,0.017493141513175953
rico_34_transformer_34_add,0.348,0.313,0.385,0.377,0.358,0.348,0.35,0.335,0.352,0.32,0.34859999999999997,0.021223571801183703
rico_34_transformer_mean_34_add,0.367,0.355,0.401,0.399,0.369,0.346,0.353,0.382,0.363,0.402,0.37370000000000003,0.019955199823604892
conv_re_34_conv_se_34_add,0.327,0.245,0.299,0.307,0.295,0.247,0.271,0.311,0.277,0.318,0.28969999999999996,0.0271884166512138
rico_34_seq2seq_34_cat,0.38,0.322,0.379,0.309,0.323,0.333,0.321,0.314,0.367,0.367,0.3415,0.02686354406998451
rico_34_transformer_34_cat,0.401,0.358,0.39,0.359,0.391,0.354,0.36,0.348,0.389,0.356,0.37059999999999993,0.018602150413325892
rico_34_transformer_mean_34_cat,0.344,0.306,0.376,0.372,0.387,0.395,0.374,0.352,0.421,0.335,0.36619999999999997,0.031221146679774592
conv_re_34_conv_se_34_cat,0.326,0.257,0.315,0.282,0.298,0.243,0.3,0.311,0.293,0.299,0.2924,0.024331872102244825
rico_34_conv_se_34_add,0.373,0.344,0.346,0.28,0.368,0.35,0.357,0.366,0.311,0.345,0.34400000000000003,0.0270111088258146
seq2seq_34_conv_se_34_add,0.374,0.374,0.313,0.26,0.324,0.332,0.366,0.29,0.309,0.389,0.33310000000000006,0.039778008999948704
transformer_34_conv_se_34_add,0.373,0.366,0.346,0.266,0.368,0.369,0.346,0.312,0.296,0.345,0.33869999999999995,0.03415567302806372
transformer_mean_34_conv_se_34_add,0.374,0.362,0.345,0.269,0.368,0.369,0.346,0.32,0.296,0.345,0.3393999999999999,0.03274812971758845
rico_34_conv_se_34_cat,0.373,0.344,0.371,0.301,0.334,0.36,0.357,0.366,0.324,0.345,0.34750000000000003,0.02169446934128604
seq2seq_34_conv_se_34_cat,0.373,0.362,0.346,0.28,0.36,0.315,0.357,0.366,0.324,0.345,0.3428,0.02720588171701111
transformer_34_conv_se_34_cat,0.373,0.344,0.346,0.301,0.334,0.36,0.357,0.366,0.324,0.345,0.34500000000000003,0.020233635362929714
transformer_mean_34_conv_se_34_cat,0.373,0.344,0.371,0.301,0.334,0.36,0.357,0.366,0.324,0.345,0.34750000000000003,0.02169446934128604
rico_34_conv_re_34_add,0.238,0.154,0.223,0.253,0.163,0.164,0.234,0.18,0.222,0.182,0.20129999999999998,0.034511012735067625
seq2seq_34_conv_re_34_add,0.233,0.155,0.22,0.208,0.16,0.164,0.232,0.237,0.143,0.196,0.1948,0.034440673628719866
transformer_34_conv_re_34_add,0.233,0.136,0.178,0.207,0.162,0.164,0.234,0.248,0.221,0.182,0.19649999999999998,0.035440795702128366
transformer_mean_34_conv_re_34_add,0.234,0.122,0.227,0.247,0.162,0.164,0.233,0.213,0.215,0.178,0.1995,0.03857784338192067
rico_34_conv_re_34_cat,0.234,0.133,0.217,0.226,0.164,0.164,0.234,0.247,0.236,0.182,0.2037,0.037483463020377396
seq2seq_34_conv_re_34_cat,0.234,0.133,0.253,0.213,0.164,0.164,0.234,0.235,0.236,0.243,0.2109,0.0394371652125251
transformer_34_conv_re_34_cat,0.234,0.133,0.229,0.226,0.164,0.164,0.234,0.247,0.236,0.243,0.211,0.03879948453265842
transformer_mean_34_conv_re_34_cat,0.234,0.133,0.229,0.226,0.164,0.164,0.234,0.247,0.237,0.241,0.2109,0.03870516761364043
rico_34_seq2seq_34_add_0.1,0.332,0.304,0.322,0.299,0.279,0.287,0.299,0.267,0.33,0.362,0.3081,0.027042374156127636
rico_34_transformer_34_add_0.1,0.334,0.338,0.328,0.325,0.327,0.312,0.352,0.291,0.364,0.275,0.32459999999999994,0.025172206895701453
rico_34_transformer_mean_34_add_0.1,0.338,0.338,0.347,0.346,0.362,0.353,0.331,0.319,0.359,0.321,0.34140000000000004,0.01403709371629326
conv_re_34_conv_se_34_add_0.1,0.36,0.355,0.343,0.265,0.337,0.371,0.354,0.331,0.312,0.374,0.34019999999999995,0.030733694864106393
rico_34_seq2seq_34_add_0.2,0.334,0.26,0.316,0.319,0.287,0.303,0.293,0.272,0.321,0.354,0.30590000000000006,0.027189887826175374
rico_34_transformer_34_add_0.2,0.33,0.31,0.35,0.316,0.345,0.327,0.33,0.309,0.382,0.286,0.3285,0.025076881783826315
rico_34_transformer_mean_34_add_0.2,0.326,0.302,0.393,0.35,0.385,0.323,0.324,0.353,0.342,0.388,0.3486,0.029759704299606206
conv_re_34_conv_se_34_add_0.2,0.383,0.315,0.333,0.29,0.329,0.319,0.362,0.387,0.342,0.401,0.3461,0.03410410532472594
rico_34_seq2seq_34_add_0.3,0.325,0.261,0.3,0.293,0.292,0.281,0.31,0.289,0.303,0.36,0.3014,0.025358233376952737
rico_34_transformer_34_add_0.3,0.355,0.345,0.389,0.323,0.353,0.325,0.36,0.349,0.359,0.307,0.3464999999999999,0.022005681084665385
rico_34_transformer_mean_34_add_0.3,0.387,0.351,0.406,0.374,0.418,0.334,0.376,0.371,0.359,0.375,0.3751,0.023419863364247024
conv_re_34_conv_se_34_add_0.3,0.339,0.298,0.316,0.267,0.295,0.301,0.329,0.344,0.258,0.327,0.3074,0.027601449237313606
rico_34_seq2seq_34_add_0.4,0.332,0.295,0.316,0.313,0.306,0.312,0.321,0.323,0.323,0.36,0.3201,0.016470883400716552
rico_34_transformer_34_add_0.4,0.356,0.34,0.416,0.359,0.377,0.351,0.37,0.365,0.401,0.306,0.3641,0.02911511634872854
rico_34_transformer_mean_34_add_0.4,0.336,0.306,0.4,0.345,0.383,0.339,0.377,0.383,0.361,0.359,0.35889999999999994,0.026636253490309035
conv_re_34_conv_se_34_add_0.4,0.342,0.289,0.325,0.31,0.316,0.27,0.336,0.308,0.239,0.31,0.3045,0.029571100757327256
rico_34_seq2seq_34_add_0.5,0.324,0.322,0.351,0.323,0.331,0.324,0.312,0.314,0.333,0.373,0.33070000000000005,0.017493141513175953
rico_34_transformer_34_add_0.5,0.348,0.313,0.385,0.377,0.358,0.348,0.35,0.335,0.352,0.32,0.34859999999999997,0.021223571801183703
rico_34_transformer_mean_34_add_0.5,0.367,0.355,0.401,0.399,0.369,0.346,0.353,0.382,0.363,0.402,0.37370000000000003,0.019955199823604892
conv_re_34_conv_se_34_add_0.5,0.327,0.245,0.299,0.307,0.295,0.247,0.271,0.311,0.277,0.318,0.28969999999999996,0.0271884166512138
rico_34_seq2seq_34_add_0.6,0.361,0.338,0.354,0.383,0.362,0.368,0.393,0.351,0.378,0.331,0.3619,0.018484858668650947
rico_34_transformer_34_add_0.6,0.361,0.348,0.335,0.367,0.352,0.368,0.332,0.38,0.359,0.328,0.3529999999999999,0.016327890249508654
rico_34_transformer_mean_34_add_0.6,0.345,0.381,0.327,0.385,0.327,0.351,0.347,0.352,0.349,0.338,0.35019999999999996,0.018513778652668397
conv_re_34_conv_se_34_add_0.6,0.276,0.221,0.317,0.274,0.255,0.218,0.223,0.303,0.241,0.284,0.2612,0.03339401143917873
rico_34_seq2seq_34_add_0.7,0.36,0.357,0.406,0.336,0.358,0.304,0.342,0.378,0.401,0.427,0.3669,0.03490401123080269
rico_34_transformer_34_add_0.7,0.365,0.318,0.293,0.348,0.336,0.35,0.287,0.31,0.368,0.29,0.32649999999999996,0.029442316484950704
rico_34_transformer_mean_34_add_0.7,0.389,0.327,0.305,0.325,0.338,0.352,0.334,0.326,0.345,0.363,0.34040000000000004,0.02225398840657557
conv_re_34_conv_se_34_add_0.7,0.237,0.232,0.317,0.282,0.202,0.173,0.214,0.296,0.27,0.239,0.24619999999999997,0.042458921324028
rico_34_seq2seq_34_add_0.8,0.356,0.339,0.373,0.32,0.352,0.363,0.348,0.37,0.325,0.352,0.3498,0.01670808187674455
rico_34_transformer_34_add_0.8,0.293,0.315,0.27,0.322,0.359,0.298,0.316,0.281,0.308,0.309,0.30710000000000004,0.02323983648823717
rico_34_transformer_mean_34_add_0.8,0.324,0.303,0.322,0.324,0.303,0.279,0.33,0.314,0.293,0.306,0.3098,0.01521709564930181
conv_re_34_conv_se_34_add_0.8,0.215,0.192,0.29,0.237,0.245,0.162,0.222,0.29,0.248,0.249,0.23500000000000001,0.037770358748627206
rico_34_seq2seq_34_add_0.9,0.341,0.306,0.299,0.281,0.257,0.216,0.273,0.336,0.299,0.315,0.29229999999999995,0.035555730902345414
rico_34_transformer_34_add_0.9,0.263,0.264,0.275,0.248,0.309,0.287,0.263,0.304,0.272,0.27,0.27549999999999997,0.018194779471046075
rico_34_transformer_mean_34_add_0.9,0.274,0.255,0.286,0.252,0.313,0.248,0.315,0.228,0.239,0.228,0.2638,0.03046900063999474
conv_re_34_conv_se_34_add_0.9,0.235,0.184,0.219,0.246,0.203,0.165,0.218,0.224,0.208,0.241,0.2143,0.02406678208651917
rico_34_seq2seq_34_cat_0.1,0.293,0.29,0.302,0.303,0.276,0.284,0.277,0.311,0.333,0.324,0.2993,0.018177183500201567
rico_34_transformer_34_cat_0.1,0.282,0.305,0.348,0.326,0.347,0.338,0.364,0.322,0.367,0.29,0.3289,0.02792651070219837
rico_34_transformer_mean_34_cat_0.1,0.334,0.35,0.358,0.326,0.366,0.361,0.336,0.347,0.357,0.325,0.346,0.014113823011501866
conv_re_34_conv_se_34_cat_0.1,0.363,0.395,0.331,0.307,0.366,0.38,0.372,0.323,0.332,0.399,0.35679999999999995,0.030059274775017443
rico_34_seq2seq_34_cat_0.2,0.318,0.308,0.321,0.316,0.285,0.279,0.304,0.298,0.33,0.351,0.311,0.020154403985233597
rico_34_transformer_34_cat_0.2,0.308,0.34,0.334,0.343,0.353,0.355,0.35,0.285,0.388,0.318,0.33740000000000003,0.02703405260037792
rico_34_transformer_mean_34_cat_0.2,0.316,0.296,0.382,0.327,0.383,0.34,0.347,0.308,0.337,0.343,0.3379,0.02709409529768433
conv_re_34_conv_se_34_cat_0.2,0.446,0.315,0.324,0.267,0.319,0.323,0.336,0.387,0.349,0.341,0.3407,0.0452527347239921
rico_34_seq2seq_34_cat_0.3,0.321,0.307,0.323,0.321,0.264,0.298,0.3,0.273,0.32,0.323,0.305,0.02041568024827975
rico_34_transformer_34_cat_0.3,0.367,0.381,0.358,0.326,0.349,0.349,0.388,0.319,0.373,0.288,0.3498,0.029444184485225604
rico_34_transformer_mean_34_cat_0.3,0.368,0.342,0.39,0.396,0.363,0.337,0.365,0.367,0.384,0.397,0.37089999999999995,0.01988190131752997
conv_re_34_conv_se_34_cat_0.3,0.37,0.288,0.335,0.27,0.326,0.31,0.373,0.345,0.32,0.329,0.3266,0.030764264983906248
rico_34_seq2seq_34_cat_0.4,0.312,0.294,0.316,0.311,0.303,0.293,0.298,0.288,0.335,0.399,0.31489999999999996,0.030933638647918562
rico_34_transformer_34_cat_0.4,0.361,0.36,0.37,0.38,0.366,0.375,0.378,0.342,0.43,0.307,0.36690000000000006,0.029398809499705934
rico_34_transformer_mean_34_cat_0.4,0.361,0.344,0.366,0.343,0.372,0.361,0.368,0.367,0.366,0.373,0.36210000000000003,0.010004498987955367
conv_re_34_conv_se_34_cat_0.4,0.345,0.286,0.311,0.314,0.274,0.287,0.304,0.334,0.296,0.304,0.3055,0.0206990337938755
rico_34_seq2seq_34_cat_0.5,0.38,0.322,0.379,0.309,0.323,0.333,0.321,0.314,0.367,0.367,0.3415,0.02686354406998451
rico_34_transformer_34_cat_0.5,0.401,0.358,0.39,0.359,0.391,0.354,0.36,0.348,0.389,0.356,0.37059999999999993,0.018602150413325892
rico_34_transformer_mean_34_cat_0.5,0.344,0.306,0.376,0.372,0.387,0.395,0.374,0.352,0.421,0.335,0.36619999999999997,0.031221146679774592
conv_re_34_conv_se_34_cat_0.5,0.326,0.257,0.315,0.282,0.298,0.243,0.3,0.311,0.293,0.299,0.2924,0.024331872102244825
rico_34_seq2seq_34_cat_0.6,0.398,0.346,0.352,0.411,0.408,0.338,0.354,0.347,0.398,0.431,0.3783,0.032301857531727186
rico_34_transformer_34_cat_0.6,0.372,0.34,0.357,0.357,0.343,0.346,0.336,0.349,0.413,0.32,0.35329999999999995,0.02388325773423717
rico_34_transformer_mean_34_cat_0.6,0.365,0.374,0.336,0.355,0.364,0.346,0.377,0.361,0.381,0.368,0.3627,0.013251792331605564
conv_re_34_conv_se_34_cat_0.6,0.321,0.214,0.315,0.235,0.266,0.22,0.238,0.289,0.259,0.279,0.26359999999999995,0.03560954928105662
rico_34_seq2seq_34_cat_0.7,0.4,0.398,0.407,0.4,0.325,0.369,0.375,0.392,0.416,0.414,0.3896,0.025881267356912794
rico_34_transformer_34_cat_0.7,0.337,0.351,0.36,0.342,0.372,0.342,0.294,0.345,0.339,0.315,0.3397,0.02080408613710297
rico_34_transformer_mean_34_cat_0.7,0.355,0.303,0.308,0.299,0.387,0.312,0.314,0.373,0.366,0.339,0.3356,0.03088753794008192
conv_re_34_conv_se_34_cat_0.7,0.279,0.238,0.293,0.292,0.208,0.186,0.201,0.266,0.238,0.252,0.24530000000000002,0.03611384775955063
rico_34_seq2seq_34_cat_0.8,0.346,0.34,0.329,0.323,0.334,0.354,0.322,0.338,0.319,0.363,0.3368,0.013687950905814929
rico_34_transformer_34_cat_0.8,0.325,0.296,0.215,0.336,0.331,0.297,0.272,0.318,0.272,0.281,0.2943,0.034727654686143146
rico_34_transformer_mean_34_cat_0.8,0.312,0.307,0.263,0.331,0.318,0.322,0.245,0.319,0.277,0.24,0.2934,0.03226515147957623
conv_re_34_conv_se_34_cat_0.8,0.275,0.174,0.256,0.247,0.256,0.161,0.204,0.281,0.213,0.24,0.23070000000000004,0.03901807273559268
rico_34_seq2seq_34_cat_0.9,0.247,0.321,0.28,0.256,0.321,0.241,0.259,0.276,0.281,0.279,0.27609999999999996,0.0261818639519802
rico_34_transformer_34_cat_0.9,0.334,0.296,0.313,0.253,0.246,0.275,0.281,0.275,0.311,0.265,0.28490000000000004,0.026726204369494744
rico_34_transformer_mean_34_cat_0.9,0.302,0.282,0.265,0.306,0.202,0.28,0.25,0.266,0.219,0.251,0.2623,0.031619772295195296
conv_re_34_conv_se_34_cat_0.9,0.232,0.139,0.217,0.198,0.168,0.184,0.191,0.216,0.203,0.203,0.19510000000000002,0.025363162263408713
rico_34_conv_se_34_add_0.1,0.373,0.344,0.346,0.301,0.367,0.36,0.357,0.366,0.324,0.345,0.34829999999999994,0.02085209821576716
seq2seq_34_conv_se_34_add_0.1,0.373,0.313,0.371,0.264,0.334,0.386,0.357,0.366,0.324,0.334,0.34219999999999995,0.034518980286213544
transformer_34_conv_se_34_add_0.1,0.373,0.362,0.346,0.301,0.32,0.36,0.357,0.366,0.324,0.345,0.3454,0.022100678722609398
transformer_mean_34_conv_se_34_add_0.1,0.373,0.344,0.371,0.301,0.32,0.339,0.357,0.366,0.324,0.345,0.34400000000000003,0.022525541058984577
rico_34_conv_se_34_cat_0.1,0.373,0.344,0.371,0.301,0.334,0.36,0.357,0.366,0.324,0.345,0.34750000000000003,0.02169446934128604
seq2seq_34_conv_se_34_cat_0.1,0.373,0.344,0.371,0.301,0.334,0.36,0.357,0.366,0.324,0.345,0.34750000000000003,0.02169446934128604
transformer_34_conv_se_34_cat_0.1,0.373,0.344,0.371,0.301,0.334,0.36,0.357,0.366,0.324,0.345,0.34750000000000003,0.02169446934128604
transformer_mean_34_conv_se_34_cat_0.1,0.373,0.344,0.371,0.301,0.334,0.36,0.357,0.366,0.324,0.345,0.34750000000000003,0.02169446934128604
rico_34_conv_se_34_add_0.2,0.373,0.344,0.346,0.28,0.368,0.315,0.357,0.366,0.324,0.345,0.3418,0.02713595400939498
seq2seq_34_conv_se_34_add_0.2,0.373,0.343,0.371,0.262,0.334,0.386,0.367,0.366,0.323,0.333,0.3458,0.034207601494404716
transformer_34_conv_se_34_add_0.2,0.373,0.362,0.346,0.264,0.32,0.36,0.357,0.32,0.324,0.345,0.33709999999999996,0.030117934856161693
transformer_mean_34_conv_se_34_add_0.2,0.373,0.362,0.371,0.265,0.367,0.339,0.357,0.366,0.324,0.345,0.34690000000000004,0.031078770889467294
rico_34_conv_se_34_cat_0.2,0.373,0.344,0.371,0.301,0.334,0.36,0.357,0.366,0.324,0.345,0.34750000000000003,0.02169446934128604
seq2seq_34_conv_se_34_cat_0.2,0.373,0.344,0.371,0.301,0.334,0.36,0.357,0.366,0.324,0.345,0.34750000000000003,0.02169446934128604
transformer_34_conv_se_34_cat_0.2,0.373,0.344,0.371,0.301,0.334,0.36,0.357,0.366,0.324,0.345,0.34750000000000003,0.02169446934128604
transformer_mean_34_conv_se_34_cat_0.2,0.373,0.344,0.371,0.301,0.334,0.36,0.357,0.366,0.324,0.345,0.34750000000000003,0.02169446934128604
rico_34_conv_se_34_add_0.3,0.373,0.344,0.346,0.28,0.368,0.386,0.357,0.366,0.324,0.345,0.3489,0.028451537744030628
seq2seq_34_conv_se_34_add_0.3,0.373,0.365,0.371,0.24,0.345,0.386,0.367,0.29,0.309,0.333,0.33790000000000003,0.04360149080020086
transformer_34_conv_se_34_add_0.3,0.373,0.362,0.346,0.264,0.368,0.369,0.367,0.32,0.324,0.345,0.3438,0.03205557673790942
transformer_mean_34_conv_se_34_add_0.3,0.373,0.362,0.346,0.265,0.368,0.339,0.367,0.29,0.324,0.345,0.3379,0.03388937886713181
rico_34_conv_se_34_cat_0.3,0.373,0.344,0.371,0.301,0.334,0.36,0.357,0.366,0.324,0.345,0.34750000000000003,0.02169446934128604
seq2seq_34_conv_se_34_cat_0.3,0.373,0.344,0.371,0.301,0.334,0.36,0.357,0.366,0.324,0.345,0.34750000000000003,0.02169446934128604
transformer_34_conv_se_34_cat_0.3,0.373,0.344,0.371,0.301,0.334,0.36,0.357,0.366,0.324,0.345,0.34750000000000003,0.02169446934128604
transformer_mean_34_conv_se_34_cat_0.3,0.373,0.344,0.371,0.301,0.334,0.36,0.357,0.366,0.324,0.345,0.34750000000000003,0.02169446934128604
rico_34_conv_se_34_add_0.4,0.373,0.344,0.346,0.28,0.368,0.35,0.357,0.366,0.324,0.345,0.34530000000000005,0.025671190077594757
seq2seq_34_conv_se_34_add_0.4,0.373,0.345,0.371,0.239,0.356,0.336,0.352,0.29,0.308,0.333,0.3302999999999999,0.03914600873652383
transformer_34_conv_se_34_add_0.4,0.373,0.368,0.346,0.265,0.368,0.369,0.35,0.32,0.296,0.345,0.33999999999999997,0.034088121098118616
transformer_mean_34_conv_se_34_add_0.4,0.373,0.362,0.346,0.265,0.368,0.369,0.346,0.32,0.303,0.345,0.3397,0.03269265972661141
rico_34_conv_se_34_cat_0.4,0.373,0.344,0.371,0.301,0.334,0.36,0.357,0.366,0.324,0.345,0.34750000000000003,0.02169446934128604
seq2seq_34_conv_se_34_cat_0.4,0.373,0.344,0.346,0.301,0.334,0.315,0.357,0.366,0.324,0.345,0.3405,0.021369370603740296
transformer_34_conv_se_34_cat_0.4,0.373,0.344,0.371,0.301,0.334,0.36,0.357,0.366,0.324,0.345,0.34750000000000003,0.02169446934128604
transformer_mean_34_conv_se_34_cat_0.4,0.373,0.344,0.371,0.301,0.334,0.36,0.357,0.366,0.324,0.345,0.34750000000000003,0.02169446934128604
rico_34_conv_se_34_add_0.5,0.373,0.344,0.346,0.28,0.368,0.35,0.357,0.366,0.311,0.345,0.34400000000000003,0.0270111088258146
seq2seq_34_conv_se_34_add_0.5,0.374,0.374,0.313,0.26,0.324,0.332,0.366,0.29,0.309,0.389,0.33310000000000006,0.039778008999948704
transformer_34_conv_se_34_add_0.5,0.373,0.366,0.346,0.266,0.368,0.369,0.346,0.312,0.296,0.345,0.33869999999999995,0.03415567302806372
transformer_mean_34_conv_se_34_add_0.5,0.374,0.362,0.345,0.269,0.368,0.369,0.346,0.32,0.296,0.345,0.3393999999999999,0.03274812971758845
rico_34_conv_se_34_cat_0.5,0.373,0.344,0.371,0.301,0.334,0.36,0.357,0.366,0.324,0.345,0.34750000000000003,0.02169446934128604
seq2seq_34_conv_se_34_cat_0.5,0.373,0.362,0.346,0.28,0.36,0.315,0.357,0.366,0.324,0.345,0.3428,0.02720588171701111
transformer_34_conv_se_34_cat_0.5,0.373,0.344,0.346,0.301,0.334,0.36,0.357,0.366,0.324,0.345,0.34500000000000003,0.020233635362929714
transformer_mean_34_conv_se_34_cat_0.5,0.373,0.344,0.371,0.301,0.334,0.36,0.357,0.366,0.324,0.345,0.34750000000000003,0.02169446934128604
rico_34_conv_se_34_add_0.6,0.366,0.344,0.346,0.271,0.371,0.378,0.357,0.366,0.311,0.345,0.34550000000000003,0.030696090956341654
seq2seq_34_conv_se_34_add_0.6,0.411,0.382,0.346,0.239,0.337,0.362,0.369,0.29,0.309,0.38,0.34249999999999997,0.048347181924079094
transformer_34_conv_se_34_add_0.6,0.373,0.335,0.345,0.28,0.346,0.36,0.346,0.312,0.347,0.347,0.33909999999999996,0.02466759007280605
transformer_mean_34_conv_se_34_add_0.6,0.373,0.368,0.346,0.268,0.346,0.369,0.346,0.32,0.296,0.347,0.3379,0.0321665975819638
rico_34_conv_se_34_cat_0.6,0.373,0.344,0.346,0.301,0.334,0.36,0.357,0.366,0.324,0.345,0.34500000000000003,0.020233635362929714
seq2seq_34_conv_se_34_cat_0.6,0.373,0.362,0.346,0.264,0.333,0.402,0.352,0.366,0.339,0.345,0.3482,0.03384021276528857
transformer_34_conv_se_34_cat_0.6,0.373,0.362,0.346,0.301,0.36,0.36,0.357,0.366,0.324,0.345,0.3494,0.02071810802172824
transformer_mean_34_conv_se_34_cat_0.6,0.373,0.344,0.371,0.301,0.334,0.36,0.357,0.366,0.324,0.345,0.34750000000000003,0.02169446934128604
rico_34_conv_se_34_add_0.7,0.366,0.346,0.308,0.306,0.347,0.379,0.358,0.352,0.311,0.389,0.34619999999999995,0.027906271696520123
seq2seq_34_conv_se_34_add_0.7,0.387,0.371,0.346,0.265,0.337,0.386,0.364,0.315,0.291,0.346,0.3408,0.038193716760744824
transformer_34_conv_se_34_add_0.7,0.373,0.335,0.321,0.273,0.345,0.349,0.346,0.332,0.346,0.347,0.3367,0.02479132912935487
transformer_mean_34_conv_se_34_add_0.7,0.372,0.335,0.346,0.277,0.347,0.346,0.346,0.363,0.296,0.346,0.33740000000000003,0.027583328298086136
rico_34_conv_se_34_cat_0.7,0.373,0.344,0.346,0.261,0.36,0.36,0.383,0.366,0.324,0.334,0.34509999999999996,0.03277026090832967
seq2seq_34_conv_se_34_cat_0.7,0.373,0.367,0.346,0.264,0.352,0.365,0.352,0.366,0.339,0.345,0.34690000000000004,0.029612328513644443
transformer_34_conv_se_34_cat_0.7,0.373,0.363,0.346,0.28,0.36,0.315,0.352,0.366,0.339,0.345,0.3439,0.026406249260355008
transformer_mean_34_conv_se_34_cat_0.7,0.373,0.362,0.346,0.301,0.36,0.315,0.352,0.366,0.339,0.335,0.3449,0.02181948670340345
rico_34_conv_se_34_add_0.8,0.375,0.354,0.348,0.27,0.339,0.334,0.357,0.372,0.31,0.389,0.34479999999999994,0.03287187247480739
seq2seq_34_conv_se_34_add_0.8,0.395,0.395,0.365,0.261,0.338,0.361,0.39,0.371,0.357,0.399,0.3632000000000001,0.03899948717611554
transformer_34_conv_se_34_add_0.8,0.373,0.334,0.321,0.297,0.343,0.364,0.346,0.327,0.357,0.347,0.34090000000000004,0.02110663402819123
transformer_mean_34_conv_se_34_add_0.8,0.373,0.363,0.365,0.239,0.366,0.39,0.346,0.357,0.36,0.366,0.35250000000000004,0.03931729899166524
rico_34_conv_se_34_cat_0.8,0.373,0.354,0.346,0.264,0.361,0.38,0.353,0.366,0.339,0.334,0.34700000000000003,0.030870698080866257
seq2seq_34_conv_se_34_cat_0.8,0.374,0.36,0.346,0.304,0.355,0.391,0.349,0.354,0.309,0.389,0.3531000000000001,0.027634941650019822
transformer_34_conv_se_34_cat_0.8,0.373,0.366,0.346,0.264,0.356,0.368,0.362,0.366,0.302,0.345,0.34480000000000005,0.03318975745617915
transformer_mean_34_conv_se_34_cat_0.8,0.373,0.362,0.346,0.28,0.332,0.378,0.355,0.366,0.339,0.337,0.34680000000000005,0.026768638366566188
rico_34_conv_se_34_add_0.9,0.404,0.333,0.362,0.232,0.37,0.363,0.345,0.348,0.285,0.353,0.33949999999999997,0.04582848459200894
seq2seq_34_conv_se_34_add_0.9,0.412,0.393,0.318,0.269,0.357,0.374,0.383,0.371,0.362,0.381,0.362,0.03885614494516922
transformer_34_conv_se_34_add_0.9,0.404,0.352,0.339,0.264,0.333,0.381,0.362,0.337,0.337,0.352,0.3461,0.03467116957934935
transformer_mean_34_conv_se_34_add_0.9,0.374,0.342,0.338,0.278,0.352,0.383,0.331,0.333,0.293,0.373,0.3397,0.032292568804602705
rico_34_conv_se_34_cat_0.9,0.388,0.333,0.346,0.264,0.347,0.347,0.372,0.326,0.303,0.353,0.33790000000000003,0.03313140504113883
seq2seq_34_conv_se_34_cat_0.9,0.36,0.385,0.365,0.297,0.367,0.394,0.369,0.353,0.371,0.347,0.36079999999999995,0.02497518768698246
transformer_34_conv_se_34_cat_0.9,0.347,0.356,0.335,0.276,0.382,0.373,0.349,0.355,0.311,0.374,0.3458,0.030406578235638408
transformer_mean_34_conv_se_34_cat_0.9,0.348,0.376,0.346,0.283,0.359,0.36,0.359,0.354,0.311,0.335,0.34309999999999996,0.025947832279402457
rico_34_conv_re_34_add_0.1,0.234,0.162,0.229,0.258,0.164,0.164,0.234,0.21,0.242,0.182,0.20789999999999997,0.03480933782765768
seq2seq_34_conv_re_34_add_0.1,0.234,0.136,0.229,0.226,0.177,0.164,0.234,0.247,0.24,0.243,0.213,0.03703781851027406
transformer_34_conv_re_34_add_0.1,0.234,0.142,0.218,0.259,0.164,0.164,0.233,0.246,0.24,0.182,0.2082,0.039209182597957845
transformer_mean_34_conv_re_34_add_0.1,0.234,0.144,0.228,0.259,0.164,0.164,0.233,0.246,0.242,0.182,0.2096,0.03939593887699594
rico_34_conv_re_34_cat_0.1,0.234,0.133,0.229,0.259,0.164,0.164,0.234,0.247,0.236,0.182,0.2082,0.041075053256204065
seq2seq_34_conv_re_34_cat_0.1,0.234,0.133,0.229,0.259,0.164,0.164,0.234,0.247,0.236,0.182,0.2082,0.041075053256204065
transformer_34_conv_re_34_cat_0.1,0.234,0.133,0.229,0.259,0.164,0.164,0.234,0.247,0.238,0.182,0.20839999999999997,0.04121456053386958
transformer_mean_34_conv_re_34_cat_0.1,0.234,0.133,0.229,0.259,0.164,0.164,0.234,0.247,0.238,0.182,0.20839999999999997,0.04121456053386958
rico_34_conv_re_34_add_0.2,0.234,0.158,0.229,0.258,0.164,0.164,0.234,0.211,0.241,0.182,0.20749999999999996,0.03526542215825581
seq2seq_34_conv_re_34_add_0.2,0.238,0.136,0.229,0.226,0.177,0.164,0.234,0.247,0.239,0.165,0.20549999999999996,0.03832818806048624
transformer_34_conv_re_34_add_0.2,0.234,0.137,0.252,0.207,0.163,0.164,0.233,0.247,0.24,0.182,0.20590000000000003,0.03926436043029352
transformer_mean_34_conv_re_34_add_0.2,0.234,0.122,0.227,0.258,0.164,0.164,0.233,0.247,0.241,0.182,0.2072,0.04325459513161579
rico_34_conv_re_34_cat_0.2,0.234,0.133,0.217,0.259,0.164,0.164,0.234,0.247,0.236,0.182,0.207,0.040622653778403
seq2seq_34_conv_re_34_cat_0.2,0.234,0.133,0.229,0.259,0.164,0.164,0.234,0.247,0.236,0.182,0.2082,0.041075053256204065
transformer_34_conv_re_34_cat_0.2,0.234,0.133,0.229,0.259,0.164,0.164,0.234,0.247,0.237,0.182,0.20829999999999999,0.041143772311250215
transformer_mean_34_conv_re_34_cat_0.2,0.234,0.133,0.229,0.259,0.164,0.164,0.234,0.247,0.238,0.182,0.20839999999999997,0.04121456053386958
rico_34_conv_re_34_add_0.3,0.234,0.143,0.229,0.259,0.164,0.164,0.234,0.211,0.241,0.182,0.2061,0.03772121419042606
seq2seq_34_conv_re_34_add_0.3,0.238,0.155,0.22,0.226,0.177,0.163,0.234,0.247,0.239,0.165,0.2064,0.034848816335709305
transformer_34_conv_re_34_add_0.3,0.234,0.136,0.226,0.207,0.163,0.164,0.233,0.246,0.222,0.182,0.20129999999999998,0.03555010548507557
transformer_mean_34_conv_re_34_add_0.3,0.234,0.122,0.252,0.258,0.164,0.164,0.233,0.247,0.216,0.182,0.2072,0.043885760788665844
rico_34_conv_re_34_cat_0.3,0.234,0.133,0.217,0.259,0.164,0.164,0.234,0.247,0.236,0.182,0.207,0.040622653778403
seq2seq_34_conv_re_34_cat_0.3,0.234,0.133,0.229,0.259,0.164,0.164,0.234,0.247,0.236,0.182,0.2082,0.041075053256204065
transformer_34_conv_re_34_cat_0.3,0.234,0.133,0.229,0.226,0.164,0.164,0.234,0.247,0.237,0.182,0.205,0.03816018867877883
transformer_mean_34_conv_re_34_cat_0.3,0.234,0.133,0.229,0.226,0.164,0.164,0.234,0.247,0.238,0.182,0.20509999999999998,0.038245130408981476
rico_34_conv_re_34_add_0.4,0.234,0.155,0.223,0.259,0.164,0.163,0.234,0.18,0.222,0.182,0.2016,0.034920481096342305
seq2seq_34_conv_re_34_add_0.4,0.238,0.155,0.22,0.208,0.158,0.166,0.234,0.247,0.211,0.186,0.2023,0.032376071410842915
transformer_34_conv_re_34_add_0.4,0.234,0.136,0.226,0.207,0.163,0.164,0.233,0.247,0.222,0.182,0.20139999999999997,0.03567688327194515
transformer_mean_34_conv_re_34_add_0.4,0.234,0.122,0.252,0.258,0.164,0.164,0.233,0.247,0.216,0.175,0.2065,0.04433565156846125
rico_34_conv_re_34_cat_0.4,0.234,0.133,0.217,0.226,0.164,0.164,0.234,0.247,0.236,0.182,0.2037,0.037483463020377396
seq2seq_34_conv_re_34_cat_0.4,0.234,0.133,0.253,0.259,0.164,0.164,0.234,0.247,0.236,0.182,0.21059999999999998,0.04288169772758536
transformer_34_conv_re_34_cat_0.4,0.234,0.133,0.229,0.226,0.164,0.164,0.234,0.247,0.237,0.182,0.205,0.03816018867877883
transformer_mean_34_conv_re_34_cat_0.4,0.234,0.133,0.229,0.226,0.164,0.164,0.234,0.247,0.237,0.182,0.205,0.03816018867877883
rico_34_conv_re_34_add_0.5,0.238,0.154,0.223,0.253,0.163,0.164,0.234,0.18,0.222,0.182,0.20129999999999998,0.034511012735067625
seq2seq_34_conv_re_34_add_0.5,0.233,0.155,0.22,0.208,0.16,0.164,0.232,0.237,0.143,0.196,0.1948,0.034440673628719866
transformer_34_conv_re_34_add_0.5,0.233,0.136,0.178,0.207,0.162,0.164,0.234,0.248,0.222,0.182,0.19659999999999997,0.035511125017380116
transformer_mean_34_conv_re_34_add_0.5,0.234,0.122,0.227,0.247,0.162,0.164,0.233,0.213,0.215,0.178,0.1995,0.03857784338192067
rico_34_conv_re_34_cat_0.5,0.234,0.133,0.217,0.226,0.164,0.164,0.234,0.247,0.236,0.182,0.2037,0.037483463020377396
seq2seq_34_conv_re_34_cat_0.5,0.234,0.133,0.253,0.213,0.164,0.164,0.234,0.235,0.236,0.243,0.2109,0.0394371652125251
transformer_34_conv_re_34_cat_0.5,0.234,0.133,0.229,0.226,0.164,0.164,0.234,0.247,0.237,0.243,0.21109999999999998,0.038865022835449355
transformer_mean_34_conv_re_34_cat_0.5,0.234,0.133,0.229,0.226,0.164,0.164,0.234,0.247,0.237,0.241,0.2109,0.03870516761364043
rico_34_conv_re_34_add_0.6,0.238,0.154,0.236,0.253,0.162,0.164,0.234,0.182,0.195,0.204,0.2022,0.034463894150255275
seq2seq_34_conv_re_34_add_0.6,0.231,0.155,0.232,0.205,0.187,0.164,0.232,0.165,0.143,0.197,0.1911,0.031960757187526084
transformer_34_conv_re_34_add_0.6,0.234,0.134,0.223,0.207,0.18,0.164,0.234,0.22,0.223,0.177,0.1996,0.03224655020308374
transformer_mean_34_conv_re_34_add_0.6,0.233,0.113,0.227,0.248,0.162,0.164,0.234,0.213,0.199,0.177,0.197,0.04024425424827748
rico_34_conv_re_34_cat_0.6,0.234,0.133,0.251,0.227,0.164,0.164,0.234,0.209,0.236,0.182,0.20339999999999997,0.03782644577540956
seq2seq_34_conv_re_34_cat_0.6,0.234,0.133,0.173,0.252,0.177,0.164,0.234,0.24,0.236,0.164,0.20070000000000002,0.04030645109656766
transformer_34_conv_re_34_cat_0.6,0.234,0.133,0.229,0.227,0.164,0.164,0.234,0.181,0.237,0.241,0.2044,0.03765687188283169
transformer_mean_34_conv_re_34_cat_0.6,0.234,0.133,0.229,0.227,0.164,0.164,0.234,0.209,0.237,0.241,0.2072,0.03684508108282569
rico_34_conv_re_34_add_0.7,0.238,0.154,0.226,0.253,0.166,0.164,0.234,0.192,0.194,0.204,0.20249999999999999,0.03272078849905668
seq2seq_34_conv_re_34_add_0.7,0.203,0.155,0.218,0.196,0.189,0.163,0.196,0.204,0.158,0.197,0.1879,0.020505852823035672
transformer_34_conv_re_34_add_0.7,0.229,0.134,0.246,0.207,0.18,0.164,0.196,0.223,0.219,0.182,0.198,0.03201249755954696
transformer_mean_34_conv_re_34_add_0.7,0.229,0.113,0.224,0.25,0.163,0.164,0.196,0.191,0.201,0.177,0.19080000000000003,0.03732505860678587
rico_34_conv_re_34_cat_0.7,0.234,0.133,0.227,0.212,0.164,0.164,0.234,0.181,0.236,0.182,0.19669999999999999,0.034839776118683656
seq2seq_34_conv_re_34_cat_0.7,0.237,0.133,0.238,0.254,0.177,0.164,0.233,0.218,0.236,0.162,0.2052,0.03990689163540553
transformer_34_conv_re_34_cat_0.7,0.234,0.133,0.252,0.213,0.164,0.164,0.234,0.181,0.236,0.241,0.2052,0.039158140916034305
transformer_mean_34_conv_re_34_cat_0.7,0.234,0.133,0.229,0.213,0.164,0.164,0.234,0.181,0.237,0.241,0.203,0.03704591745388417
rico_34_conv_re_34_add_0.8,0.237,0.154,0.229,0.187,0.162,0.163,0.234,0.159,0.215,0.179,0.19190000000000002,0.03186675383530616
seq2seq_34_conv_re_34_add_0.8,0.232,0.152,0.241,0.235,0.241,0.163,0.196,0.216,0.204,0.193,0.20729999999999998,0.030146475747589465
transformer_34_conv_re_34_add_0.8,0.261,0.169,0.214,0.199,0.201,0.154,0.199,0.223,0.21,0.159,0.19890000000000002,0.03048753843786015
transformer_mean_34_conv_re_34_add_0.8,0.23,0.169,0.253,0.2,0.186,0.164,0.21,0.196,0.218,0.175,0.2001,0.02688289418942834
rico_34_conv_re_34_cat_0.8,0.234,0.133,0.243,0.254,0.226,0.164,0.233,0.216,0.236,0.162,0.2101,0.039302544446893004
seq2seq_34_conv_re_34_cat_0.8,0.251,0.148,0.21,0.239,0.229,0.164,0.233,0.221,0.202,0.238,0.21349999999999997,0.0319663885980259
transformer_34_conv_re_34_cat_0.8,0.234,0.133,0.173,0.252,0.227,0.164,0.233,0.213,0.211,0.162,0.20020000000000002,0.03731702024545904
transformer_mean_34_conv_re_34_cat_0.8,0.234,0.133,0.253,0.252,0.226,0.164,0.234,0.217,0.22,0.162,0.20950000000000002,0.03939098881724093
rico_34_conv_re_34_add_0.9,0.218,0.146,0.222,0.214,0.174,0.176,0.202,0.219,0.211,0.227,0.2009,0.025256484315913808
seq2seq_34_conv_re_34_add_0.9,0.234,0.163,0.238,0.173,0.174,0.168,0.184,0.215,0.175,0.172,0.1896,0.026844738776900027
transformer_34_conv_re_34_add_0.9,0.22,0.125,0.241,0.197,0.211,0.159,0.216,0.23,0.206,0.202,0.20069999999999996,0.032723233336576014
transformer_mean_34_conv_re_34_add_0.9,0.231,0.123,0.212,0.231,0.215,0.166,0.218,0.231,0.152,0.182,0.1961,0.03624486170479893
rico_34_conv_re_34_cat_0.9,0.237,0.141,0.234,0.238,0.151,0.164,0.233,0.216,0.208,0.184,0.20059999999999997,0.03578882507152198
seq2seq_34_conv_re_34_cat_0.9,0.221,0.139,0.23,0.173,0.194,0.159,0.195,0.236,0.184,0.182,0.19129999999999997,0.029414452230153803
transformer_34_conv_re_34_cat_0.9,0.233,0.134,0.213,0.251,0.213,0.164,0.196,0.231,0.154,0.208,0.1997,0.03582750340171639
transformer_mean_34_conv_re_34_cat_0.9,0.233,0.172,0.251,0.219,0.179,0.164,0.196,0.226,0.202,0.242,0.20839999999999997,0.028855502074994297
