name,0,1,2,3,4,5,6,7,8,9,10,11,12,13,14,15,16,17,18,19,20,21,22,23,24,25,26,27,28,29,Mean_ng,Std_ng
rico,0.56,,,,,,,,,,,,,,,,,,,,,,,,,,,,,,0.56,0.0
seq2seq,0.573,0.557,0.583,0.577,0.559,0.547,0.577,0.548,0.585,0.601,0.608,0.579,0.562,0.578,0.565,0.58,0.596,0.572,0.591,0.571,0.571,0.558,0.586,0.57,0.584,0.565,0.576,0.58,0.579,0.572,0.5749999999999998,0.013854000625571402
conv_se,0.616,0.632,0.611,0.613,0.633,0.649,0.622,0.62,0.625,0.632,0.644,0.63,0.588,0.636,0.643,0.621,0.636,0.629,0.638,0.623,0.628,0.64,0.609,0.628,0.633,0.643,0.63,0.634,0.639,0.626,0.6283666666666666,0.012340943597994812
conv_re,0.541,0.471,0.532,0.525,0.514,0.527,0.537,0.516,0.494,0.555,0.514,0.524,0.53,0.525,0.52,0.549,0.489,0.512,0.52,0.532,0.527,0.533,0.504,0.516,0.488,0.54,0.518,0.536,0.507,0.541,0.5212333333333333,0.018463808443065662
rico_seq2seq_add,0.597,0.595,0.601,0.585,0.593,0.59,0.595,0.587,0.594,0.617,0.606,0.622,0.592,0.604,0.602,0.586,0.582,0.594,0.607,0.616,0.58,0.579,0.602,0.599,0.597,0.591,0.588,0.607,0.585,0.603,0.5965333333333334,0.01063871337250057
rico_seq2seq_cat,0.622,0.597,0.62,0.584,0.585,0.589,0.585,0.588,0.621,0.62,0.615,0.602,0.606,0.6,0.6,0.579,0.614,0.601,0.604,0.627,0.613,0.576,0.626,0.599,0.607,0.614,0.597,0.609,0.604,0.582,0.6028666666666669,0.014379924277346617
conv_re_conv_se_add,0.594,0.535,0.577,0.59,0.563,0.537,0.559,0.596,0.573,0.595,0.592,0.613,0.572,0.588,0.572,0.574,0.554,0.566,0.575,0.618,0.595,0.574,0.537,0.6,0.529,0.585,0.591,0.573,0.625,0.575,0.5775666666666666,0.02339470500395809
conv_re_conv_se_cat,0.609,0.547,0.589,0.579,0.565,0.553,0.576,0.596,0.576,0.604,0.599,0.591,0.583,0.574,0.578,0.625,0.584,0.582,0.569,0.653,0.578,0.581,0.555,0.593,0.552,0.583,0.577,0.588,0.636,0.593,0.5855999999999999,0.023011011856645214
rico_conv_se_add,0.655,0.63,0.633,0.609,0.657,0.632,0.643,0.641,0.62,0.645,0.657,0.638,0.628,0.633,0.655,0.621,0.642,0.635,0.655,0.616,0.628,0.635,0.627,0.644,0.646,0.626,0.623,0.664,0.653,0.634,0.6375,0.013532060695498928
rico_conv_se_cat,0.655,0.63,0.649,0.619,0.624,0.641,0.643,0.641,0.624,0.644,0.64,0.628,0.627,0.66,0.655,0.614,0.651,0.608,0.651,0.616,0.645,0.629,0.623,0.643,0.64,0.626,0.643,0.665,0.653,0.633,0.6373333333333332,0.014283634769281331
seq2seq_conv_se_add,0.656,0.648,0.614,0.61,0.627,0.625,0.653,0.6,0.618,0.648,0.653,0.643,0.629,0.638,0.654,0.637,0.641,0.62,0.659,0.631,0.643,0.657,0.622,0.643,0.623,0.636,0.634,0.655,0.65,0.635,0.6367333333333335,0.015231400314992578
seq2seq_conv_se_cat,0.655,0.653,0.633,0.609,0.64,0.624,0.643,0.641,0.624,0.644,0.655,0.638,0.627,0.634,0.655,0.637,0.651,0.608,0.644,0.64,0.645,0.629,0.623,0.643,0.64,0.626,0.643,0.663,0.653,0.633,0.6384333333333333,0.013029922827434136
rico_conv_re_add,0.538,0.483,0.524,0.528,0.513,0.513,0.529,0.512,0.531,0.526,0.522,0.505,0.536,0.522,0.514,0.539,0.482,0.48,0.521,0.507,0.527,0.517,0.498,0.519,0.502,0.528,0.533,0.533,0.508,0.541,0.5176999999999999,0.0162975458275165
rico_conv_re_cat,0.542,0.481,0.526,0.521,0.514,0.512,0.529,0.527,0.53,0.527,0.525,0.525,0.518,0.521,0.515,0.545,0.481,0.503,0.534,0.513,0.51,0.536,0.501,0.513,0.501,0.528,0.53,0.532,0.512,0.533,0.5195,0.015101324445226664
seq2seq_conv_re_add,0.544,0.484,0.54,0.526,0.504,0.512,0.531,0.522,0.483,0.537,0.535,0.526,0.521,0.52,0.514,0.533,0.488,0.485,0.52,0.536,0.526,0.538,0.501,0.517,0.501,0.527,0.525,0.533,0.517,0.546,0.5197333333333332,0.01770109852209431
seq2seq_conv_re_cat,0.542,0.481,0.546,0.522,0.514,0.512,0.529,0.531,0.53,0.543,0.525,0.492,0.518,0.521,0.515,0.545,0.481,0.503,0.534,0.509,0.51,0.536,0.501,0.512,0.501,0.528,0.521,0.532,0.512,0.533,0.5193000000000001,0.017103898191153204
rico_seq2seq_add_0.1,0.589,0.572,0.581,0.566,0.573,0.56,0.568,0.555,0.595,0.608,0.58,0.588,0.576,0.575,0.583,0.547,0.589,0.574,0.589,0.587,0.567,0.56,0.584,0.57,0.58,0.582,0.56,0.589,0.58,0.571,0.5766000000000001,0.012810412431559969
rico_seq2seq_add_0.2,0.591,0.559,0.579,0.582,0.559,0.563,0.564,0.553,0.584,0.603,0.594,0.577,0.576,0.571,0.574,0.535,0.592,0.573,0.592,0.581,0.578,0.555,0.6,0.587,0.581,0.56,0.566,0.587,0.58,0.557,0.5750999999999998,0.015341338490062268
rico_seq2seq_add_0.3,0.589,0.548,0.571,0.572,0.563,0.568,0.576,0.561,0.588,0.613,0.612,0.591,0.57,0.592,0.588,0.552,0.606,0.567,0.582,0.588,0.552,0.558,0.593,0.573,0.604,0.606,0.573,0.594,0.594,0.563,0.5802333333333334,0.018100982171019204
rico_seq2seq_add_0.4,0.601,0.577,0.581,0.573,0.579,0.576,0.583,0.587,0.604,0.605,0.619,0.605,0.569,0.604,0.577,0.572,0.603,0.584,0.589,0.579,0.584,0.578,0.61,0.571,0.583,0.6,0.583,0.591,0.582,0.57,0.5873,0.01337198564163155
rico_seq2seq_add_0.5,0.597,0.595,0.601,0.585,0.593,0.59,0.595,0.587,0.594,0.617,0.606,0.622,0.592,0.604,0.602,0.586,0.582,0.594,0.607,0.616,0.58,0.579,0.602,0.599,0.597,0.591,0.588,0.607,0.585,0.603,0.5965333333333334,0.01063871337250057
rico_seq2seq_add_0.6,0.607,0.601,0.615,0.622,0.62,0.626,0.63,0.608,0.633,0.604,0.637,0.64,0.602,0.602,0.625,0.596,0.598,0.634,0.607,0.601,0.609,0.607,0.634,0.627,0.608,0.612,0.616,0.62,0.601,0.606,0.6149333333333333,0.012855435512740225
rico_seq2seq_add_0.7,0.621,0.616,0.653,0.605,0.619,0.589,0.613,0.626,0.646,0.654,0.64,0.625,0.635,0.593,0.626,0.634,0.631,0.617,0.633,0.647,0.634,0.617,0.644,0.611,0.608,0.628,0.634,0.624,0.645,0.633,0.6266999999999998,0.01589370944745123
rico_seq2seq_add_0.8,0.618,0.605,0.619,0.595,0.613,0.628,0.621,0.619,0.598,0.632,0.618,0.619,0.611,0.606,0.582,0.613,0.601,0.631,0.603,0.618,0.613,0.624,0.617,0.63,0.628,0.614,0.616,0.617,0.6,0.613,0.6140666666666668,0.011313512078729389
rico_seq2seq_add_0.9,0.603,0.584,0.591,0.593,0.566,0.571,0.571,0.618,0.586,0.599,0.572,0.573,0.592,0.589,0.587,0.574,0.581,0.58,0.599,0.607,0.598,0.613,0.577,0.613,0.596,0.597,0.588,0.574,0.601,0.566,0.5886333333333332,0.01426530367320967
rico_seq2seq_cat_0.1,0.57,0.569,0.574,0.563,0.566,0.553,0.561,0.582,0.593,0.583,0.578,0.596,0.565,0.588,0.596,0.553,0.595,0.554,0.572,0.584,0.578,0.546,0.574,0.568,0.602,0.576,0.569,0.574,0.584,0.58,0.5748666666666666,0.01384613865146363
rico_seq2seq_cat_0.2,0.584,0.574,0.581,0.584,0.562,0.552,0.573,0.567,0.601,0.602,0.599,0.58,0.577,0.586,0.592,0.551,0.589,0.568,0.573,0.578,0.584,0.56,0.588,0.572,0.595,0.565,0.574,0.578,0.583,0.571,0.5781,0.012916010736033514
rico_seq2seq_cat_0.3,0.581,0.583,0.584,0.576,0.562,0.571,0.571,0.556,0.589,0.589,0.595,0.579,0.573,0.591,0.581,0.562,0.601,0.571,0.588,0.587,0.557,0.544,0.594,0.574,0.608,0.588,0.58,0.577,0.582,0.563,0.5785666666666666,0.013865264352169962
rico_seq2seq_cat_0.4,0.582,0.572,0.576,0.578,0.581,0.561,0.577,0.566,0.599,0.633,0.607,0.588,0.578,0.612,0.59,0.579,0.596,0.58,0.59,0.595,0.585,0.581,0.602,0.579,0.617,0.603,0.591,0.602,0.6,0.578,0.5892666666666667,0.015459481089465965
rico_seq2seq_cat_0.5,0.622,0.597,0.62,0.584,0.585,0.589,0.585,0.588,0.621,0.62,0.615,0.602,0.606,0.6,0.6,0.579,0.614,0.601,0.604,0.627,0.613,0.576,0.626,0.599,0.607,0.614,0.597,0.609,0.604,0.582,0.6028666666666669,0.014379924277346617
rico_seq2seq_cat_0.6,0.63,0.609,0.613,0.64,0.641,0.598,0.606,0.608,0.64,0.649,0.619,0.62,0.622,0.621,0.617,0.607,0.613,0.634,0.602,0.61,0.621,0.603,0.638,0.607,0.622,0.607,0.607,0.597,0.591,0.635,0.6175666666666667,0.014800187686497625
rico_seq2seq_cat_0.7,0.64,0.634,0.646,0.646,0.607,0.611,0.624,0.633,0.653,0.668,0.639,0.635,0.616,0.615,0.63,0.613,0.642,0.617,0.617,0.631,0.627,0.621,0.613,0.626,0.647,0.627,0.638,0.612,0.633,0.62,0.6293666666666666,0.014157408739674877
rico_seq2seq_cat_0.8,0.627,0.622,0.609,0.601,0.618,0.637,0.609,0.615,0.626,0.636,0.613,0.611,0.613,0.631,0.627,0.622,0.627,0.613,0.641,0.622,0.644,0.617,0.623,0.629,0.613,0.622,0.632,0.617,0.621,0.606,0.6214666666666667,0.010288288919392237
rico_seq2seq_cat_0.9,0.589,0.604,0.577,0.572,0.605,0.567,0.575,0.593,0.593,0.589,0.596,0.593,0.584,0.599,0.577,0.568,0.602,0.57,0.583,0.58,0.609,0.585,0.587,0.593,0.592,0.582,0.589,0.601,0.567,0.559,0.5860000000000001,0.01264911064067352
conv_re_conv_se_add_0.1,0.652,0.625,0.635,0.609,0.632,0.632,0.643,0.621,0.62,0.649,0.633,0.632,0.635,0.656,0.631,0.638,0.666,0.634,0.664,0.647,0.643,0.642,0.644,0.645,0.595,0.645,0.641,0.659,0.637,0.631,0.6378666666666668,0.014798047919310931
conv_re_conv_se_add_0.2,0.657,0.589,0.617,0.6,0.595,0.599,0.621,0.647,0.631,0.64,0.639,0.648,0.6,0.625,0.62,0.65,0.609,0.595,0.617,0.649,0.617,0.597,0.599,0.634,0.579,0.608,0.633,0.605,0.648,0.615,0.6194333333333333,0.021067642382467867
conv_re_conv_se_add_0.3,0.609,0.575,0.6,0.589,0.583,0.584,0.606,0.626,0.577,0.602,0.611,0.653,0.588,0.596,0.565,0.629,0.614,0.6,0.605,0.629,0.622,0.595,0.56,0.6,0.591,0.617,0.573,0.59,0.64,0.591,0.6006666666666667,0.02145589792004884
conv_re_conv_se_add_0.4,0.614,0.555,0.592,0.595,0.578,0.561,0.594,0.607,0.578,0.594,0.604,0.619,0.583,0.593,0.59,0.607,0.599,0.586,0.601,0.64,0.609,0.593,0.568,0.584,0.566,0.599,0.588,0.587,0.635,0.589,0.5936,0.018778711350888808
conv_re_conv_se_add_0.5,0.594,0.535,0.577,0.59,0.563,0.537,0.559,0.596,0.573,0.595,0.592,0.613,0.572,0.588,0.572,0.574,0.554,0.566,0.575,0.618,0.595,0.574,0.537,0.6,0.529,0.585,0.591,0.573,0.625,0.575,0.5775666666666666,0.02339470500395809
conv_re_conv_se_add_0.6,0.574,0.519,0.576,0.576,0.537,0.529,0.54,0.583,0.55,0.581,0.563,0.588,0.546,0.563,0.552,0.598,0.557,0.542,0.571,0.63,0.557,0.549,0.52,0.56,0.521,0.574,0.574,0.551,0.607,0.546,0.5611333333333334,0.025363666051175543
conv_re_conv_se_add_0.7,0.547,0.517,0.574,0.563,0.522,0.524,0.539,0.576,0.567,0.558,0.537,0.583,0.537,0.555,0.526,0.558,0.528,0.527,0.55,0.607,0.545,0.541,0.471,0.558,0.502,0.547,0.568,0.516,0.593,0.567,0.5467666666666666,0.027589470616321877
conv_re_conv_se_add_0.8,0.532,0.508,0.563,0.539,0.526,0.498,0.533,0.586,0.538,0.554,0.528,0.588,0.537,0.531,0.521,0.552,0.493,0.508,0.539,0.578,0.522,0.535,0.503,0.527,0.514,0.518,0.539,0.514,0.566,0.532,0.5340666666666666,0.023855025093724416
conv_re_conv_se_add_0.9,0.55,0.496,0.535,0.542,0.522,0.509,0.526,0.534,0.528,0.544,0.507,0.547,0.531,0.523,0.511,0.548,0.491,0.51,0.489,0.583,0.516,0.531,0.498,0.523,0.515,0.544,0.525,0.508,0.55,0.543,0.5259666666666667,0.020580708334640863
conv_re_conv_se_cat_0.1,0.645,0.644,0.63,0.618,0.641,0.644,0.651,0.622,0.614,0.671,0.655,0.631,0.623,0.629,0.638,0.644,0.648,0.638,0.642,0.64,0.635,0.637,0.616,0.64,0.612,0.644,0.619,0.641,0.652,0.627,0.6363666666666666,0.013292813430154248
conv_re_conv_se_cat_0.2,0.675,0.593,0.628,0.61,0.593,0.612,0.61,0.647,0.628,0.611,0.632,0.633,0.621,0.65,0.604,0.656,0.619,0.602,0.647,0.64,0.604,0.629,0.609,0.648,0.599,0.619,0.631,0.61,0.638,0.612,0.6236666666666667,0.019828150583338738
conv_re_conv_se_cat_0.3,0.635,0.581,0.61,0.583,0.606,0.587,0.614,0.635,0.6,0.611,0.602,0.649,0.583,0.618,0.624,0.624,0.604,0.577,0.591,0.601,0.595,0.614,0.586,0.61,0.597,0.625,0.601,0.613,0.639,0.599,0.6071333333333333,0.018106597938013905
conv_re_conv_se_cat_0.4,0.609,0.569,0.59,0.588,0.57,0.575,0.593,0.621,0.595,0.593,0.603,0.628,0.597,0.603,0.56,0.618,0.603,0.578,0.587,0.628,0.611,0.589,0.573,0.584,0.552,0.604,0.608,0.588,0.655,0.593,0.5955,0.021430118991736847
conv_re_conv_se_cat_0.5,0.609,0.547,0.589,0.579,0.565,0.553,0.576,0.596,0.576,0.604,0.599,0.591,0.583,0.574,0.578,0.625,0.584,0.582,0.569,0.653,0.578,0.581,0.555,0.593,0.552,0.583,0.577,0.588,0.636,0.593,0.5855999999999999,0.023011011856645214
conv_re_conv_se_cat_0.6,0.595,0.541,0.586,0.554,0.547,0.532,0.548,0.577,0.575,0.581,0.569,0.6,0.573,0.575,0.542,0.601,0.553,0.563,0.563,0.629,0.569,0.564,0.531,0.578,0.53,0.567,0.581,0.56,0.611,0.555,0.5683333333333334,0.02341841630474233
conv_re_conv_se_cat_0.7,0.574,0.511,0.566,0.569,0.516,0.516,0.52,0.557,0.555,0.573,0.567,0.596,0.548,0.541,0.543,0.584,0.527,0.548,0.553,0.615,0.542,0.547,0.484,0.567,0.51,0.527,0.586,0.519,0.588,0.555,0.5501333333333333,0.029191018405591036
conv_re_conv_se_cat_0.8,0.554,0.485,0.551,0.532,0.535,0.515,0.518,0.575,0.517,0.553,0.53,0.571,0.543,0.527,0.503,0.554,0.503,0.511,0.537,0.592,0.526,0.534,0.488,0.543,0.522,0.546,0.554,0.526,0.586,0.537,0.5356000000000001,0.025450081859724267
conv_re_conv_se_cat_0.9,0.542,0.479,0.531,0.528,0.504,0.521,0.523,0.521,0.507,0.536,0.532,0.538,0.523,0.528,0.517,0.536,0.49,0.507,0.522,0.597,0.521,0.513,0.484,0.508,0.499,0.531,0.524,0.528,0.568,0.52,0.5226000000000002,0.022422607639017666
rico_conv_se_add_0.1,0.655,0.63,0.633,0.619,0.657,0.641,0.643,0.641,0.624,0.644,0.64,0.638,0.627,0.659,0.655,0.613,0.651,0.608,0.652,0.616,0.645,0.629,0.623,0.643,0.64,0.626,0.643,0.663,0.653,0.633,0.6381333333333333,0.014179170952100452
rico_conv_se_cat_0.1,0.655,0.63,0.649,0.619,0.624,0.641,0.643,0.641,0.624,0.644,0.64,0.628,0.627,0.659,0.655,0.614,0.651,0.608,0.651,0.616,0.645,0.629,0.623,0.643,0.64,0.626,0.643,0.665,0.653,0.633,0.6373,0.01423177196744431
seq2seq_conv_se_add_0.1,0.655,0.609,0.649,0.612,0.624,0.654,0.643,0.641,0.624,0.636,0.639,0.628,0.627,0.659,0.654,0.614,0.647,0.608,0.654,0.641,0.646,0.629,0.623,0.643,0.64,0.626,0.643,0.656,0.653,0.634,0.6370333333333333,0.014673066785402745
seq2seq_conv_se_cat_0.1,0.655,0.63,0.649,0.619,0.624,0.641,0.643,0.641,0.624,0.644,0.64,0.628,0.627,0.659,0.655,0.614,0.651,0.608,0.651,0.616,0.645,0.629,0.623,0.643,0.64,0.626,0.643,0.665,0.653,0.633,0.6373,0.01423177196744431
rico_conv_se_add_0.2,0.655,0.63,0.633,0.609,0.656,0.624,0.643,0.641,0.624,0.644,0.64,0.638,0.627,0.659,0.655,0.613,0.651,0.645,0.654,0.616,0.646,0.629,0.623,0.643,0.639,0.626,0.643,0.665,0.653,0.634,0.6386,0.014103427479399005
rico_conv_se_cat_0.2,0.655,0.63,0.649,0.619,0.624,0.641,0.643,0.641,0.624,0.644,0.64,0.628,0.627,0.659,0.655,0.614,0.651,0.608,0.651,0.616,0.645,0.629,0.623,0.643,0.64,0.626,0.643,0.665,0.653,0.633,0.6373,0.01423177196744431
seq2seq_conv_se_add_0.2,0.655,0.629,0.649,0.615,0.624,0.654,0.653,0.641,0.622,0.639,0.639,0.628,0.627,0.642,0.654,0.626,0.647,0.617,0.643,0.64,0.646,0.63,0.623,0.643,0.641,0.641,0.643,0.654,0.653,0.635,0.6384333333333334,0.011629512266451925
seq2seq_conv_se_cat_0.2,0.655,0.63,0.649,0.619,0.624,0.641,0.643,0.641,0.624,0.644,0.64,0.628,0.627,0.66,0.655,0.614,0.651,0.608,0.651,0.616,0.645,0.629,0.623,0.643,0.64,0.626,0.643,0.665,0.653,0.633,0.6373333333333332,0.014283634769281331
rico_conv_se_add_0.3,0.655,0.63,0.633,0.609,0.656,0.64,0.643,0.641,0.624,0.644,0.64,0.638,0.628,0.65,0.655,0.613,0.651,0.635,0.654,0.616,0.646,0.629,0.627,0.643,0.639,0.626,0.623,0.665,0.653,0.634,0.6379999999999999,0.013569573808094846
rico_conv_se_cat_0.3,0.655,0.63,0.649,0.619,0.624,0.641,0.643,0.641,0.624,0.644,0.64,0.628,0.627,0.659,0.655,0.614,0.651,0.608,0.651,0.616,0.645,0.629,0.623,0.643,0.64,0.626,0.643,0.665,0.653,0.633,0.6373,0.01423177196744431
seq2seq_conv_se_add_0.3,0.655,0.638,0.649,0.602,0.638,0.654,0.653,0.6,0.617,0.639,0.639,0.628,0.627,0.64,0.654,0.636,0.647,0.617,0.659,0.631,0.646,0.639,0.623,0.643,0.641,0.642,0.652,0.654,0.653,0.635,0.6383666666666667,0.014824491746955642
seq2seq_conv_se_cat_0.3,0.655,0.63,0.649,0.619,0.624,0.641,0.643,0.641,0.624,0.644,0.64,0.628,0.627,0.66,0.655,0.614,0.651,0.608,0.651,0.64,0.645,0.629,0.623,0.643,0.64,0.626,0.643,0.665,0.653,0.633,0.6381333333333333,0.01372766873467193
rico_conv_se_add_0.4,0.655,0.63,0.633,0.609,0.656,0.632,0.643,0.641,0.624,0.644,0.64,0.638,0.628,0.634,0.655,0.632,0.642,0.635,0.654,0.616,0.646,0.629,0.627,0.643,0.646,0.626,0.623,0.664,0.653,0.634,0.6377333333333334,0.01250848600839536
rico_conv_se_cat_0.4,0.655,0.63,0.649,0.619,0.624,0.641,0.643,0.641,0.624,0.644,0.64,0.628,0.627,0.659,0.655,0.614,0.651,0.608,0.651,0.616,0.645,0.629,0.623,0.643,0.64,0.626,0.643,0.665,0.653,0.633,0.6373,0.01423177196744431
seq2seq_conv_se_add_0.4,0.655,0.632,0.65,0.602,0.636,0.63,0.642,0.6,0.617,0.639,0.654,0.628,0.629,0.638,0.654,0.636,0.647,0.628,0.659,0.632,0.64,0.647,0.629,0.643,0.623,0.636,0.65,0.655,0.65,0.635,0.6372,0.01423235749972577
seq2seq_conv_se_cat_0.4,0.655,0.631,0.633,0.619,0.624,0.624,0.643,0.641,0.624,0.644,0.64,0.638,0.627,0.659,0.655,0.614,0.651,0.608,0.651,0.64,0.645,0.629,0.623,0.643,0.64,0.626,0.643,0.665,0.653,0.633,0.6373666666666666,0.013632029277485526
rico_conv_se_add_0.5,0.655,0.63,0.633,0.609,0.657,0.632,0.643,0.641,0.62,0.645,0.657,0.638,0.628,0.633,0.655,0.621,0.642,0.635,0.655,0.616,0.628,0.635,0.627,0.644,0.646,0.626,0.623,0.664,0.653,0.634,0.6375,0.013532060695498928
rico_conv_se_cat_0.5,0.655,0.63,0.649,0.619,0.624,0.641,0.643,0.641,0.624,0.644,0.64,0.628,0.627,0.66,0.655,0.614,0.651,0.608,0.651,0.616,0.645,0.629,0.623,0.643,0.64,0.626,0.643,0.665,0.653,0.633,0.6373333333333332,0.014283634769281331
seq2seq_conv_se_add_0.5,0.656,0.648,0.614,0.61,0.627,0.625,0.653,0.6,0.618,0.648,0.653,0.643,0.629,0.638,0.654,0.637,0.641,0.62,0.659,0.631,0.643,0.657,0.622,0.643,0.623,0.636,0.634,0.655,0.65,0.635,0.6367333333333335,0.015231400314992578
seq2seq_conv_se_cat_0.5,0.655,0.653,0.633,0.609,0.64,0.624,0.643,0.641,0.624,0.644,0.655,0.638,0.627,0.634,0.655,0.637,0.651,0.608,0.644,0.64,0.645,0.629,0.623,0.643,0.64,0.626,0.643,0.663,0.653,0.633,0.6384333333333333,0.013029922827434136
rico_conv_se_add_0.6,0.647,0.63,0.633,0.618,0.651,0.647,0.643,0.641,0.62,0.645,0.66,0.638,0.628,0.641,0.654,0.621,0.642,0.639,0.662,0.616,0.628,0.636,0.627,0.644,0.626,0.626,0.652,0.64,0.652,0.62,0.6375666666666667,0.012523799565449608
rico_conv_se_cat_0.6,0.655,0.63,0.633,0.619,0.624,0.641,0.643,0.641,0.624,0.644,0.64,0.638,0.627,0.659,0.655,0.627,0.651,0.608,0.651,0.616,0.645,0.629,0.623,0.643,0.64,0.626,0.643,0.665,0.653,0.633,0.6375333333333333,0.013457917950246088
seq2seq_conv_se_add_0.6,0.667,0.65,0.633,0.6,0.629,0.647,0.652,0.601,0.617,0.643,0.647,0.635,0.629,0.638,0.653,0.632,0.641,0.625,0.65,0.642,0.642,0.638,0.621,0.642,0.661,0.638,0.646,0.656,0.651,0.635,0.6387,0.01507569788323801
seq2seq_conv_se_cat_0.6,0.655,0.653,0.633,0.614,0.631,0.648,0.64,0.641,0.63,0.644,0.655,0.638,0.627,0.634,0.655,0.637,0.65,0.608,0.644,0.64,0.645,0.629,0.623,0.623,0.64,0.626,0.653,0.661,0.651,0.633,0.6387,0.012699475054767694
rico_conv_se_add_0.7,0.647,0.63,0.619,0.621,0.631,0.642,0.639,0.634,0.62,0.649,0.651,0.638,0.638,0.661,0.627,0.622,0.641,0.639,0.666,0.618,0.62,0.636,0.642,0.635,0.626,0.648,0.611,0.638,0.651,0.623,0.6354333333333334,0.013055479905218187
rico_conv_se_cat_0.7,0.655,0.631,0.633,0.611,0.64,0.641,0.662,0.641,0.624,0.636,0.655,0.638,0.627,0.652,0.655,0.627,0.647,0.608,0.654,0.616,0.645,0.629,0.623,0.643,0.64,0.626,0.643,0.665,0.653,0.633,0.6384333333333333,0.014321739497080046
seq2seq_conv_se_add_0.7,0.649,0.642,0.633,0.609,0.628,0.652,0.639,0.61,0.616,0.636,0.647,0.618,0.638,0.653,0.642,0.656,0.647,0.623,0.638,0.62,0.643,0.638,0.632,0.645,0.662,0.604,0.642,0.647,0.652,0.634,0.6365,0.014527560015363915
seq2seq_conv_se_cat_0.7,0.655,0.649,0.633,0.614,0.641,0.639,0.64,0.641,0.63,0.644,0.657,0.638,0.627,0.651,0.655,0.637,0.65,0.635,0.636,0.639,0.655,0.642,0.623,0.623,0.64,0.626,0.65,0.657,0.651,0.632,0.6403333333333332,0.011079510618955866
rico_conv_se_add_0.8,0.646,0.635,0.631,0.614,0.631,0.621,0.639,0.642,0.618,0.649,0.651,0.609,0.635,0.635,0.631,0.632,0.641,0.639,0.655,0.618,0.618,0.625,0.651,0.651,0.648,0.618,0.632,0.639,0.635,0.609,0.6332666666666665,0.012920096318870429
rico_conv_se_cat_0.8,0.655,0.639,0.633,0.614,0.641,0.652,0.64,0.641,0.63,0.636,0.656,0.638,0.627,0.634,0.657,0.637,0.647,0.635,0.654,0.64,0.645,0.629,0.623,0.623,0.641,0.626,0.653,0.656,0.651,0.633,0.6395333333333332,0.011188486145239778
seq2seq_conv_se_add_0.8,0.66,0.645,0.647,0.614,0.633,0.641,0.669,0.651,0.639,0.657,0.658,0.645,0.63,0.628,0.646,0.598,0.65,0.646,0.639,0.636,0.647,0.637,0.623,0.635,0.637,0.641,0.624,0.627,0.642,0.641,0.6395333333333333,0.013908590470960356
seq2seq_conv_se_cat_0.8,0.655,0.644,0.633,0.618,0.643,0.652,0.632,0.632,0.614,0.646,0.656,0.644,0.636,0.647,0.649,0.627,0.657,0.635,0.627,0.64,0.644,0.614,0.609,0.635,0.648,0.641,0.636,0.66,0.659,0.635,0.6389333333333335,0.013351487640792038
rico_conv_se_add_0.9,0.662,0.626,0.634,0.596,0.645,0.651,0.628,0.635,0.611,0.636,0.657,0.632,0.635,0.642,0.65,0.64,0.65,0.618,0.635,0.647,0.632,0.636,0.647,0.626,0.617,0.63,0.65,0.643,0.627,0.66,0.6365999999999998,0.014432832939747727
rico_conv_se_cat_0.9,0.653,0.621,0.633,0.615,0.635,0.636,0.656,0.617,0.613,0.642,0.658,0.644,0.633,0.635,0.655,0.636,0.645,0.644,0.645,0.64,0.648,0.637,0.621,0.634,0.631,0.626,0.634,0.661,0.658,0.635,0.6380333333333336,0.012833506492338295
seq2seq_conv_se_add_0.9,0.664,0.644,0.619,0.613,0.641,0.644,0.654,0.651,0.633,0.649,0.652,0.637,0.645,0.652,0.658,0.644,0.638,0.626,0.651,0.628,0.644,0.67,0.633,0.648,0.628,0.638,0.629,0.65,0.636,0.64,0.6419666666666667,0.012451193606326365
seq2seq_conv_se_cat_0.9,0.643,0.651,0.641,0.618,0.646,0.659,0.661,0.641,0.64,0.634,0.653,0.623,0.642,0.654,0.642,0.642,0.639,0.641,0.643,0.636,0.654,0.633,0.629,0.638,0.635,0.638,0.64,0.649,0.645,0.636,0.6415333333333334,0.009369216734723474
rico_conv_re_add_0.1,0.542,0.486,0.534,0.532,0.514,0.512,0.529,0.515,0.536,0.527,0.525,0.527,0.518,0.522,0.515,0.545,0.482,0.481,0.534,0.507,0.51,0.538,0.501,0.515,0.502,0.527,0.533,0.532,0.513,0.531,0.5195000000000001,0.01654438474729922
rico_conv_re_cat_0.1,0.542,0.481,0.534,0.532,0.514,0.512,0.529,0.527,0.53,0.527,0.525,0.525,0.518,0.521,0.515,0.545,0.481,0.503,0.534,0.507,0.51,0.536,0.501,0.513,0.501,0.528,0.53,0.532,0.512,0.533,0.5199333333333332,0.0155690576322254
seq2seq_conv_re_add_0.1,0.542,0.484,0.534,0.521,0.508,0.512,0.529,0.527,0.534,0.543,0.525,0.53,0.521,0.522,0.515,0.545,0.482,0.481,0.534,0.514,0.51,0.538,0.501,0.512,0.501,0.528,0.53,0.532,0.512,0.533,0.52,0.01709580845314626
seq2seq_conv_re_cat_0.1,0.542,0.481,0.534,0.532,0.514,0.512,0.529,0.527,0.53,0.527,0.525,0.525,0.518,0.521,0.515,0.545,0.481,0.503,0.534,0.507,0.51,0.536,0.501,0.513,0.501,0.528,0.53,0.532,0.512,0.533,0.5199333333333332,0.0155690576322254
rico_conv_re_add_0.2,0.542,0.483,0.534,0.532,0.514,0.512,0.529,0.513,0.537,0.527,0.525,0.527,0.518,0.522,0.515,0.545,0.482,0.484,0.53,0.514,0.51,0.538,0.501,0.514,0.502,0.528,0.529,0.532,0.524,0.53,0.5197666666666666,0.01624537541031978
rico_conv_re_cat_0.2,0.542,0.481,0.526,0.532,0.514,0.512,0.529,0.527,0.53,0.527,0.525,0.525,0.518,0.521,0.515,0.545,0.481,0.503,0.534,0.507,0.51,0.536,0.501,0.513,0.501,0.528,0.53,0.532,0.512,0.533,0.5196666666666666,0.015393360762210309
seq2seq_conv_re_add_0.2,0.538,0.484,0.534,0.521,0.508,0.512,0.529,0.527,0.533,0.511,0.526,0.53,0.521,0.521,0.514,0.545,0.482,0.484,0.532,0.515,0.51,0.538,0.501,0.519,0.501,0.528,0.53,0.532,0.512,0.533,0.5190333333333333,0.01609654897451281
seq2seq_conv_re_cat_0.2,0.542,0.481,0.534,0.532,0.514,0.512,0.529,0.527,0.53,0.527,0.525,0.525,0.518,0.521,0.515,0.545,0.481,0.503,0.534,0.507,0.51,0.536,0.501,0.513,0.501,0.528,0.53,0.532,0.512,0.533,0.5199333333333332,0.0155690576322254
rico_conv_re_add_0.3,0.542,0.482,0.534,0.533,0.514,0.512,0.529,0.514,0.537,0.527,0.526,0.531,0.538,0.522,0.514,0.545,0.482,0.483,0.53,0.514,0.51,0.538,0.501,0.513,0.502,0.528,0.528,0.513,0.528,0.53,0.52,0.016774981371077597
rico_conv_re_cat_0.3,0.542,0.481,0.526,0.532,0.514,0.512,0.529,0.527,0.53,0.527,0.525,0.525,0.518,0.521,0.515,0.545,0.481,0.503,0.534,0.512,0.51,0.536,0.501,0.513,0.501,0.528,0.53,0.532,0.512,0.533,0.5198333333333334,0.015281979220274095
seq2seq_conv_re_add_0.3,0.538,0.484,0.54,0.521,0.507,0.512,0.529,0.527,0.532,0.511,0.526,0.51,0.521,0.521,0.514,0.545,0.482,0.484,0.532,0.512,0.51,0.538,0.501,0.505,0.501,0.528,0.526,0.532,0.528,0.539,0.5185333333333334,0.01666479989545497
seq2seq_conv_re_cat_0.3,0.542,0.481,0.534,0.532,0.514,0.512,0.529,0.527,0.53,0.527,0.525,0.525,0.518,0.521,0.515,0.545,0.481,0.503,0.534,0.512,0.51,0.536,0.501,0.513,0.501,0.528,0.53,0.532,0.512,0.533,0.5201,0.015456066770042125
rico_conv_re_add_0.4,0.542,0.483,0.524,0.533,0.514,0.512,0.529,0.512,0.531,0.527,0.526,0.529,0.536,0.522,0.514,0.545,0.482,0.483,0.529,0.494,0.51,0.538,0.501,0.513,0.502,0.528,0.533,0.531,0.528,0.541,0.5197333333333334,0.017393357608262112
rico_conv_re_cat_0.4,0.542,0.481,0.526,0.521,0.514,0.512,0.529,0.527,0.53,0.527,0.525,0.525,0.518,0.521,0.515,0.545,0.481,0.503,0.534,0.513,0.51,0.536,0.501,0.513,0.501,0.528,0.53,0.532,0.512,0.533,0.5195,0.015101324445226664
seq2seq_conv_re_add_0.4,0.538,0.484,0.54,0.526,0.504,0.512,0.529,0.528,0.523,0.534,0.518,0.51,0.521,0.521,0.514,0.533,0.488,0.484,0.52,0.511,0.527,0.538,0.501,0.536,0.501,0.528,0.526,0.533,0.508,0.546,0.5193999999999998,0.016193825983997743
seq2seq_conv_re_cat_0.4,0.542,0.481,0.546,0.532,0.514,0.512,0.529,0.527,0.53,0.527,0.525,0.525,0.518,0.521,0.515,0.545,0.481,0.503,0.534,0.52,0.51,0.536,0.501,0.513,0.501,0.528,0.53,0.532,0.512,0.533,0.5207666666666666,0.015880141337182404
rico_conv_re_add_0.5,0.538,0.483,0.524,0.528,0.513,0.513,0.529,0.512,0.531,0.526,0.522,0.505,0.536,0.522,0.514,0.539,0.482,0.48,0.521,0.507,0.527,0.517,0.498,0.519,0.502,0.528,0.533,0.533,0.508,0.541,0.5176999999999999,0.0162975458275165
rico_conv_re_cat_0.5,0.542,0.481,0.526,0.521,0.514,0.512,0.529,0.527,0.53,0.527,0.525,0.525,0.518,0.521,0.515,0.545,0.481,0.503,0.534,0.513,0.51,0.536,0.501,0.513,0.501,0.528,0.53,0.532,0.512,0.533,0.5195,0.015101324445226664
seq2seq_conv_re_add_0.5,0.544,0.484,0.54,0.526,0.504,0.512,0.531,0.522,0.483,0.537,0.535,0.526,0.521,0.52,0.514,0.533,0.488,0.485,0.52,0.536,0.526,0.538,0.501,0.517,0.501,0.527,0.525,0.533,0.517,0.546,0.5197333333333332,0.01770109852209431
seq2seq_conv_re_cat_0.5,0.542,0.481,0.546,0.522,0.514,0.512,0.529,0.531,0.53,0.543,0.525,0.492,0.518,0.521,0.515,0.545,0.481,0.503,0.534,0.509,0.51,0.536,0.501,0.512,0.501,0.528,0.521,0.532,0.512,0.533,0.5193000000000001,0.017103898191153204
rico_conv_re_add_0.6,0.538,0.483,0.545,0.528,0.511,0.513,0.529,0.507,0.507,0.522,0.522,0.503,0.542,0.523,0.516,0.539,0.482,0.483,0.521,0.529,0.527,0.517,0.498,0.519,0.502,0.528,0.522,0.533,0.508,0.54,0.5178999999999999,0.016841120311111547
rico_conv_re_cat_0.6,0.542,0.481,0.544,0.522,0.514,0.512,0.529,0.514,0.53,0.527,0.525,0.525,0.518,0.521,0.515,0.545,0.481,0.503,0.534,0.502,0.51,0.536,0.501,0.513,0.501,0.528,0.53,0.532,0.512,0.533,0.5193333333333333,0.015958975182914763
seq2seq_conv_re_add_0.6,0.541,0.484,0.542,0.532,0.517,0.512,0.531,0.501,0.483,0.536,0.508,0.502,0.521,0.524,0.499,0.534,0.488,0.488,0.521,0.511,0.527,0.528,0.495,0.509,0.501,0.533,0.52,0.533,0.525,0.524,0.5156666666666665,0.01715873603218555
seq2seq_conv_re_cat_0.6,0.542,0.481,0.514,0.54,0.508,0.512,0.529,0.528,0.53,0.515,0.525,0.492,0.518,0.521,0.514,0.544,0.481,0.481,0.534,0.525,0.51,0.536,0.501,0.512,0.501,0.528,0.539,0.532,0.517,0.533,0.5181,0.01769058129815601
rico_conv_re_add_0.7,0.538,0.483,0.54,0.528,0.511,0.513,0.529,0.51,0.506,0.522,0.522,0.511,0.541,0.523,0.516,0.538,0.481,0.482,0.531,0.518,0.527,0.517,0.498,0.518,0.501,0.526,0.511,0.517,0.531,0.541,0.5176666666666666,0.016395798919913072
rico_conv_re_cat_0.7,0.542,0.481,0.538,0.521,0.514,0.512,0.529,0.514,0.53,0.527,0.525,0.489,0.518,0.521,0.514,0.544,0.481,0.503,0.534,0.515,0.51,0.536,0.501,0.513,0.501,0.528,0.521,0.532,0.512,0.533,0.5179666666666667,0.016098619678579777
seq2seq_conv_re_add_0.7,0.524,0.484,0.529,0.514,0.521,0.51,0.529,0.514,0.506,0.537,0.509,0.483,0.519,0.527,0.49,0.555,0.488,0.518,0.512,0.524,0.528,0.527,0.498,0.509,0.501,0.526,0.522,0.533,0.486,0.522,0.5148333333333334,0.016884081918251366
seq2seq_conv_re_cat_0.7,0.537,0.481,0.535,0.541,0.508,0.512,0.528,0.529,0.53,0.518,0.525,0.492,0.518,0.521,0.515,0.559,0.481,0.481,0.532,0.52,0.51,0.536,0.501,0.51,0.501,0.528,0.52,0.531,0.529,0.54,0.5189666666666667,0.018521129075254102
rico_conv_re_add_0.8,0.537,0.479,0.528,0.514,0.502,0.511,0.529,0.498,0.525,0.519,0.516,0.508,0.532,0.516,0.505,0.539,0.487,0.484,0.528,0.513,0.527,0.517,0.498,0.512,0.501,0.524,0.511,0.533,0.518,0.522,0.5144333333333333,0.015034811457266631
rico_conv_re_cat_0.8,0.542,0.481,0.534,0.541,0.526,0.512,0.528,0.518,0.53,0.518,0.525,0.489,0.518,0.521,0.514,0.544,0.481,0.503,0.535,0.527,0.51,0.536,0.501,0.513,0.501,0.528,0.503,0.532,0.511,0.533,0.5185,0.01674066904278322
seq2seq_conv_re_add_0.8,0.542,0.486,0.533,0.529,0.534,0.51,0.528,0.522,0.524,0.534,0.52,0.503,0.505,0.529,0.513,0.524,0.499,0.506,0.529,0.541,0.523,0.517,0.493,0.513,0.497,0.523,0.52,0.533,0.499,0.536,0.5188333333333333,0.014656246298270097
seq2seq_conv_re_cat_0.8,0.552,0.474,0.519,0.537,0.532,0.512,0.528,0.525,0.509,0.543,0.525,0.502,0.521,0.527,0.515,0.561,0.488,0.481,0.513,0.558,0.527,0.514,0.501,0.523,0.502,0.528,0.509,0.531,0.499,0.526,0.5194,0.02005924558235763
rico_conv_re_add_0.9,0.536,0.484,0.531,0.526,0.508,0.506,0.519,0.521,0.528,0.535,0.528,0.519,0.534,0.523,0.505,0.531,0.485,0.517,0.532,0.558,0.525,0.514,0.494,0.507,0.513,0.513,0.533,0.518,0.525,0.53,0.5199333333333332,0.015362146840710642
rico_conv_re_cat_0.9,0.538,0.475,0.531,0.536,0.49,0.512,0.528,0.521,0.518,0.533,0.514,0.523,0.527,0.522,0.513,0.55,0.499,0.483,0.538,0.537,0.518,0.513,0.501,0.515,0.502,0.528,0.544,0.532,0.53,0.54,0.5203666666666668,0.017739754476567296
seq2seq_conv_re_add_0.9,0.544,0.491,0.543,0.514,0.518,0.51,0.512,0.534,0.511,0.528,0.525,0.519,0.53,0.53,0.499,0.537,0.499,0.508,0.524,0.556,0.517,0.532,0.503,0.499,0.501,0.525,0.521,0.507,0.51,0.532,0.5193000000000001,0.015288666826552721
seq2seq_conv_re_cat_0.9,0.539,0.485,0.533,0.512,0.529,0.511,0.52,0.528,0.511,0.522,0.529,0.533,0.517,0.524,0.515,0.542,0.489,0.527,0.518,0.584,0.533,0.516,0.501,0.514,0.502,0.505,0.521,0.523,0.521,0.545,0.5216333333333334,0.017991633858237804
