name,0,1,2,3,4,5,6,7,8,9,Mean,Std
rico_23,0.37,,,,,,,,,,0.37,0.0
seq2seq_23,0.363,0.42,0.34700000000000003,0.34700000000000003,0.384,0.327,0.366,0.33299999999999996,0.414,0.376,0.36769999999999997,0.02992674389237826
transformer_23,0.40700000000000003,0.44299999999999995,0.369,0.40299999999999997,0.419,0.369,0.40399999999999997,0.40700000000000003,0.439,0.36,0.402,0.02708505122756831
transformer_mean_23,0.37,0.359,0.38,0.376,0.41700000000000004,0.44299999999999995,0.40399999999999997,0.40299999999999997,0.45299999999999996,0.406,0.4010999999999999,0.029245341509375463
conv_se_23,0.45299999999999996,0.40399999999999997,0.446,0.349,0.419,0.373,0.374,0.386,0.46399999999999997,0.456,0.41240000000000004,0.03898512536852999
conv_re_23,0.284,0.171,0.256,0.29,0.29,0.257,0.271,0.22899999999999998,0.239,0.233,0.252,0.03454562200916347
rico_23_seq2seq_23_add,0.486,0.419,0.473,0.436,0.397,0.419,0.41,0.376,0.429,0.414,0.42590000000000006,0.0312360368805007
rico_23_transformer_23_add,0.436,0.41600000000000004,0.467,0.331,0.44,0.384,0.45899999999999996,0.40700000000000003,0.344,0.337,0.4021,0.04821711314460873
rico_23_transformer_mean_23_add,0.444,0.447,0.461,0.433,0.473,0.42,0.47100000000000003,0.381,0.39399999999999996,0.45299999999999996,0.4377000000000001,0.02952642883926196
conv_re_23_conv_se_23_add,0.36,0.253,0.349,0.386,0.364,0.281,0.34,0.466,0.40700000000000003,0.32,0.35259999999999997,0.05779307917043355
rico_23_seq2seq_23_cat,0.33299999999999996,0.466,0.483,0.40700000000000003,0.46,0.327,0.363,0.327,0.45899999999999996,0.46399999999999997,0.40890000000000004,0.06180202262062303
rico_23_transformer_23_cat,0.47600000000000003,0.444,0.447,0.469,0.44299999999999995,0.433,0.47100000000000003,0.353,0.47600000000000003,0.373,0.4385,0.04068476373287672
rico_23_transformer_mean_23_cat,0.401,0.44299999999999995,0.45299999999999996,0.46,0.467,0.38,0.493,0.447,0.47100000000000003,0.41700000000000004,0.4431999999999999,0.032670475968372414
conv_re_23_conv_se_23_cat,0.349,0.27399999999999997,0.303,0.34700000000000003,0.361,0.26899999999999996,0.36700000000000005,0.37,0.324,0.34299999999999997,0.3307,0.03516546601425895
rico_23_conv_se_23_add,0.409,0.444,0.439,0.326,0.436,0.433,0.493,0.4,0.473,0.45399999999999996,0.43069999999999997,0.04343742625893021
seq2seq_23_conv_se_23_add,0.45399999999999996,0.44299999999999995,0.406,0.35,0.45299999999999996,0.467,0.41700000000000004,0.38299999999999995,0.41100000000000003,0.467,0.42510000000000003,0.0367245149729714
transformer_23_conv_se_23_add,0.43700000000000006,0.46399999999999997,0.44299999999999995,0.354,0.397,0.45,0.42,0.363,0.41,0.439,0.41769999999999996,0.034922915113145984
transformer_mean_23_conv_se_23_add,0.429,0.46399999999999997,0.44299999999999995,0.326,0.336,0.45,0.42,0.363,0.426,0.439,0.4096,0.04679999999999999
rico_23_conv_se_23_cat,0.441,0.45399999999999996,0.444,0.387,0.336,0.433,0.42700000000000005,0.4,0.426,0.507,0.4255,0.042706556873623035
seq2seq_23_conv_se_23_cat,0.441,0.45399999999999996,0.444,0.387,0.336,0.433,0.42700000000000005,0.4,0.426,0.507,0.4255,0.042706556873623035
transformer_23_conv_se_23_cat,0.441,0.45399999999999996,0.444,0.387,0.336,0.433,0.42700000000000005,0.4,0.426,0.507,0.4255,0.042706556873623035
transformer_mean_23_conv_se_23_cat,0.441,0.45399999999999996,0.444,0.387,0.336,0.433,0.42700000000000005,0.4,0.426,0.507,0.4255,0.042706556873623035
rico_23_conv_re_23_add,0.28300000000000003,0.193,0.304,0.287,0.276,0.253,0.281,0.226,0.23600000000000002,0.191,0.253,0.03798947222586805
seq2seq_23_conv_re_23_add,0.32299999999999995,0.217,0.266,0.36700000000000005,0.297,0.26899999999999996,0.281,0.22899999999999998,0.23399999999999999,0.256,0.2739,0.04349126349049888
transformer_23_conv_re_23_add,0.26899999999999996,0.193,0.266,0.281,0.261,0.25,0.281,0.27,0.263,0.256,0.259,0.02388304838164509
transformer_mean_23_conv_re_23_add,0.26899999999999996,0.193,0.27399999999999997,0.287,0.28,0.253,0.281,0.28600000000000003,0.263,0.254,0.264,0.026355265128622782
rico_23_conv_re_23_cat,0.26899999999999996,0.193,0.266,0.287,0.27899999999999997,0.253,0.281,0.259,0.253,0.221,0.2561,0.02757698315624825
seq2seq_23_conv_re_23_cat,0.26899999999999996,0.193,0.304,0.287,0.29,0.253,0.281,0.259,0.253,0.221,0.261,0.031915513469157906
transformer_23_conv_re_23_cat,0.26899999999999996,0.193,0.266,0.287,0.27899999999999997,0.253,0.281,0.259,0.253,0.221,0.2561,0.02757698315624825
transformer_mean_23_conv_re_23_cat,0.26899999999999996,0.193,0.266,0.287,0.28600000000000003,0.253,0.281,0.259,0.253,0.221,0.25680000000000003,0.028230479981750222
rico_23_seq2seq_23_add_0.1,0.381,0.38299999999999995,0.401,0.38,0.331,0.35700000000000004,0.401,0.41100000000000003,0.381,0.406,0.38320000000000004,0.023146490014686896
rico_23_transformer_23_add_0.1,0.41600000000000004,0.5,0.39,0.414,0.387,0.46,0.44,0.4,0.42100000000000004,0.349,0.41770000000000007,0.0397870581973586
rico_23_transformer_mean_23_add_0.1,0.414,0.426,0.48700000000000004,0.426,0.434,0.381,0.419,0.413,0.48,0.389,0.42689999999999995,0.03232475831309494
conv_re_23_conv_se_23_add_0.1,0.366,0.467,0.409,0.39,0.309,0.523,0.45899999999999996,0.49,0.513,0.42700000000000005,0.43529999999999996,0.06469474476338864
rico_23_seq2seq_23_add_0.2,0.311,0.409,0.386,0.38299999999999995,0.299,0.309,0.33,0.39399999999999996,0.389,0.4,0.361,0.041007316420365765
rico_23_transformer_23_add_0.2,0.419,0.37,0.41,0.49700000000000005,0.447,0.447,0.39299999999999996,0.391,0.42700000000000005,0.43,0.4231,0.03407477072556764
rico_23_transformer_mean_23_add_0.2,0.423,0.41,0.436,0.484,0.48700000000000004,0.41600000000000004,0.43700000000000006,0.48700000000000004,0.473,0.376,0.4429,0.036393543383408
conv_re_23_conv_se_23_add_0.2,0.376,0.314,0.40299999999999997,0.32899999999999996,0.324,0.371,0.38,0.431,0.483,0.36700000000000005,0.3778,0.04904039151556602
rico_23_seq2seq_23_add_0.3,0.41100000000000003,0.40399999999999997,0.41700000000000004,0.434,0.303,0.33399999999999996,0.40399999999999997,0.32899999999999996,0.379,0.38299999999999995,0.37979999999999997,0.04129600464936046
rico_23_transformer_23_add_0.3,0.386,0.46,0.439,0.423,0.45899999999999996,0.369,0.45899999999999996,0.37,0.467,0.409,0.42410000000000003,0.03664819231558359
rico_23_transformer_mean_23_add_0.3,0.423,0.431,0.52,0.449,0.467,0.46399999999999997,0.414,0.483,0.41100000000000003,0.373,0.44350000000000006,0.03986038133284728
conv_re_23_conv_se_23_add_0.3,0.33399999999999996,0.41,0.311,0.38299999999999995,0.33899999999999997,0.36700000000000005,0.344,0.424,0.364,0.40299999999999997,0.3679,0.034912605173489986
rico_23_seq2seq_23_add_0.4,0.391,0.36,0.413,0.373,0.35700000000000004,0.35700000000000004,0.363,0.387,0.387,0.429,0.3817,0.023401068351680005
rico_23_transformer_23_add_0.4,0.424,0.42100000000000004,0.41100000000000003,0.4,0.371,0.44,0.384,0.439,0.446,0.41100000000000003,0.4147,0.023306865941177073
rico_23_transformer_mean_23_add_0.4,0.511,0.397,0.434,0.33299999999999996,0.47,0.444,0.42100000000000004,0.436,0.431,0.349,0.4226,0.05000239994240277
conv_re_23_conv_se_23_add_0.4,0.306,0.38,0.386,0.244,0.379,0.316,0.309,0.45299999999999996,0.35100000000000003,0.39399999999999996,0.3518,0.05617793161019725
rico_23_seq2seq_23_add_0.5,0.486,0.419,0.473,0.436,0.397,0.419,0.41,0.376,0.429,0.414,0.42590000000000006,0.0312360368805007
rico_23_transformer_23_add_0.5,0.436,0.41600000000000004,0.467,0.331,0.44,0.384,0.45899999999999996,0.40700000000000003,0.344,0.337,0.4021,0.04821711314460873
rico_23_transformer_mean_23_add_0.5,0.444,0.447,0.461,0.433,0.473,0.42,0.47100000000000003,0.381,0.39399999999999996,0.45299999999999996,0.4377000000000001,0.02952642883926196
conv_re_23_conv_se_23_add_0.5,0.36,0.253,0.349,0.386,0.364,0.281,0.34,0.466,0.40700000000000003,0.32,0.35259999999999997,0.05779307917043355
rico_23_seq2seq_23_add_0.6,0.42700000000000005,0.41,0.491,0.41,0.457,0.314,0.419,0.40299999999999997,0.40399999999999997,0.43,0.4165,0.042916779935125604
rico_23_transformer_23_add_0.6,0.39299999999999996,0.379,0.34,0.444,0.41,0.41,0.409,0.387,0.42,0.423,0.40149999999999997,0.02717075633838704
rico_23_transformer_mean_23_add_0.6,0.41600000000000004,0.431,0.44,0.48,0.37,0.474,0.43,0.396,0.42,0.413,0.42699999999999994,0.03128577951721835
conv_re_23_conv_se_23_add_0.6,0.36,0.27699999999999997,0.299,0.264,0.299,0.284,0.307,0.377,0.294,0.26899999999999996,0.303,0.03545137514963277
rico_23_seq2seq_23_add_0.7,0.45299999999999996,0.35,0.397,0.406,0.354,0.379,0.41,0.467,0.446,0.401,0.40630000000000005,0.03770954786257719
rico_23_transformer_23_add_0.7,0.5329999999999999,0.39399999999999996,0.424,0.401,0.386,0.456,0.419,0.311,0.41700000000000004,0.436,0.41769999999999996,0.05326171232696146
rico_23_transformer_mean_23_add_0.7,0.446,0.429,0.28,0.46399999999999997,0.376,0.419,0.41700000000000004,0.47,0.409,0.424,0.41340000000000005,0.05142022948217947
conv_re_23_conv_se_23_add_0.7,0.28600000000000003,0.201,0.35600000000000004,0.251,0.284,0.254,0.226,0.396,0.303,0.293,0.28500000000000003,0.05514163581178926
rico_23_seq2seq_23_add_0.8,0.35700000000000004,0.387,0.457,0.40399999999999997,0.436,0.44,0.433,0.39399999999999996,0.397,0.40700000000000003,0.4112,0.028473847650080587
rico_23_transformer_23_add_0.8,0.384,0.39399999999999996,0.40299999999999997,0.387,0.38,0.429,0.41,0.419,0.409,0.377,0.3992,0.016660132052297775
rico_23_transformer_mean_23_add_0.8,0.413,0.384,0.41100000000000003,0.33,0.361,0.36,0.307,0.37,0.381,0.397,0.37140000000000006,0.032103582354622046
conv_re_23_conv_se_23_add_0.8,0.231,0.217,0.33899999999999997,0.34,0.247,0.263,0.253,0.28300000000000003,0.301,0.21899999999999997,0.2693,0.043109279743461265
rico_23_seq2seq_23_add_0.9,0.38299999999999995,0.387,0.32299999999999995,0.374,0.327,0.40700000000000003,0.419,0.353,0.361,0.341,0.3675,0.0307416655371826
rico_23_transformer_23_add_0.9,0.354,0.33399999999999996,0.457,0.337,0.366,0.33399999999999996,0.369,0.369,0.35,0.311,0.3581,0.03740173792753487
rico_23_transformer_mean_23_add_0.9,0.307,0.371,0.434,0.32899999999999996,0.273,0.377,0.361,0.27,0.363,0.34299999999999997,0.3428,0.04760840261970569
conv_re_23_conv_se_23_add_0.9,0.29100000000000004,0.21,0.259,0.313,0.22399999999999998,0.27699999999999997,0.209,0.239,0.244,0.2,0.2466,0.03599777770918644
rico_23_seq2seq_23_cat_0.1,0.391,0.397,0.361,0.414,0.387,0.316,0.32299999999999995,0.36700000000000005,0.324,0.40299999999999997,0.36829999999999996,0.03433088988068908
rico_23_transformer_23_cat_0.1,0.37,0.48700000000000004,0.386,0.379,0.433,0.381,0.413,0.413,0.376,0.364,0.4002,0.03572897983430258
rico_23_transformer_mean_23_cat_0.1,0.376,0.40399999999999997,0.4,0.441,0.43700000000000006,0.423,0.364,0.449,0.41,0.38,0.40840000000000004,0.02768104044287354
conv_re_23_conv_se_23_cat_0.1,0.386,0.39299999999999996,0.34600000000000003,0.363,0.42100000000000004,0.39899999999999997,0.43700000000000006,0.33,0.431,0.466,0.39720000000000005,0.0405950735927403
rico_23_seq2seq_23_cat_0.2,0.33899999999999997,0.39399999999999996,0.41700000000000004,0.389,0.34299999999999997,0.316,0.41700000000000004,0.32899999999999996,0.381,0.39399999999999996,0.3719,0.03507549001795985
rico_23_transformer_23_cat_0.2,0.42,0.396,0.4,0.42,0.38299999999999995,0.41100000000000003,0.384,0.406,0.456,0.387,0.40630000000000005,0.021038298410280244
rico_23_transformer_mean_23_cat_0.2,0.40299999999999997,0.424,0.486,0.456,0.41100000000000003,0.391,0.433,0.434,0.474,0.466,0.4378,0.030178800506315683
conv_re_23_conv_se_23_cat_0.2,0.46,0.32299999999999995,0.413,0.32299999999999995,0.311,0.39899999999999997,0.40299999999999997,0.45,0.401,0.40299999999999997,0.38859999999999995,0.0497678611153825
rico_23_seq2seq_23_cat_0.3,0.397,0.42,0.42,0.39299999999999996,0.44299999999999995,0.361,0.374,0.361,0.441,0.436,0.4046,0.03031567251439426
rico_23_transformer_23_cat_0.3,0.45899999999999996,0.45899999999999996,0.457,0.449,0.39,0.381,0.42100000000000004,0.371,0.41700000000000004,0.426,0.42300000000000004,0.03167017524422622
rico_23_transformer_mean_23_cat_0.3,0.47,0.46,0.44,0.43,0.439,0.413,0.446,0.461,0.461,0.41100000000000003,0.44309999999999994,0.01947536905940424
conv_re_23_conv_se_23_cat_0.3,0.457,0.324,0.387,0.337,0.426,0.324,0.374,0.484,0.41,0.424,0.3947,0.05267076988235504
rico_23_seq2seq_23_cat_0.4,0.376,0.39299999999999996,0.41600000000000004,0.326,0.386,0.314,0.456,0.397,0.36,0.40299999999999997,0.3827,0.039635968513460094
rico_23_transformer_23_cat_0.4,0.35600000000000004,0.44,0.434,0.439,0.387,0.44299999999999995,0.409,0.396,0.414,0.5,0.4218,0.037110106440159926
rico_23_transformer_mean_23_cat_0.4,0.397,0.34,0.46399999999999997,0.40399999999999997,0.446,0.441,0.47,0.43700000000000006,0.469,0.527,0.43949999999999995,0.048035924056897245
conv_re_23_conv_se_23_cat_0.4,0.35600000000000004,0.32299999999999995,0.33,0.34299999999999997,0.273,0.28,0.376,0.374,0.344,0.27699999999999997,0.3276,0.03693561966449189
rico_23_seq2seq_23_cat_0.5,0.33299999999999996,0.466,0.483,0.40700000000000003,0.46,0.327,0.363,0.327,0.45899999999999996,0.46399999999999997,0.40890000000000004,0.06180202262062303
rico_23_transformer_23_cat_0.5,0.47600000000000003,0.444,0.447,0.469,0.44299999999999995,0.433,0.47100000000000003,0.353,0.47600000000000003,0.373,0.4385,0.04068476373287672
rico_23_transformer_mean_23_cat_0.5,0.401,0.44299999999999995,0.45299999999999996,0.46,0.467,0.38,0.493,0.447,0.47100000000000003,0.41700000000000004,0.4431999999999999,0.032670475968372414
conv_re_23_conv_se_23_cat_0.5,0.349,0.27399999999999997,0.303,0.34700000000000003,0.361,0.26899999999999996,0.36700000000000005,0.37,0.324,0.34299999999999997,0.3307,0.03516546601425895
rico_23_seq2seq_23_cat_0.6,0.439,0.309,0.42,0.419,0.41600000000000004,0.406,0.324,0.39,0.429,0.354,0.3906,0.0433640404021581
rico_23_transformer_23_cat_0.6,0.444,0.491,0.483,0.439,0.439,0.449,0.38,0.379,0.43,0.409,0.4343,0.03550507006048573
rico_23_transformer_mean_23_cat_0.6,0.369,0.473,0.429,0.436,0.426,0.45,0.431,0.413,0.449,0.46299999999999997,0.43389999999999995,0.027587859648765794
conv_re_23_conv_se_23_cat_0.6,0.314,0.27,0.35100000000000003,0.32,0.27,0.24600000000000002,0.29100000000000004,0.379,0.354,0.289,0.30840000000000006,0.040701842710128
rico_23_seq2seq_23_cat_0.7,0.374,0.511,0.43,0.45399999999999996,0.4,0.431,0.44,0.42,0.43700000000000006,0.39399999999999996,0.42910000000000004,0.03565234915121303
rico_23_transformer_23_cat_0.7,0.46299999999999997,0.36700000000000005,0.387,0.386,0.41,0.366,0.43700000000000006,0.466,0.434,0.456,0.4172000000000001,0.0370642685075532
rico_23_transformer_mean_23_cat_0.7,0.38,0.341,0.38,0.38299999999999995,0.461,0.41,0.359,0.49700000000000005,0.444,0.451,0.41059999999999997,0.04784809296095301
conv_re_23_conv_se_23_cat_0.7,0.28300000000000003,0.27,0.299,0.27899999999999997,0.32899999999999996,0.24100000000000002,0.29600000000000004,0.28600000000000003,0.349,0.32899999999999996,0.29610000000000003,0.03042186713533538
rico_23_seq2seq_23_cat_0.8,0.436,0.386,0.441,0.456,0.457,0.387,0.36700000000000005,0.384,0.433,0.46399999999999997,0.42110000000000003,0.034358259560111584
rico_23_transformer_23_cat_0.8,0.419,0.424,0.423,0.359,0.379,0.40399999999999997,0.40700000000000003,0.364,0.33899999999999997,0.413,0.39309999999999995,0.028918679084633175
rico_23_transformer_mean_23_cat_0.8,0.436,0.439,0.374,0.373,0.42700000000000005,0.354,0.32899999999999996,0.409,0.364,0.331,0.3836,0.03944160240152523
conv_re_23_conv_se_23_cat_0.8,0.306,0.26,0.299,0.29100000000000004,0.26899999999999996,0.281,0.306,0.353,0.271,0.276,0.2912,0.025549168283918747
rico_23_seq2seq_23_cat_0.9,0.40299999999999997,0.42,0.307,0.439,0.344,0.461,0.41,0.35,0.317,0.369,0.382,0.049644737888320044
rico_23_transformer_23_cat_0.9,0.461,0.33899999999999997,0.314,0.314,0.304,0.307,0.327,0.316,0.424,0.42,0.35259999999999997,0.05567081820846538
rico_23_transformer_mean_23_cat_0.9,0.361,0.359,0.424,0.34299999999999997,0.43,0.313,0.373,0.366,0.364,0.311,0.36439999999999995,0.03731541236540205
conv_re_23_conv_se_23_cat_0.9,0.314,0.21600000000000003,0.27,0.297,0.294,0.22899999999999998,0.273,0.304,0.247,0.287,0.2731,0.031184771924771225
rico_23_conv_se_23_add_0.1,0.441,0.45399999999999996,0.444,0.387,0.414,0.433,0.42700000000000005,0.4,0.426,0.507,0.4333,0.031228352502173398
seq2seq_23_conv_se_23_add_0.1,0.441,0.45399999999999996,0.434,0.387,0.414,0.433,0.44299999999999995,0.369,0.426,0.507,0.43079999999999996,0.03557471011828487
transformer_23_conv_se_23_add_0.1,0.441,0.45399999999999996,0.44299999999999995,0.349,0.336,0.433,0.42700000000000005,0.369,0.426,0.439,0.4117,0.04092688602862426
transformer_mean_23_conv_se_23_add_0.1,0.441,0.45399999999999996,0.444,0.387,0.336,0.433,0.42700000000000005,0.369,0.426,0.507,0.42239999999999994,0.04548010554077463
rico_23_conv_se_23_cat_0.1,0.441,0.45399999999999996,0.444,0.387,0.336,0.433,0.42700000000000005,0.4,0.426,0.507,0.4255,0.042706556873623035
seq2seq_23_conv_se_23_cat_0.1,0.441,0.45399999999999996,0.444,0.387,0.336,0.433,0.42700000000000005,0.4,0.426,0.507,0.4255,0.042706556873623035
transformer_23_conv_se_23_cat_0.1,0.441,0.45399999999999996,0.444,0.387,0.336,0.433,0.42700000000000005,0.4,0.426,0.507,0.4255,0.042706556873623035
transformer_mean_23_conv_se_23_cat_0.1,0.441,0.45399999999999996,0.444,0.387,0.336,0.433,0.42700000000000005,0.4,0.426,0.507,0.4255,0.042706556873623035
rico_23_conv_se_23_add_0.2,0.441,0.45399999999999996,0.444,0.349,0.41600000000000004,0.433,0.42700000000000005,0.4,0.426,0.507,0.42969999999999997,0.03809475029449596
seq2seq_23_conv_se_23_add_0.2,0.39399999999999996,0.45399999999999996,0.434,0.354,0.414,0.423,0.44299999999999995,0.363,0.426,0.503,0.4208,0.04138308833327933
transformer_23_conv_se_23_add_0.2,0.441,0.45399999999999996,0.44299999999999995,0.354,0.336,0.433,0.433,0.369,0.426,0.439,0.4128,0.04044205731661038
transformer_mean_23_conv_se_23_add_0.2,0.441,0.45399999999999996,0.444,0.387,0.336,0.433,0.42700000000000005,0.363,0.426,0.439,0.4149999999999999,0.03732559443598989
rico_23_conv_se_23_cat_0.2,0.441,0.45399999999999996,0.444,0.387,0.336,0.433,0.42700000000000005,0.4,0.426,0.507,0.4255,0.042706556873623035
seq2seq_23_conv_se_23_cat_0.2,0.441,0.45399999999999996,0.444,0.387,0.336,0.433,0.42700000000000005,0.4,0.426,0.507,0.4255,0.042706556873623035
transformer_23_conv_se_23_cat_0.2,0.441,0.45399999999999996,0.444,0.387,0.336,0.433,0.42700000000000005,0.4,0.426,0.507,0.4255,0.042706556873623035
transformer_mean_23_conv_se_23_cat_0.2,0.441,0.45399999999999996,0.444,0.387,0.336,0.433,0.42700000000000005,0.4,0.426,0.507,0.4255,0.042706556873623035
rico_23_conv_se_23_add_0.3,0.441,0.45399999999999996,0.444,0.349,0.41600000000000004,0.433,0.44299999999999995,0.4,0.426,0.503,0.4309,0.03750319986347832
seq2seq_23_conv_se_23_add_0.3,0.39399999999999996,0.45399999999999996,0.434,0.354,0.40299999999999997,0.43,0.41700000000000004,0.363,0.426,0.494,0.41690000000000005,0.039302544446893004
transformer_23_conv_se_23_add_0.3,0.441,0.46399999999999997,0.44299999999999995,0.354,0.336,0.433,0.424,0.363,0.426,0.439,0.41229999999999994,0.04189999999999999
transformer_mean_23_conv_se_23_add_0.3,0.429,0.45399999999999996,0.44299999999999995,0.349,0.336,0.433,0.433,0.363,0.426,0.439,0.4105,0.041163697598733756
rico_23_conv_se_23_cat_0.3,0.441,0.45399999999999996,0.444,0.387,0.336,0.433,0.42700000000000005,0.4,0.426,0.507,0.4255,0.042706556873623035
seq2seq_23_conv_se_23_cat_0.3,0.441,0.45399999999999996,0.444,0.387,0.336,0.433,0.42700000000000005,0.4,0.426,0.507,0.4255,0.042706556873623035
transformer_23_conv_se_23_cat_0.3,0.441,0.45399999999999996,0.444,0.387,0.336,0.433,0.42700000000000005,0.4,0.426,0.507,0.4255,0.042706556873623035
transformer_mean_23_conv_se_23_cat_0.3,0.441,0.45399999999999996,0.444,0.387,0.336,0.433,0.42700000000000005,0.4,0.426,0.507,0.4255,0.042706556873623035
rico_23_conv_se_23_add_0.4,0.424,0.444,0.434,0.326,0.436,0.433,0.46299999999999997,0.4,0.426,0.503,0.42889999999999995,0.04293122406826993
seq2seq_23_conv_se_23_add_0.4,0.39399999999999996,0.45399999999999996,0.406,0.354,0.45299999999999996,0.467,0.41700000000000004,0.363,0.41100000000000003,0.496,0.4215,0.04332955111699174
transformer_23_conv_se_23_add_0.4,0.441,0.46399999999999997,0.44299999999999995,0.354,0.336,0.45,0.424,0.363,0.41100000000000003,0.439,0.4125,0.04285148772213165
transformer_mean_23_conv_se_23_add_0.4,0.429,0.46399999999999997,0.44299999999999995,0.349,0.336,0.45,0.424,0.363,0.426,0.439,0.4123,0.043141743126582165
rico_23_conv_se_23_cat_0.4,0.441,0.45399999999999996,0.444,0.387,0.336,0.433,0.42700000000000005,0.4,0.426,0.507,0.4255,0.042706556873623035
seq2seq_23_conv_se_23_cat_0.4,0.441,0.45399999999999996,0.444,0.387,0.336,0.433,0.42700000000000005,0.4,0.426,0.507,0.4255,0.042706556873623035
transformer_23_conv_se_23_cat_0.4,0.441,0.45399999999999996,0.444,0.387,0.336,0.433,0.42700000000000005,0.4,0.426,0.507,0.4255,0.042706556873623035
transformer_mean_23_conv_se_23_cat_0.4,0.441,0.45399999999999996,0.444,0.387,0.336,0.433,0.42700000000000005,0.4,0.426,0.507,0.4255,0.042706556873623035
rico_23_conv_se_23_add_0.5,0.409,0.444,0.439,0.326,0.436,0.433,0.493,0.4,0.473,0.45399999999999996,0.43069999999999997,0.04343742625893021
seq2seq_23_conv_se_23_add_0.5,0.45399999999999996,0.44299999999999995,0.406,0.35,0.45299999999999996,0.467,0.41700000000000004,0.38299999999999995,0.41100000000000003,0.467,0.42510000000000003,0.0367245149729714
transformer_23_conv_se_23_add_0.5,0.43700000000000006,0.46399999999999997,0.44299999999999995,0.354,0.397,0.45,0.42,0.363,0.41,0.439,0.41769999999999996,0.034922915113145984
transformer_mean_23_conv_se_23_add_0.5,0.429,0.46399999999999997,0.44299999999999995,0.326,0.336,0.45,0.42,0.363,0.426,0.439,0.4096,0.04679999999999999
rico_23_conv_se_23_cat_0.5,0.441,0.45399999999999996,0.444,0.387,0.336,0.433,0.42700000000000005,0.4,0.426,0.507,0.4255,0.042706556873623035
seq2seq_23_conv_se_23_cat_0.5,0.441,0.45399999999999996,0.444,0.387,0.336,0.433,0.42700000000000005,0.4,0.426,0.507,0.4255,0.042706556873623035
transformer_23_conv_se_23_cat_0.5,0.441,0.45399999999999996,0.444,0.387,0.336,0.433,0.42700000000000005,0.4,0.426,0.507,0.4255,0.042706556873623035
transformer_mean_23_conv_se_23_cat_0.5,0.441,0.45399999999999996,0.444,0.387,0.336,0.433,0.42700000000000005,0.4,0.426,0.507,0.4255,0.042706556873623035
rico_23_conv_se_23_add_0.6,0.42700000000000005,0.444,0.401,0.297,0.436,0.433,0.493,0.40700000000000003,0.473,0.40399999999999997,0.4215,0.050080435301622525
seq2seq_23_conv_se_23_add_0.6,0.509,0.344,0.39,0.386,0.45399999999999996,0.45,0.43700000000000006,0.38299999999999995,0.419,0.479,0.42510000000000003,0.047632866804340056
transformer_23_conv_se_23_add_0.6,0.43,0.43700000000000006,0.491,0.326,0.397,0.45,0.42,0.33,0.41,0.439,0.4130000000000001,0.04875038461386741
transformer_mean_23_conv_se_23_add_0.6,0.42700000000000005,0.466,0.406,0.354,0.40299999999999997,0.45,0.42,0.363,0.41,0.439,0.4138,0.03351357933733729
rico_23_conv_se_23_cat_0.6,0.441,0.45399999999999996,0.444,0.387,0.336,0.433,0.42700000000000005,0.4,0.426,0.507,0.4255,0.042706556873623035
seq2seq_23_conv_se_23_cat_0.6,0.441,0.45399999999999996,0.434,0.386,0.44299999999999995,0.45,0.48,0.4,0.414,0.46399999999999997,0.4366,0.027557938965024203
transformer_23_conv_se_23_cat_0.6,0.441,0.45399999999999996,0.444,0.387,0.336,0.433,0.42700000000000005,0.4,0.426,0.439,0.41869999999999996,0.03363941140983295
transformer_mean_23_conv_se_23_cat_0.6,0.441,0.45399999999999996,0.444,0.387,0.336,0.433,0.42700000000000005,0.4,0.426,0.507,0.4255,0.042706556873623035
rico_23_conv_se_23_add_0.7,0.40299999999999997,0.5,0.401,0.297,0.43700000000000006,0.433,0.49,0.33,0.469,0.406,0.4166,0.061740100421039154
seq2seq_23_conv_se_23_add_0.7,0.35600000000000004,0.47,0.39,0.386,0.41,0.48100000000000004,0.439,0.38299999999999995,0.441,0.441,0.4197,0.03883825433770163
transformer_23_conv_se_23_add_0.7,0.43,0.43700000000000006,0.469,0.326,0.397,0.45,0.42,0.33,0.39,0.46399999999999997,0.41130000000000005,0.04820176345321817
transformer_mean_23_conv_se_23_add_0.7,0.42700000000000005,0.461,0.384,0.317,0.397,0.45,0.42,0.363,0.41100000000000003,0.439,0.4069,0.04127820248024374
rico_23_conv_se_23_cat_0.7,0.441,0.45399999999999996,0.44299999999999995,0.387,0.426,0.45,0.42700000000000005,0.4,0.426,0.507,0.43610000000000004,0.031004677066533037
seq2seq_23_conv_se_23_cat_0.7,0.441,0.456,0.434,0.386,0.441,0.45,0.41,0.4,0.414,0.457,0.42890000000000006,0.023543364245578843
transformer_23_conv_se_23_cat_0.7,0.441,0.41600000000000004,0.444,0.387,0.336,0.45,0.44299999999999995,0.4,0.414,0.469,0.42000000000000004,0.03666606060105174
transformer_mean_23_conv_se_23_cat_0.7,0.441,0.45399999999999996,0.444,0.387,0.336,0.433,0.44299999999999995,0.4,0.414,0.469,0.42210000000000003,0.03716032830856045
rico_23_conv_se_23_add_0.8,0.38299999999999995,0.461,0.301,0.297,0.396,0.507,0.514,0.33,0.39399999999999996,0.516,0.40990000000000004,0.08142045197614664
seq2seq_23_conv_se_23_add_0.8,0.434,0.484,0.47,0.40299999999999997,0.457,0.42100000000000004,0.47700000000000004,0.33,0.504,0.41600000000000004,0.4396,0.047989998958116266
transformer_23_conv_se_23_add_0.8,0.42700000000000005,0.424,0.436,0.331,0.457,0.489,0.42,0.319,0.396,0.466,0.4164999999999999,0.05209846446873458
transformer_mean_23_conv_se_23_add_0.8,0.42700000000000005,0.40299999999999997,0.36700000000000005,0.326,0.39899999999999997,0.5,0.45299999999999996,0.384,0.39,0.439,0.4088,0.04606039513508323
rico_23_conv_se_23_cat_0.8,0.441,0.46,0.44299999999999995,0.386,0.434,0.45,0.42700000000000005,0.4,0.414,0.45,0.43050000000000005,0.02259314055194629
seq2seq_23_conv_se_23_cat_0.8,0.48100000000000004,0.45,0.381,0.386,0.431,0.467,0.436,0.33,0.414,0.42100000000000004,0.4197,0.0424500883391307
transformer_23_conv_se_23_cat_0.8,0.441,0.42,0.444,0.386,0.447,0.45,0.456,0.33,0.414,0.466,0.42540000000000006,0.0388051542968199
transformer_mean_23_conv_se_23_cat_0.8,0.441,0.42,0.444,0.387,0.44299999999999995,0.45,0.419,0.4,0.414,0.469,0.42869999999999997,0.023698312176186714
rico_23_conv_se_23_add_0.9,0.391,0.439,0.424,0.33399999999999996,0.359,0.447,0.467,0.40700000000000003,0.486,0.41700000000000004,0.4171,0.04441047173809349
seq2seq_23_conv_se_23_add_0.9,0.449,0.424,0.424,0.32,0.366,0.51,0.397,0.441,0.414,0.41600000000000004,0.4161,0.047706288893603954
transformer_23_conv_se_23_add_0.9,0.413,0.45899999999999996,0.44,0.371,0.414,0.506,0.45299999999999996,0.363,0.41100000000000003,0.489,0.4319,0.044234488806812265
transformer_mean_23_conv_se_23_add_0.9,0.413,0.45,0.386,0.287,0.433,0.423,0.469,0.33,0.40399999999999997,0.457,0.40519999999999995,0.05468784142750562
rico_23_conv_se_23_cat_0.9,0.434,0.366,0.39899999999999997,0.389,0.38,0.503,0.474,0.33,0.41700000000000004,0.466,0.41580000000000006,0.05095841441803306
seq2seq_23_conv_se_23_cat_0.9,0.316,0.441,0.36,0.359,0.44299999999999995,0.42700000000000005,0.517,0.46399999999999997,0.46,0.321,0.41079999999999994,0.06407464397091879
transformer_23_conv_se_23_cat_0.9,0.353,0.419,0.37,0.386,0.34700000000000003,0.474,0.496,0.33,0.36700000000000005,0.491,0.40330000000000005,0.05943744610933413
transformer_mean_23_conv_se_23_cat_0.9,0.389,0.46,0.4,0.387,0.40700000000000003,0.483,0.49700000000000005,0.38299999999999995,0.42700000000000005,0.516,0.4349,0.04746672518722985
rico_23_conv_re_23_add_0.1,0.26899999999999996,0.193,0.266,0.287,0.27899999999999997,0.253,0.281,0.259,0.23399999999999999,0.221,0.2542,0.028368292158676027
seq2seq_23_conv_re_23_add_0.1,0.26899999999999996,0.193,0.266,0.287,0.249,0.253,0.281,0.259,0.23600000000000002,0.254,0.25470000000000004,0.02505613697280568
transformer_23_conv_re_23_add_0.1,0.26899999999999996,0.193,0.266,0.287,0.27899999999999997,0.253,0.281,0.259,0.239,0.221,0.2547,0.02805013368952098
transformer_mean_23_conv_re_23_add_0.1,0.26899999999999996,0.193,0.266,0.287,0.27899999999999997,0.253,0.281,0.259,0.253,0.254,0.25939999999999996,0.025036772954995613
rico_23_conv_re_23_cat_0.1,0.26899999999999996,0.193,0.266,0.287,0.28600000000000003,0.253,0.281,0.259,0.253,0.221,0.25680000000000003,0.028230479981750222
seq2seq_23_conv_re_23_cat_0.1,0.26899999999999996,0.193,0.266,0.287,0.28600000000000003,0.253,0.281,0.259,0.253,0.221,0.25680000000000003,0.028230479981750222
transformer_23_conv_re_23_cat_0.1,0.26899999999999996,0.193,0.266,0.287,0.28600000000000003,0.253,0.281,0.259,0.253,0.221,0.25680000000000003,0.028230479981750222
transformer_mean_23_conv_re_23_cat_0.1,0.26899999999999996,0.193,0.266,0.287,0.28600000000000003,0.253,0.281,0.259,0.253,0.221,0.25680000000000003,0.028230479981750222
rico_23_conv_re_23_add_0.2,0.26899999999999996,0.193,0.266,0.287,0.28,0.253,0.281,0.259,0.239,0.221,0.2548,0.028138230221533125
seq2seq_23_conv_re_23_add_0.2,0.26899999999999996,0.193,0.266,0.287,0.297,0.26899999999999996,0.281,0.259,0.23600000000000002,0.254,0.2611,0.02797659736279592
transformer_23_conv_re_23_add_0.2,0.26899999999999996,0.193,0.266,0.287,0.264,0.253,0.281,0.259,0.25,0.254,0.2576,0.024331872102244825
transformer_mean_23_conv_re_23_add_0.2,0.26899999999999996,0.193,0.266,0.287,0.264,0.253,0.281,0.259,0.263,0.254,0.2589,0.024238193001954577
rico_23_conv_re_23_cat_0.2,0.26899999999999996,0.193,0.266,0.287,0.28600000000000003,0.253,0.281,0.259,0.253,0.221,0.25680000000000003,0.028230479981750222
seq2seq_23_conv_re_23_cat_0.2,0.26899999999999996,0.193,0.266,0.287,0.28600000000000003,0.253,0.281,0.259,0.253,0.221,0.25680000000000003,0.028230479981750222
transformer_23_conv_re_23_cat_0.2,0.26899999999999996,0.193,0.266,0.287,0.28600000000000003,0.253,0.281,0.259,0.253,0.221,0.25680000000000003,0.028230479981750222
transformer_mean_23_conv_re_23_cat_0.2,0.26899999999999996,0.193,0.266,0.287,0.28600000000000003,0.253,0.281,0.259,0.253,0.221,0.25680000000000003,0.028230479981750222
rico_23_conv_re_23_add_0.3,0.26899999999999996,0.193,0.266,0.287,0.28,0.253,0.281,0.259,0.237,0.221,0.25460000000000005,0.028256680626004182
seq2seq_23_conv_re_23_add_0.3,0.26899999999999996,0.19699999999999998,0.266,0.294,0.297,0.26899999999999996,0.281,0.28,0.23399999999999999,0.254,0.26409999999999995,0.02841988740301411
transformer_23_conv_re_23_add_0.3,0.26899999999999996,0.193,0.266,0.287,0.28,0.253,0.281,0.226,0.251,0.254,0.256,0.027088743049466138
transformer_mean_23_conv_re_23_add_0.3,0.26899999999999996,0.193,0.266,0.287,0.264,0.253,0.281,0.259,0.249,0.254,0.2575,0.024364933818912783
rico_23_conv_re_23_cat_0.3,0.26899999999999996,0.193,0.266,0.287,0.28600000000000003,0.253,0.281,0.259,0.253,0.221,0.25680000000000003,0.028230479981750222
seq2seq_23_conv_re_23_cat_0.3,0.26899999999999996,0.193,0.266,0.287,0.28600000000000003,0.253,0.281,0.259,0.253,0.221,0.25680000000000003,0.028230479981750222
transformer_23_conv_re_23_cat_0.3,0.26899999999999996,0.193,0.266,0.287,0.28600000000000003,0.253,0.281,0.259,0.253,0.221,0.25680000000000003,0.028230479981750222
transformer_mean_23_conv_re_23_cat_0.3,0.26899999999999996,0.193,0.266,0.287,0.28600000000000003,0.253,0.281,0.259,0.253,0.221,0.25680000000000003,0.028230479981750222
rico_23_conv_re_23_add_0.4,0.26899999999999996,0.193,0.304,0.287,0.28,0.253,0.281,0.259,0.237,0.221,0.2584,0.0318596924027838
seq2seq_23_conv_re_23_add_0.4,0.27899999999999997,0.217,0.266,0.36700000000000005,0.297,0.26899999999999996,0.281,0.28,0.23399999999999999,0.256,0.27460000000000007,0.03813974305104848
transformer_23_conv_re_23_add_0.4,0.26899999999999996,0.193,0.266,0.287,0.28,0.253,0.281,0.226,0.263,0.256,0.25739999999999996,0.027089481353470023
transformer_mean_23_conv_re_23_add_0.4,0.26899999999999996,0.193,0.304,0.287,0.28,0.253,0.281,0.259,0.25,0.254,0.263,0.028586710198971826
rico_23_conv_re_23_cat_0.4,0.26899999999999996,0.193,0.266,0.287,0.28600000000000003,0.253,0.281,0.259,0.253,0.221,0.25680000000000003,0.028230479981750222
seq2seq_23_conv_re_23_cat_0.4,0.26899999999999996,0.193,0.266,0.287,0.28600000000000003,0.253,0.281,0.259,0.253,0.221,0.25680000000000003,0.028230479981750222
transformer_23_conv_re_23_cat_0.4,0.26899999999999996,0.193,0.266,0.287,0.28600000000000003,0.253,0.281,0.259,0.253,0.221,0.25680000000000003,0.028230479981750222
transformer_mean_23_conv_re_23_cat_0.4,0.26899999999999996,0.193,0.266,0.287,0.28600000000000003,0.253,0.281,0.259,0.253,0.221,0.25680000000000003,0.028230479981750222
rico_23_conv_re_23_add_0.5,0.28300000000000003,0.193,0.304,0.287,0.276,0.253,0.281,0.226,0.23600000000000002,0.191,0.253,0.03798947222586805
seq2seq_23_conv_re_23_add_0.5,0.32299999999999995,0.217,0.266,0.36700000000000005,0.297,0.26899999999999996,0.281,0.22899999999999998,0.23399999999999999,0.256,0.2739,0.04349126349049888
transformer_23_conv_re_23_add_0.5,0.26899999999999996,0.193,0.266,0.281,0.261,0.25,0.281,0.27,0.263,0.256,0.259,0.02388304838164509
transformer_mean_23_conv_re_23_add_0.5,0.26899999999999996,0.193,0.27399999999999997,0.287,0.28,0.253,0.281,0.28600000000000003,0.263,0.254,0.264,0.026355265128622782
rico_23_conv_re_23_cat_0.5,0.26899999999999996,0.193,0.266,0.287,0.27899999999999997,0.253,0.281,0.259,0.253,0.221,0.2561,0.02757698315624825
seq2seq_23_conv_re_23_cat_0.5,0.26899999999999996,0.193,0.304,0.287,0.29,0.253,0.281,0.259,0.253,0.221,0.261,0.031915513469157906
transformer_23_conv_re_23_cat_0.5,0.26899999999999996,0.193,0.266,0.0,0.27899999999999997,0.253,0.281,0.259,0.253,0.221,0.2274,0.08000024999960936
transformer_mean_23_conv_re_23_cat_0.5,0.26899999999999996,0.193,0.266,0.287,0.28600000000000003,0.253,0.281,0.259,0.253,0.221,0.25680000000000003,0.028230479981750222
rico_23_conv_re_23_add_0.6,0.28300000000000003,0.193,0.304,0.27,0.32899999999999996,0.253,0.28300000000000003,0.226,0.23600000000000002,0.191,0.25680000000000003,0.04334005076139159
seq2seq_23_conv_re_23_add_0.6,0.29,0.21,0.284,0.287,0.26,0.247,0.281,0.256,0.23600000000000002,0.256,0.26070000000000004,0.02432714533191266
transformer_23_conv_re_23_add_0.6,0.26899999999999996,0.22399999999999998,0.263,0.281,0.26,0.253,0.281,0.253,0.28,0.254,0.2618,0.01664211525017179
transformer_mean_23_conv_re_23_add_0.6,0.276,0.193,0.27399999999999997,0.281,0.28,0.253,0.28300000000000003,0.28600000000000003,0.263,0.254,0.2643,0.026260426500725388
rico_23_conv_re_23_cat_0.6,0.26899999999999996,0.193,0.266,0.287,0.27899999999999997,0.253,0.281,0.259,0.253,0.221,0.2561,0.02757698315624825
seq2seq_23_conv_re_23_cat_0.6,0.26899999999999996,0.193,0.26899999999999996,0.287,0.306,0.253,0.281,0.244,0.253,0.251,0.26060000000000005,0.028928186946298586
transformer_23_conv_re_23_cat_0.6,0.26899999999999996,0.193,0.266,0.287,0.27899999999999997,0.253,0.281,0.259,0.253,0.221,0.2561,0.02757698315624825
transformer_mean_23_conv_re_23_cat_0.6,0.26899999999999996,0.193,0.266,0.287,0.27899999999999997,0.253,0.281,0.259,0.253,0.221,0.2561,0.02757698315624825
rico_23_conv_re_23_add_0.7,0.317,0.193,0.263,0.21,0.311,0.231,0.294,0.24,0.237,0.24100000000000002,0.25370000000000004,0.039671274242202
seq2seq_23_conv_re_23_add_0.7,0.28300000000000003,0.23399999999999999,0.247,0.307,0.221,0.253,0.303,0.21899999999999997,0.23600000000000002,0.256,0.2559,0.030177640729520262
transformer_23_conv_re_23_add_0.7,0.26899999999999996,0.22399999999999998,0.263,0.287,0.3,0.253,0.281,0.259,0.31,0.214,0.266,0.029089517012147178
transformer_mean_23_conv_re_23_add_0.7,0.276,0.193,0.27399999999999997,0.276,0.26,0.253,0.28300000000000003,0.287,0.281,0.254,0.2637,0.026161230857893517
rico_23_conv_re_23_cat_0.7,0.26899999999999996,0.193,0.266,0.287,0.29,0.253,0.281,0.259,0.253,0.221,0.2572,0.028666356587470264
seq2seq_23_conv_re_23_cat_0.7,0.28300000000000003,0.193,0.26,0.287,0.27899999999999997,0.253,0.281,0.24100000000000002,0.253,0.251,0.2581,0.026557296549159514
transformer_23_conv_re_23_cat_0.7,0.26899999999999996,0.193,0.304,0.287,0.3,0.253,0.281,0.259,0.253,0.221,0.262,0.032948444576337735
transformer_mean_23_conv_re_23_cat_0.7,0.26899999999999996,0.193,0.304,0.287,0.27899999999999997,0.253,0.281,0.259,0.253,0.254,0.2632,0.02840704138061547
rico_23_conv_re_23_add_0.8,0.317,0.22,0.284,0.233,0.217,0.24,0.294,0.22399999999999998,0.26899999999999996,0.21899999999999997,0.2517,0.03453708152117083
seq2seq_23_conv_re_23_add_0.8,0.299,0.183,0.313,0.303,0.27699999999999997,0.231,0.33299999999999996,0.287,0.264,0.257,0.27470000000000006,0.0414247510553775
transformer_23_conv_re_23_add_0.8,0.26899999999999996,0.18100000000000002,0.254,0.29,0.28300000000000003,0.253,0.307,0.281,0.24,0.28300000000000003,0.26410000000000006,0.03353639813694965
transformer_mean_23_conv_re_23_add_0.8,0.287,0.19899999999999998,0.267,0.276,0.319,0.253,0.28300000000000003,0.266,0.257,0.267,0.26739999999999997,0.028914356295791893
rico_23_conv_re_23_cat_0.8,0.26899999999999996,0.193,0.26,0.271,0.306,0.253,0.281,0.24600000000000002,0.253,0.221,0.2553,0.02973566881709574
seq2seq_23_conv_re_23_cat_0.8,0.26899999999999996,0.21,0.27,0.29,0.31,0.24600000000000002,0.281,0.3,0.276,0.174,0.2626,0.039877813380374806
transformer_23_conv_re_23_cat_0.8,0.26899999999999996,0.193,0.26899999999999996,0.287,0.304,0.253,0.281,0.223,0.253,0.251,0.2583,0.030456690562173688
transformer_mean_23_conv_re_23_cat_0.8,0.26899999999999996,0.193,0.266,0.287,0.304,0.253,0.281,0.263,0.253,0.254,0.26230000000000003,0.02793223943761044
rico_23_conv_re_23_add_0.9,0.281,0.166,0.259,0.281,0.267,0.24,0.213,0.249,0.254,0.233,0.24430000000000002,0.03286046256521658
seq2seq_23_conv_re_23_add_0.9,0.29600000000000004,0.21899999999999997,0.293,0.327,0.261,0.263,0.301,0.289,0.20600000000000002,0.31,0.27649999999999997,0.037122095846005246
transformer_23_conv_re_23_add_0.9,0.293,0.237,0.27399999999999997,0.35100000000000003,0.309,0.253,0.273,0.251,0.239,0.273,0.2753,0.033262741919450965
transformer_mean_23_conv_re_23_add_0.9,0.42100000000000004,0.231,0.26899999999999996,0.32899999999999996,0.28600000000000003,0.253,0.303,0.319,0.26899999999999996,0.20600000000000002,0.2886,0.05698806892674992
rico_23_conv_re_23_cat_0.9,0.26899999999999996,0.20600000000000002,0.214,0.321,0.26,0.21899999999999997,0.281,0.18100000000000002,0.244,0.226,0.24210000000000004,0.03924907642225483
seq2seq_23_conv_re_23_cat_0.9,0.299,0.21899999999999997,0.319,0.259,0.25,0.20600000000000002,0.294,0.37,0.247,0.294,0.2757,0.046707708143303286
transformer_23_conv_re_23_cat_0.9,0.287,0.209,0.24600000000000002,0.324,0.27699999999999997,0.21899999999999997,0.294,0.259,0.254,0.2,0.2569,0.037800661369875525
transformer_mean_23_conv_re_23_cat_0.9,0.26,0.20600000000000002,0.263,0.364,0.21100000000000002,0.21899999999999997,0.281,0.207,0.244,0.204,0.2459,0.0474098091116174
rico_34,0.434,,,,,,,,,,0.434,0.0
seq2seq_34,0.414,0.39,0.41100000000000003,0.41600000000000004,0.414,0.39,0.41200000000000003,0.355,0.39899999999999997,0.445,0.4046,0.02225398840657558
transformer_34,0.44,0.385,0.47700000000000004,0.426,0.43200000000000005,0.45299999999999996,0.47,0.4,0.489,0.35200000000000004,0.4324,0.041097931821443265
transformer_mean_34,0.474,0.485,0.502,0.49700000000000005,0.474,0.429,0.473,0.43,0.46799999999999997,0.46299999999999997,0.4694999999999999,0.02313114783144149
conv_se_34,0.41200000000000003,0.484,0.358,0.392,0.46799999999999997,0.44299999999999995,0.425,0.456,0.457,0.434,0.43289999999999995,0.035836992061276565
conv_re_34,0.32,0.231,0.33,0.3,0.302,0.287,0.315,0.29600000000000004,0.28,0.33299999999999996,0.29940000000000005,0.02821418083163145
rico_34_seq2seq_34_add,0.45299999999999996,0.46299999999999997,0.507,0.45399999999999996,0.46299999999999997,0.469,0.425,0.465,0.429,0.493,0.46209999999999996,0.023767414667986087
rico_34_transformer_34_add,0.42700000000000005,0.426,0.483,0.495,0.505,0.47,0.449,0.39399999999999996,0.48700000000000004,0.457,0.4593,0.033666155111625094
rico_34_transformer_mean_34_add,0.485,0.49200000000000005,0.52,0.507,0.493,0.413,0.473,0.512,0.498,0.461,0.4854,0.029363923443572738
conv_re_34_conv_se_34_add,0.428,0.397,0.41700000000000004,0.414,0.337,0.327,0.365,0.44,0.37799999999999995,0.41100000000000003,0.39139999999999997,0.036423069612540895
rico_34_seq2seq_34_cat,0.49700000000000005,0.425,0.49200000000000005,0.451,0.462,0.48,0.449,0.46299999999999997,0.489,0.47100000000000003,0.46790000000000004,0.02137966323401752
rico_34_transformer_34_cat,0.531,0.47600000000000003,0.488,0.485,0.49200000000000005,0.449,0.49200000000000005,0.47200000000000003,0.52,0.479,0.48839999999999995,0.022168446043870554
rico_34_transformer_mean_34_cat,0.48200000000000004,0.445,0.513,0.484,0.53,0.517,0.502,0.475,0.556,0.46299999999999997,0.4967,0.031603955448646
conv_re_34_conv_se_34_cat,0.396,0.32299999999999995,0.441,0.363,0.39,0.32,0.36700000000000005,0.41100000000000003,0.38,0.406,0.3797,0.03608337567357024
rico_34_conv_se_34_add,0.44799999999999995,0.484,0.48700000000000004,0.38,0.512,0.49200000000000005,0.442,0.41200000000000003,0.428,0.43700000000000006,0.45220000000000005,0.0389224870736699
seq2seq_34_conv_se_34_add,0.45,0.502,0.44299999999999995,0.44,0.462,0.461,0.49200000000000005,0.35600000000000004,0.419,0.511,0.45359999999999995,0.04274388845203487
transformer_34_conv_se_34_add,0.44799999999999995,0.51,0.48700000000000004,0.397,0.513,0.508,0.428,0.369,0.41700000000000004,0.43700000000000006,0.4514,0.04837189266505912
transformer_mean_34_conv_se_34_add,0.449,0.527,0.48700000000000004,0.43700000000000006,0.513,0.508,0.428,0.38,0.41700000000000004,0.43700000000000006,0.45830000000000004,0.045556668008097344
rico_34_conv_se_34_cat,0.449,0.484,0.506,0.414,0.442,0.49200000000000005,0.442,0.41200000000000003,0.433,0.43700000000000006,0.4511,0.03061192578064961
seq2seq_34_conv_se_34_cat,0.449,0.527,0.48700000000000004,0.38,0.5,0.39799999999999996,0.442,0.41200000000000003,0.433,0.43700000000000006,0.44650000000000006,0.043870833135467135
transformer_34_conv_se_34_cat,0.449,0.484,0.48700000000000004,0.414,0.442,0.49200000000000005,0.442,0.41200000000000003,0.433,0.43700000000000006,0.4492000000000001,0.027585503439306675
transformer_mean_34_conv_se_34_cat,0.449,0.484,0.506,0.414,0.442,0.49200000000000005,0.442,0.41200000000000003,0.433,0.43700000000000006,0.4511,0.03061192578064961
rico_34_conv_re_34_add,0.384,0.263,0.27699999999999997,0.297,0.23199999999999998,0.282,0.29100000000000004,0.248,0.271,0.275,0.282,0.038629004646767696
seq2seq_34_conv_re_34_add,0.37,0.263,0.26899999999999996,0.31,0.278,0.282,0.311,0.314,0.244,0.324,0.2965,0.03470518693221519
transformer_34_conv_re_34_add,0.368,0.233,0.262,0.308,0.231,0.309,0.29100000000000004,0.29600000000000004,0.271,0.275,0.2844,0.03819999999999999
transformer_mean_34_conv_re_34_add,0.37,0.24100000000000002,0.29600000000000004,0.344,0.231,0.309,0.29,0.314,0.28800000000000003,0.302,0.2985,0.03949240433298534
rico_34_conv_re_34_cat,0.37,0.23199999999999998,0.282,0.273,0.23199999999999998,0.309,0.29100000000000004,0.354,0.294,0.275,0.2912,0.04262112152442729
seq2seq_34_conv_re_34_cat,0.37,0.23199999999999998,0.308,0.302,0.23199999999999998,0.309,0.29100000000000004,0.285,0.294,0.327,0.29500000000000004,0.03888187238289844
transformer_34_conv_re_34_cat,0.37,0.23199999999999998,0.28600000000000003,0.273,0.23199999999999998,0.309,0.29100000000000004,0.354,0.294,0.327,0.2968,0.04337464697262676
transformer_mean_34_conv_re_34_cat,0.37,0.23199999999999998,0.28600000000000003,0.273,0.23199999999999998,0.309,0.29100000000000004,0.354,0.294,0.326,0.2967,0.0433060042026507
rico_34_seq2seq_34_add_0.1,0.444,0.40700000000000003,0.41100000000000003,0.37799999999999995,0.35700000000000004,0.43,0.381,0.395,0.391,0.457,0.4051,0.029656196654325045
rico_34_transformer_34_add_0.1,0.433,0.475,0.447,0.424,0.402,0.418,0.479,0.405,0.483,0.364,0.4330000000000001,0.03658961601328988
rico_34_transformer_mean_34_add_0.1,0.45899999999999996,0.488,0.48,0.514,0.47,0.48,0.45,0.446,0.46,0.396,0.46430000000000005,0.029678443355405277
conv_re_34_conv_se_34_add_0.1,0.485,0.49700000000000005,0.48200000000000004,0.35600000000000004,0.449,0.484,0.389,0.455,0.39399999999999996,0.47,0.44610000000000005,0.04645524728165808
rico_34_seq2seq_34_add_0.2,0.42200000000000004,0.408,0.426,0.413,0.373,0.409,0.385,0.40299999999999997,0.376,0.405,0.40199999999999997,0.017314733610425542
rico_34_transformer_34_add_0.2,0.45799999999999996,0.461,0.48100000000000004,0.434,0.455,0.44299999999999995,0.474,0.449,0.46,0.365,0.44800000000000006,0.03055814130473253
rico_34_transformer_mean_34_add_0.2,0.45899999999999996,0.436,0.514,0.461,0.511,0.449,0.433,0.455,0.424,0.51,0.4652,0.03239691343322694
conv_re_34_conv_se_34_add_0.2,0.479,0.42700000000000005,0.45399999999999996,0.402,0.436,0.435,0.45,0.483,0.455,0.536,0.45570000000000005,0.0350657952996934
rico_34_seq2seq_34_add_0.3,0.42200000000000004,0.353,0.442,0.39,0.428,0.397,0.405,0.39799999999999996,0.409,0.465,0.4109000000000001,0.029149442533262973
rico_34_transformer_34_add_0.3,0.455,0.47600000000000003,0.47600000000000003,0.49700000000000005,0.505,0.469,0.483,0.45799999999999996,0.426,0.41700000000000004,0.4662,0.026768638366566202
rico_34_transformer_mean_34_add_0.3,0.514,0.494,0.522,0.47,0.517,0.441,0.494,0.491,0.502,0.45899999999999996,0.4904,0.02503277851138384
conv_re_34_conv_se_34_add_0.3,0.45799999999999996,0.43,0.444,0.426,0.33399999999999996,0.37799999999999995,0.39799999999999996,0.451,0.419,0.473,0.42110000000000003,0.039444771516640845
rico_34_seq2seq_34_add_0.4,0.434,0.426,0.42700000000000005,0.41,0.43,0.42700000000000005,0.46299999999999997,0.43700000000000006,0.42100000000000004,0.45,0.4325,0.014165097952361635
rico_34_transformer_34_add_0.4,0.42700000000000005,0.473,0.5479999999999999,0.5,0.529,0.44,0.47200000000000003,0.47200000000000003,0.496,0.42100000000000004,0.47779999999999995,0.039622720754637714
rico_34_transformer_mean_34_add_0.4,0.475,0.43,0.512,0.46,0.522,0.426,0.51,0.478,0.484,0.452,0.4749,0.031737832314132616
conv_re_34_conv_se_34_add_0.4,0.475,0.39899999999999997,0.445,0.45,0.40700000000000003,0.377,0.47700000000000004,0.35600000000000004,0.37799999999999995,0.395,0.4159,0.04071228315877164
rico_34_seq2seq_34_add_0.5,0.45299999999999996,0.46299999999999997,0.507,0.45399999999999996,0.46299999999999997,0.469,0.425,0.465,0.429,0.493,0.46209999999999996,0.023767414667986087
rico_34_transformer_34_add_0.5,0.42700000000000005,0.426,0.483,0.495,0.505,0.47,0.449,0.39399999999999996,0.48700000000000004,0.457,0.4593,0.033666155111625094
rico_34_transformer_mean_34_add_0.5,0.485,0.49200000000000005,0.52,0.507,0.493,0.413,0.473,0.512,0.498,0.461,0.4854,0.029363923443572738
conv_re_34_conv_se_34_add_0.5,0.428,0.397,0.41700000000000004,0.414,0.337,0.327,0.365,0.44,0.37799999999999995,0.41100000000000003,0.39139999999999997,0.036423069612540895
rico_34_seq2seq_34_add_0.6,0.496,0.475,0.451,0.491,0.493,0.5,0.517,0.46,0.495,0.445,0.48229999999999995,0.022311656146507812
rico_34_transformer_34_add_0.6,0.517,0.47,0.46,0.479,0.439,0.516,0.45,0.475,0.465,0.405,0.4676000000000001,0.031755944325432994
rico_34_transformer_mean_34_add_0.6,0.447,0.48200000000000004,0.498,0.516,0.49700000000000005,0.46399999999999997,0.442,0.48200000000000004,0.48700000000000004,0.425,0.47400000000000003,0.027239676943752483
conv_re_34_conv_se_34_add_0.6,0.35600000000000004,0.33799999999999997,0.395,0.37200000000000005,0.34,0.294,0.29100000000000004,0.4,0.28300000000000003,0.38799999999999996,0.3457,0.04201678236133747
rico_34_seq2seq_34_add_0.7,0.49,0.47600000000000003,0.5379999999999999,0.444,0.498,0.433,0.442,0.515,0.526,0.544,0.49060000000000004,0.03881546083714581
rico_34_transformer_34_add_0.7,0.505,0.442,0.469,0.475,0.488,0.455,0.455,0.43,0.474,0.41100000000000003,0.4604000000000001,0.026428015438167116
rico_34_transformer_mean_34_add_0.7,0.535,0.475,0.465,0.418,0.469,0.48100000000000004,0.44799999999999995,0.456,0.455,0.496,0.46980000000000005,0.029464554977124646
conv_re_34_conv_se_34_add_0.7,0.385,0.285,0.379,0.341,0.354,0.27,0.29600000000000004,0.43700000000000006,0.32799999999999996,0.29100000000000004,0.33659999999999995,0.050440459950321634
rico_34_seq2seq_34_add_0.8,0.527,0.45899999999999996,0.517,0.46799999999999997,0.495,0.526,0.498,0.531,0.45799999999999996,0.5,0.4979,0.02666252051100948
rico_34_transformer_34_add_0.8,0.45399999999999996,0.48100000000000004,0.44299999999999995,0.47100000000000003,0.469,0.428,0.475,0.434,0.456,0.449,0.45600000000000007,0.016941074346097425
rico_34_transformer_mean_34_add_0.8,0.46799999999999997,0.478,0.498,0.456,0.46299999999999997,0.45,0.479,0.47100000000000003,0.465,0.461,0.4689000000000001,0.012934063553268935
conv_re_34_conv_se_34_add_0.8,0.354,0.233,0.33899999999999997,0.317,0.34299999999999997,0.313,0.305,0.359,0.28600000000000003,0.341,0.319,0.03606383229774671
rico_34_seq2seq_34_add_0.9,0.45399999999999996,0.43200000000000005,0.479,0.447,0.4,0.431,0.41600000000000004,0.473,0.41600000000000004,0.47,0.4418,0.025728583326720476
rico_34_transformer_34_add_0.9,0.42700000000000005,0.395,0.43200000000000005,0.467,0.456,0.47200000000000003,0.42200000000000004,0.47200000000000003,0.452,0.474,0.4469,0.02537498768472607
rico_34_transformer_mean_34_add_0.9,0.46799999999999997,0.426,0.39,0.456,0.462,0.445,0.474,0.39399999999999996,0.425,0.45,0.43899999999999995,0.027985710639538888
conv_re_34_conv_se_34_add_0.9,0.38299999999999995,0.27,0.319,0.289,0.257,0.324,0.32299999999999995,0.281,0.28300000000000003,0.33399999999999996,0.3063,0.03554447917750376
rico_34_seq2seq_34_cat_0.1,0.402,0.418,0.45399999999999996,0.41600000000000004,0.4,0.355,0.363,0.41700000000000004,0.382,0.391,0.3998,0.027545598559479516
rico_34_transformer_34_cat_0.1,0.419,0.423,0.451,0.494,0.413,0.461,0.474,0.43700000000000006,0.48200000000000004,0.373,0.44270000000000004,0.035045827141044913
rico_34_transformer_mean_34_cat_0.1,0.47100000000000003,0.457,0.413,0.467,0.486,0.484,0.473,0.461,0.49,0.46299999999999997,0.4665,0.020728000385951368
conv_re_34_conv_se_34_cat_0.1,0.47100000000000003,0.527,0.46399999999999997,0.401,0.478,0.474,0.48200000000000004,0.46299999999999997,0.41700000000000004,0.508,0.4685,0.03542668485760416
rico_34_seq2seq_34_cat_0.2,0.38799999999999996,0.402,0.473,0.39,0.43,0.374,0.43,0.41,0.465,0.49,0.4252000000000001,0.03758669977531946
rico_34_transformer_34_cat_0.2,0.44799999999999995,0.461,0.434,0.46399999999999997,0.473,0.47600000000000003,0.444,0.43200000000000005,0.436,0.33799999999999997,0.4406,0.03741443571671235
rico_34_transformer_mean_34_cat_0.2,0.46399999999999997,0.41600000000000004,0.523,0.473,0.523,0.47,0.46399999999999997,0.441,0.46,0.409,0.4643,0.035989026105189344
conv_re_34_conv_se_34_cat_0.2,0.537,0.397,0.467,0.418,0.4,0.457,0.42100000000000004,0.503,0.44299999999999995,0.42700000000000005,0.4469999999999999,0.04286956962695101
rico_34_seq2seq_34_cat_0.3,0.455,0.424,0.46299999999999997,0.40299999999999997,0.363,0.43,0.389,0.39899999999999997,0.433,0.42100000000000004,0.41800000000000004,0.02874021572639983
rico_34_transformer_34_cat_0.3,0.47700000000000004,0.505,0.496,0.47100000000000003,0.46,0.49,0.488,0.42100000000000004,0.436,0.385,0.4629,0.03612879737826876
rico_34_transformer_mean_34_cat_0.3,0.501,0.45899999999999996,0.489,0.505,0.51,0.485,0.479,0.462,0.489,0.46399999999999997,0.4843,0.017291905620838908
conv_re_34_conv_se_34_cat_0.3,0.47200000000000003,0.428,0.452,0.397,0.445,0.41,0.415,0.45299999999999996,0.409,0.46799999999999997,0.4349,0.025228753437298485
rico_34_seq2seq_34_cat_0.4,0.42700000000000005,0.45799999999999996,0.43,0.41100000000000003,0.38,0.42700000000000005,0.39299999999999996,0.41200000000000003,0.46299999999999997,0.48100000000000004,0.4282,0.030022658110167393
rico_34_transformer_34_cat_0.4,0.434,0.467,0.474,0.429,0.47700000000000004,0.505,0.515,0.45,0.532,0.413,0.4696000000000001,0.03713812057711053
rico_34_transformer_mean_34_cat_0.4,0.48,0.446,0.493,0.445,0.518,0.501,0.49200000000000005,0.478,0.489,0.473,0.48149999999999993,0.02165756218968331
conv_re_34_conv_se_34_cat_0.4,0.43799999999999994,0.375,0.39399999999999996,0.43200000000000005,0.35100000000000003,0.332,0.35100000000000003,0.425,0.395,0.439,0.39319999999999994,0.037767181520468256
rico_34_seq2seq_34_cat_0.5,0.49700000000000005,0.425,0.49200000000000005,0.451,0.462,0.48,0.449,0.46299999999999997,0.489,0.47100000000000003,0.46790000000000004,0.02137966323401752
rico_34_transformer_34_cat_0.5,0.531,0.47600000000000003,0.488,0.485,0.49200000000000005,0.449,0.49200000000000005,0.47200000000000003,0.52,0.479,0.48839999999999995,0.022168446043870554
rico_34_transformer_mean_34_cat_0.5,0.48200000000000004,0.445,0.513,0.484,0.53,0.517,0.502,0.475,0.556,0.46299999999999997,0.4967,0.031603955448646
conv_re_34_conv_se_34_cat_0.5,0.396,0.32299999999999995,0.441,0.363,0.39,0.32,0.36700000000000005,0.41100000000000003,0.38,0.406,0.3797,0.03608337567357024
rico_34_seq2seq_34_cat_0.6,0.512,0.48100000000000004,0.494,0.555,0.5539999999999999,0.48100000000000004,0.47200000000000003,0.428,0.527,0.532,0.5035999999999999,0.03799263086441895
rico_34_transformer_34_cat_0.6,0.495,0.478,0.498,0.469,0.489,0.47100000000000003,0.447,0.451,0.506,0.426,0.47300000000000003,0.024223955085823617
rico_34_transformer_mean_34_cat_0.6,0.46399999999999997,0.47100000000000003,0.47100000000000003,0.496,0.508,0.46399999999999997,0.499,0.466,0.509,0.49,0.4838000000000001,0.017514565367145143
conv_re_34_conv_se_34_cat_0.6,0.418,0.301,0.42200000000000004,0.304,0.379,0.33,0.309,0.42100000000000004,0.34,0.355,0.3579,0.04667858181221877
rico_34_seq2seq_34_cat_0.7,0.525,0.53,0.56,0.5539999999999999,0.424,0.442,0.473,0.525,0.505,0.537,0.5075000000000001,0.044007385743758974
rico_34_transformer_34_cat_0.7,0.49700000000000005,0.49200000000000005,0.505,0.501,0.488,0.48100000000000004,0.44299999999999995,0.381,0.45799999999999996,0.42100000000000004,0.46670000000000006,0.03863948757424199
rico_34_transformer_mean_34_cat_0.7,0.512,0.46399999999999997,0.451,0.45299999999999996,0.503,0.47600000000000003,0.45299999999999996,0.506,0.513,0.512,0.4843,0.025938581302762123
conv_re_34_conv_se_34_cat_0.7,0.33299999999999996,0.272,0.396,0.386,0.341,0.301,0.27899999999999997,0.41200000000000003,0.337,0.332,0.3389,0.045180637445702346
rico_34_seq2seq_34_cat_0.8,0.502,0.491,0.493,0.46799999999999997,0.479,0.514,0.47100000000000003,0.461,0.465,0.45899999999999996,0.4803,0.01783844163597258
rico_34_transformer_34_cat_0.8,0.47,0.419,0.39399999999999996,0.47600000000000003,0.496,0.42100000000000004,0.40700000000000003,0.47,0.41100000000000003,0.47,0.4434,0.034444738350000566
rico_34_transformer_mean_34_cat_0.8,0.48,0.455,0.39799999999999996,0.513,0.473,0.499,0.431,0.48200000000000004,0.39,0.414,0.4535,0.040849112597460435
conv_re_34_conv_se_34_cat_0.8,0.366,0.244,0.311,0.294,0.36700000000000005,0.344,0.271,0.381,0.29,0.35,0.32180000000000003,0.043958616902718864
rico_34_seq2seq_34_cat_0.9,0.428,0.48,0.409,0.40399999999999997,0.488,0.44299999999999995,0.41700000000000004,0.435,0.445,0.425,0.43739999999999996,0.026552589327596656
rico_34_transformer_34_cat_0.9,0.496,0.38799999999999996,0.474,0.40700000000000003,0.433,0.391,0.455,0.41,0.413,0.414,0.4281,0.034130484907191116
rico_34_transformer_mean_34_cat_0.9,0.445,0.478,0.447,0.504,0.41700000000000004,0.457,0.42200000000000004,0.431,0.375,0.439,0.4415,0.03322724785473512
conv_re_34_conv_se_34_cat_0.9,0.376,0.21600000000000003,0.324,0.302,0.317,0.295,0.305,0.297,0.248,0.287,0.2967000000000001,0.04064984624817171
rico_34_conv_se_34_add_0.1,0.449,0.484,0.48700000000000004,0.414,0.512,0.49200000000000005,0.442,0.41200000000000003,0.433,0.43700000000000006,0.45620000000000005,0.03318373095358628
seq2seq_34_conv_se_34_add_0.1,0.449,0.41600000000000004,0.506,0.397,0.442,0.475,0.442,0.41200000000000003,0.433,0.434,0.4406,0.0299339272398394
transformer_34_conv_se_34_add_0.1,0.449,0.527,0.48700000000000004,0.414,0.451,0.49200000000000005,0.442,0.41200000000000003,0.433,0.43700000000000006,0.4544,0.034831594852949246
transformer_mean_34_conv_se_34_add_0.1,0.449,0.484,0.506,0.414,0.451,0.467,0.442,0.41200000000000003,0.433,0.43700000000000006,0.4495,0.02800446392988089
rico_34_conv_se_34_cat_0.1,0.449,0.484,0.506,0.414,0.442,0.49200000000000005,0.442,0.41200000000000003,0.433,0.43700000000000006,0.4511,0.03061192578064961
seq2seq_34_conv_se_34_cat_0.1,0.449,0.484,0.506,0.414,0.442,0.49200000000000005,0.442,0.41200000000000003,0.433,0.43700000000000006,0.4511,0.03061192578064961
transformer_34_conv_se_34_cat_0.1,0.449,0.484,0.506,0.414,0.442,0.49200000000000005,0.442,0.41200000000000003,0.433,0.43700000000000006,0.4511,0.03061192578064961
transformer_mean_34_conv_se_34_cat_0.1,0.449,0.484,0.506,0.414,0.442,0.49200000000000005,0.442,0.41200000000000003,0.433,0.43700000000000006,0.4511,0.03061192578064961
rico_34_conv_se_34_add_0.2,0.449,0.484,0.48700000000000004,0.38,0.512,0.39799999999999996,0.442,0.41200000000000003,0.433,0.43700000000000006,0.4434,0.03937562697913521
seq2seq_34_conv_se_34_add_0.2,0.449,0.484,0.506,0.401,0.442,0.475,0.49200000000000005,0.41200000000000003,0.43200000000000005,0.43200000000000005,0.4525,0.03343127278462487
transformer_34_conv_se_34_add_0.2,0.449,0.527,0.48700000000000004,0.397,0.451,0.49200000000000005,0.442,0.38,0.433,0.43700000000000006,0.4495,0.041584251826863504
transformer_mean_34_conv_se_34_add_0.2,0.449,0.527,0.506,0.397,0.512,0.467,0.442,0.41200000000000003,0.433,0.43700000000000006,0.45820000000000005,0.041595192029848835
rico_34_conv_se_34_cat_0.2,0.449,0.484,0.506,0.414,0.442,0.49200000000000005,0.442,0.41200000000000003,0.433,0.43700000000000006,0.4511,0.03061192578064961
seq2seq_34_conv_se_34_cat_0.2,0.449,0.484,0.506,0.414,0.442,0.49200000000000005,0.442,0.41200000000000003,0.433,0.43700000000000006,0.4511,0.03061192578064961
transformer_34_conv_se_34_cat_0.2,0.449,0.484,0.506,0.414,0.442,0.49200000000000005,0.442,0.41200000000000003,0.433,0.43700000000000006,0.4511,0.03061192578064961
transformer_mean_34_conv_se_34_cat_0.2,0.449,0.484,0.506,0.414,0.442,0.49200000000000005,0.442,0.41200000000000003,0.433,0.43700000000000006,0.4511,0.03061192578064961
rico_34_conv_se_34_add_0.3,0.44799999999999995,0.484,0.48700000000000004,0.38,0.512,0.527,0.442,0.41200000000000003,0.433,0.43700000000000006,0.45620000000000005,0.043340050761391594
seq2seq_34_conv_se_34_add_0.3,0.449,0.501,0.506,0.431,0.465,0.475,0.49200000000000005,0.35600000000000004,0.419,0.43200000000000005,0.4526,0.04332020313895123
transformer_34_conv_se_34_add_0.3,0.449,0.527,0.48700000000000004,0.397,0.513,0.508,0.49200000000000005,0.38,0.433,0.43700000000000006,0.46230000000000004,0.04801051968058668
transformer_mean_34_conv_se_34_add_0.3,0.449,0.527,0.48700000000000004,0.397,0.513,0.467,0.49200000000000005,0.35600000000000004,0.433,0.43700000000000006,0.4558000000000001,0.050087523396550565
rico_34_conv_se_34_cat_0.3,0.449,0.484,0.506,0.414,0.442,0.49200000000000005,0.442,0.41200000000000003,0.433,0.43700000000000006,0.4511,0.03061192578064961
seq2seq_34_conv_se_34_cat_0.3,0.449,0.484,0.506,0.414,0.442,0.49200000000000005,0.442,0.41200000000000003,0.433,0.43700000000000006,0.4511,0.03061192578064961
transformer_34_conv_se_34_cat_0.3,0.449,0.484,0.506,0.414,0.442,0.49200000000000005,0.442,0.41200000000000003,0.433,0.43700000000000006,0.4511,0.03061192578064961
transformer_mean_34_conv_se_34_cat_0.3,0.449,0.484,0.506,0.414,0.442,0.49200000000000005,0.442,0.41200000000000003,0.433,0.43700000000000006,0.4511,0.03061192578064961
rico_34_conv_se_34_add_0.4,0.44799999999999995,0.484,0.48700000000000004,0.38,0.512,0.49200000000000005,0.442,0.41200000000000003,0.433,0.43700000000000006,0.4527,0.03863948757424198
seq2seq_34_conv_se_34_add_0.4,0.449,0.48700000000000004,0.507,0.431,0.473,0.45399999999999996,0.486,0.35600000000000004,0.418,0.43200000000000005,0.44930000000000003,0.04123117752381078
transformer_34_conv_se_34_add_0.4,0.44799999999999995,0.513,0.48700000000000004,0.397,0.513,0.508,0.486,0.38,0.41700000000000004,0.43700000000000006,0.4586,0.04711517802152508
transformer_mean_34_conv_se_34_add_0.4,0.449,0.527,0.48700000000000004,0.397,0.513,0.508,0.428,0.38,0.418,0.43700000000000006,0.4544,0.04881024482626573
rico_34_conv_se_34_cat_0.4,0.449,0.484,0.506,0.414,0.442,0.49200000000000005,0.442,0.41200000000000003,0.433,0.43700000000000006,0.4511,0.03061192578064961
seq2seq_34_conv_se_34_cat_0.4,0.449,0.484,0.48700000000000004,0.414,0.442,0.39799999999999996,0.442,0.41200000000000003,0.433,0.43700000000000006,0.4398000000000001,0.02741459465321347
transformer_34_conv_se_34_cat_0.4,0.449,0.484,0.506,0.414,0.442,0.49200000000000005,0.442,0.41200000000000003,0.433,0.43700000000000006,0.4511,0.03061192578064961
transformer_mean_34_conv_se_34_cat_0.4,0.449,0.484,0.506,0.414,0.442,0.49200000000000005,0.442,0.41200000000000003,0.433,0.43700000000000006,0.4511,0.03061192578064961
rico_34_conv_se_34_add_0.5,0.44799999999999995,0.484,0.48700000000000004,0.38,0.512,0.49200000000000005,0.442,0.41200000000000003,0.428,0.43700000000000006,0.45220000000000005,0.0389224870736699
seq2seq_34_conv_se_34_add_0.5,0.45,0.502,0.44299999999999995,0.44,0.462,0.461,0.49200000000000005,0.35600000000000004,0.419,0.511,0.45359999999999995,0.04274388845203487
transformer_34_conv_se_34_add_0.5,0.44799999999999995,0.51,0.48700000000000004,0.397,0.513,0.508,0.428,0.369,0.41700000000000004,0.43700000000000006,0.4514,0.04837189266505912
transformer_mean_34_conv_se_34_add_0.5,0.449,0.527,0.48700000000000004,0.43700000000000006,0.513,0.508,0.428,0.38,0.41700000000000004,0.43700000000000006,0.45830000000000004,0.045556668008097344
rico_34_conv_se_34_cat_0.5,0.449,0.484,0.506,0.414,0.442,0.49200000000000005,0.442,0.41200000000000003,0.433,0.43700000000000006,0.4511,0.03061192578064961
seq2seq_34_conv_se_34_cat_0.5,0.449,0.527,0.48700000000000004,0.38,0.5,0.39799999999999996,0.442,0.41200000000000003,0.433,0.43700000000000006,0.44650000000000006,0.043870833135467135
transformer_34_conv_se_34_cat_0.5,0.449,0.484,0.48700000000000004,0.414,0.442,0.49200000000000005,0.442,0.41200000000000003,0.433,0.43700000000000006,0.4492000000000001,0.027585503439306675
transformer_mean_34_conv_se_34_cat_0.5,0.449,0.484,0.506,0.414,0.442,0.49200000000000005,0.442,0.41200000000000003,0.433,0.43700000000000006,0.4511,0.03061192578064961
rico_34_conv_se_34_add_0.6,0.424,0.484,0.48700000000000004,0.385,0.498,0.517,0.442,0.41200000000000003,0.42700000000000005,0.43700000000000006,0.4513000000000001,0.04050691299025389
seq2seq_34_conv_se_34_add_0.6,0.475,0.539,0.48700000000000004,0.392,0.473,0.474,0.501,0.355,0.419,0.462,0.4576999999999999,0.051499611649021206
transformer_34_conv_se_34_add_0.6,0.44799999999999995,0.45399999999999996,0.48700000000000004,0.38,0.47600000000000003,0.483,0.429,0.369,0.423,0.426,0.4375,0.03846881854177485
transformer_mean_34_conv_se_34_add_0.6,0.45,0.514,0.48700000000000004,0.444,0.47600000000000003,0.508,0.428,0.38,0.41700000000000004,0.426,0.453,0.040620192023179805
rico_34_conv_se_34_cat_0.6,0.449,0.484,0.48700000000000004,0.414,0.442,0.49200000000000005,0.442,0.41200000000000003,0.433,0.43700000000000006,0.4492000000000001,0.027585503439306675
seq2seq_34_conv_se_34_cat_0.6,0.449,0.527,0.48700000000000004,0.39,0.457,0.542,0.44799999999999995,0.41200000000000003,0.456,0.43700000000000006,0.4605,0.044679413604030216
transformer_34_conv_se_34_cat_0.6,0.449,0.527,0.48700000000000004,0.414,0.5,0.49200000000000005,0.442,0.41200000000000003,0.433,0.43700000000000006,0.4593,0.03736321720623106
transformer_mean_34_conv_se_34_cat_0.6,0.449,0.484,0.506,0.414,0.442,0.49200000000000005,0.442,0.41200000000000003,0.433,0.43700000000000006,0.4511,0.03061192578064961
rico_34_conv_se_34_add_0.7,0.424,0.494,0.449,0.44799999999999995,0.466,0.515,0.455,0.405,0.42700000000000005,0.508,0.4591,0.03494695981054718
seq2seq_34_conv_se_34_add_0.7,0.43700000000000006,0.502,0.48700000000000004,0.38299999999999995,0.473,0.501,0.48,0.387,0.37799999999999995,0.484,0.45119999999999993,0.04801624725027978
transformer_34_conv_se_34_add_0.7,0.45,0.45399999999999996,0.47600000000000003,0.379,0.48700000000000004,0.488,0.46399999999999997,0.42700000000000005,0.423,0.426,0.4474,0.03241666238217624
transformer_mean_34_conv_se_34_add_0.7,0.45,0.45399999999999996,0.48700000000000004,0.451,0.47600000000000003,0.48100000000000004,0.46399999999999997,0.43799999999999994,0.41700000000000004,0.426,0.45439999999999997,0.021987269043698913
rico_34_conv_se_34_cat_0.7,0.449,0.484,0.48700000000000004,0.401,0.5,0.49200000000000005,0.504,0.41200000000000003,0.433,0.434,0.4596,0.03629655631048213
seq2seq_34_conv_se_34_cat_0.7,0.449,0.521,0.486,0.39,0.502,0.47200000000000003,0.44799999999999995,0.41200000000000003,0.456,0.43700000000000006,0.45730000000000004,0.03774400614667181
transformer_34_conv_se_34_cat_0.7,0.449,0.527,0.48700000000000004,0.38,0.499,0.39799999999999996,0.44799999999999995,0.41200000000000003,0.456,0.43700000000000006,0.44930000000000003,0.04353400969357177
transformer_mean_34_conv_se_34_cat_0.7,0.449,0.527,0.48700000000000004,0.414,0.5,0.39799999999999996,0.44799999999999995,0.41200000000000003,0.456,0.434,0.4525,0.03934018301940143
rico_34_conv_se_34_add_0.8,0.474,0.46799999999999997,0.46,0.44,0.465,0.48200000000000004,0.456,0.425,0.428,0.507,0.46049999999999996,0.023749736840647316
seq2seq_34_conv_se_34_add_0.8,0.51,0.532,0.48100000000000004,0.38,0.461,0.45899999999999996,0.511,0.478,0.413,0.523,0.4748,0.046302915674933484
transformer_34_conv_se_34_add_0.8,0.45,0.45299999999999996,0.47600000000000003,0.41,0.47600000000000003,0.493,0.462,0.452,0.45899999999999996,0.426,0.45570000000000005,0.023000217390277
transformer_mean_34_conv_se_34_add_0.8,0.45,0.519,0.49700000000000005,0.424,0.49700000000000005,0.48700000000000004,0.46399999999999997,0.425,0.415,0.47700000000000004,0.4655,0.034053634167295586
rico_34_conv_se_34_cat_0.8,0.45,0.462,0.48700000000000004,0.39,0.499,0.479,0.446,0.41200000000000003,0.456,0.434,0.45150000000000007,0.031756101775879224
seq2seq_34_conv_se_34_cat_0.8,0.45,0.496,0.486,0.424,0.479,0.49200000000000005,0.431,0.409,0.391,0.48100000000000004,0.45389999999999997,0.036090026323071595
transformer_34_conv_se_34_cat_0.8,0.449,0.521,0.48700000000000004,0.39,0.48,0.509,0.456,0.41200000000000003,0.401,0.43700000000000006,0.4542,0.04273827324541785
transformer_mean_34_conv_se_34_cat_0.8,0.449,0.527,0.48700000000000004,0.38,0.456,0.494,0.45,0.41200000000000003,0.456,0.434,0.45450000000000007,0.039628903593210855
rico_34_conv_se_34_add_0.9,0.53,0.47200000000000003,0.436,0.34299999999999997,0.505,0.507,0.461,0.431,0.392,0.42100000000000004,0.44980000000000003,0.05430432763601812
seq2seq_34_conv_se_34_add_0.9,0.517,0.494,0.46799999999999997,0.365,0.47,0.519,0.523,0.45399999999999996,0.47700000000000004,0.45899999999999996,0.4746,0.04386160051799297
transformer_34_conv_se_34_add_0.9,0.46799999999999997,0.43200000000000005,0.46,0.35700000000000004,0.425,0.48700000000000004,0.493,0.442,0.423,0.493,0.44800000000000006,0.03980200999949625
transformer_mean_34_conv_se_34_add_0.9,0.449,0.48700000000000004,0.498,0.452,0.466,0.48700000000000004,0.415,0.409,0.4,0.494,0.45570000000000005,0.03510000000000001
rico_34_conv_se_34_cat_0.9,0.47,0.485,0.48700000000000004,0.371,0.456,0.47200000000000003,0.512,0.39299999999999996,0.37,0.442,0.44580000000000003,0.04809948024667211
seq2seq_34_conv_se_34_cat_0.9,0.473,0.536,0.483,0.406,0.49700000000000005,0.499,0.499,0.466,0.45899999999999996,0.42700000000000005,0.4745000000000001,0.03581131106228869
transformer_34_conv_se_34_cat_0.9,0.36,0.48700000000000004,0.484,0.39399999999999996,0.461,0.45399999999999996,0.478,0.409,0.478,0.503,0.4507999999999999,0.04466497509234726
transformer_mean_34_conv_se_34_cat_0.9,0.36,0.514,0.48700000000000004,0.392,0.48100000000000004,0.485,0.507,0.409,0.428,0.424,0.4487,0.050187747508729674
rico_34_conv_re_34_add_0.1,0.37,0.23800000000000002,0.28600000000000003,0.29100000000000004,0.23199999999999998,0.309,0.29100000000000004,0.304,0.29600000000000004,0.275,0.2892,0.0364658744581835
seq2seq_34_conv_re_34_add_0.1,0.37,0.233,0.28600000000000003,0.273,0.305,0.309,0.29100000000000004,0.354,0.294,0.327,0.30419999999999997,0.0374240564343311
transformer_34_conv_re_34_add_0.1,0.37,0.233,0.282,0.292,0.23199999999999998,0.309,0.29,0.29100000000000004,0.294,0.275,0.2868,0.03685322238285276
transformer_mean_34_conv_re_34_add_0.1,0.37,0.23399999999999999,0.321,0.292,0.23199999999999998,0.309,0.29,0.354,0.29600000000000004,0.275,0.2973,0.04248540926012129
rico_34_conv_re_34_cat_0.1,0.37,0.23199999999999998,0.28600000000000003,0.292,0.23199999999999998,0.309,0.29100000000000004,0.354,0.294,0.275,0.2935,0.042100475056702155
seq2seq_34_conv_re_34_cat_0.1,0.37,0.23199999999999998,0.28600000000000003,0.292,0.23199999999999998,0.309,0.29100000000000004,0.354,0.294,0.275,0.2935,0.042100475056702155
transformer_34_conv_re_34_cat_0.1,0.37,0.23199999999999998,0.28600000000000003,0.292,0.23199999999999998,0.309,0.29100000000000004,0.354,0.294,0.275,0.2935,0.042100475056702155
transformer_mean_34_conv_re_34_cat_0.1,0.37,0.23199999999999998,0.28600000000000003,0.292,0.23199999999999998,0.309,0.29100000000000004,0.354,0.294,0.275,0.2935,0.042100475056702155
rico_34_conv_re_34_add_0.2,0.37,0.237,0.28600000000000003,0.29100000000000004,0.23199999999999998,0.309,0.29100000000000004,0.298,0.294,0.275,0.2883,0.036370455042520435
seq2seq_34_conv_re_34_add_0.2,0.384,0.233,0.28600000000000003,0.273,0.305,0.309,0.29100000000000004,0.354,0.294,0.256,0.29850000000000004,0.041859885331902186
transformer_34_conv_re_34_add_0.2,0.37,0.23199999999999998,0.308,0.308,0.23199999999999998,0.309,0.29,0.29600000000000004,0.294,0.275,0.2914,0.03793995255663876
transformer_mean_34_conv_re_34_add_0.2,0.37,0.24100000000000002,0.321,0.29100000000000004,0.23199999999999998,0.309,0.29,0.354,0.295,0.275,0.29779999999999995,0.041503734771704576
rico_34_conv_re_34_cat_0.2,0.37,0.23199999999999998,0.282,0.292,0.23199999999999998,0.309,0.29100000000000004,0.354,0.294,0.275,0.2931,0.04218874257429345
seq2seq_34_conv_re_34_cat_0.2,0.37,0.23199999999999998,0.28600000000000003,0.292,0.23199999999999998,0.309,0.29100000000000004,0.354,0.294,0.275,0.2935,0.042100475056702155
transformer_34_conv_re_34_cat_0.2,0.37,0.23199999999999998,0.28600000000000003,0.292,0.23199999999999998,0.309,0.29100000000000004,0.354,0.294,0.275,0.2935,0.042100475056702155
transformer_mean_34_conv_re_34_cat_0.2,0.37,0.23199999999999998,0.28600000000000003,0.292,0.23199999999999998,0.309,0.29100000000000004,0.354,0.294,0.275,0.2935,0.042100475056702155
rico_34_conv_re_34_add_0.3,0.37,0.233,0.285,0.29100000000000004,0.23199999999999998,0.309,0.29100000000000004,0.298,0.294,0.275,0.28779999999999994,0.03695619027984351
seq2seq_34_conv_re_34_add_0.3,0.384,0.263,0.271,0.273,0.305,0.31,0.29100000000000004,0.354,0.294,0.256,0.30010000000000003,0.03884443332061879
transformer_34_conv_re_34_add_0.3,0.37,0.23199999999999998,0.295,0.308,0.23199999999999998,0.309,0.29,0.29600000000000004,0.271,0.275,0.28779999999999994,0.03796261318718721
transformer_mean_34_conv_re_34_add_0.3,0.37,0.24100000000000002,0.308,0.29100000000000004,0.23199999999999998,0.309,0.29,0.354,0.28800000000000003,0.275,0.29579999999999995,0.04103608168429339
rico_34_conv_re_34_cat_0.3,0.37,0.23199999999999998,0.282,0.292,0.23199999999999998,0.309,0.29100000000000004,0.354,0.294,0.275,0.2931,0.04218874257429345
seq2seq_34_conv_re_34_cat_0.3,0.37,0.23199999999999998,0.28600000000000003,0.292,0.23199999999999998,0.309,0.29100000000000004,0.354,0.294,0.275,0.2935,0.042100475056702155
transformer_34_conv_re_34_cat_0.3,0.37,0.23199999999999998,0.28600000000000003,0.273,0.23199999999999998,0.309,0.29100000000000004,0.354,0.294,0.275,0.29159999999999997,0.04255161571550486
transformer_mean_34_conv_re_34_cat_0.3,0.37,0.23199999999999998,0.28600000000000003,0.273,0.23199999999999998,0.309,0.29100000000000004,0.354,0.294,0.275,0.29159999999999997,0.04255161571550486
rico_34_conv_re_34_add_0.4,0.37,0.263,0.27699999999999997,0.29100000000000004,0.23199999999999998,0.309,0.29100000000000004,0.248,0.271,0.275,0.28269999999999995,0.035835875878789406
seq2seq_34_conv_re_34_add_0.4,0.384,0.263,0.271,0.31,0.278,0.28600000000000003,0.29100000000000004,0.354,0.276,0.284,0.29969999999999997,0.03724795296388782
transformer_34_conv_re_34_add_0.4,0.37,0.23199999999999998,0.295,0.308,0.23199999999999998,0.309,0.29,0.29600000000000004,0.271,0.275,0.28779999999999994,0.03796261318718721
transformer_mean_34_conv_re_34_add_0.4,0.37,0.24100000000000002,0.308,0.29100000000000004,0.23199999999999998,0.309,0.29,0.353,0.28800000000000003,0.295,0.2977,0.040318854150384775
rico_34_conv_re_34_cat_0.4,0.37,0.23199999999999998,0.282,0.273,0.23199999999999998,0.309,0.29100000000000004,0.354,0.294,0.275,0.2912,0.04262112152442729
seq2seq_34_conv_re_34_cat_0.4,0.37,0.23199999999999998,0.308,0.292,0.23199999999999998,0.309,0.29100000000000004,0.354,0.294,0.275,0.29569999999999996,0.042225703072891516
transformer_34_conv_re_34_cat_0.4,0.37,0.23199999999999998,0.28600000000000003,0.273,0.23199999999999998,0.309,0.29100000000000004,0.354,0.294,0.275,0.29159999999999997,0.04255161571550486
transformer_mean_34_conv_re_34_cat_0.4,0.37,0.23199999999999998,0.28600000000000003,0.273,0.23199999999999998,0.309,0.29100000000000004,0.354,0.294,0.275,0.29159999999999997,0.04255161571550486
rico_34_conv_re_34_add_0.5,0.384,0.263,0.27699999999999997,0.297,0.23199999999999998,0.282,0.29100000000000004,0.248,0.271,0.275,0.282,0.038629004646767696
seq2seq_34_conv_re_34_add_0.5,0.37,0.263,0.26899999999999996,0.31,0.278,0.282,0.311,0.314,0.244,0.324,0.2965,0.03470518693221519
transformer_34_conv_re_34_add_0.5,0.368,0.233,0.262,0.308,0.231,0.309,0.29100000000000004,0.29600000000000004,0.271,0.275,0.2844,0.03819999999999999
transformer_mean_34_conv_re_34_add_0.5,0.37,0.24100000000000002,0.29600000000000004,0.344,0.231,0.309,0.29,0.314,0.28800000000000003,0.302,0.2985,0.03949240433298534
rico_34_conv_re_34_cat_0.5,0.37,0.23199999999999998,0.282,0.273,0.23199999999999998,0.309,0.29100000000000004,0.354,0.294,0.275,0.2912,0.04262112152442729
seq2seq_34_conv_re_34_cat_0.5,0.37,0.23199999999999998,0.308,0.302,0.23199999999999998,0.309,0.29100000000000004,0.285,0.294,0.327,0.29500000000000004,0.03888187238289844
transformer_34_conv_re_34_cat_0.5,0.37,0.23199999999999998,0.28600000000000003,0.273,0.23199999999999998,0.309,0.29100000000000004,0.354,0.294,0.327,0.2968,0.04337464697262676
transformer_mean_34_conv_re_34_cat_0.5,0.37,0.23199999999999998,0.28600000000000003,0.273,0.23199999999999998,0.309,0.29100000000000004,0.354,0.294,0.326,0.2967,0.0433060042026507
rico_34_conv_re_34_add_0.6,0.384,0.263,0.29600000000000004,0.297,0.23399999999999999,0.282,0.29100000000000004,0.271,0.257,0.307,0.2882,0.038154423072561325
seq2seq_34_conv_re_34_add_0.6,0.368,0.263,0.287,0.314,0.272,0.282,0.311,0.244,0.244,0.322,0.2907,0.036712531920312985
transformer_34_conv_re_34_add_0.6,0.369,0.233,0.27699999999999997,0.308,0.26899999999999996,0.309,0.29100000000000004,0.297,0.272,0.3,0.2925,0.033461171527607934
transformer_mean_34_conv_re_34_add_0.6,0.368,0.24600000000000002,0.29600000000000004,0.344,0.231,0.309,0.29100000000000004,0.314,0.275,0.308,0.29819999999999997,0.039073776372395834
rico_34_conv_re_34_cat_0.6,0.37,0.23199999999999998,0.308,0.273,0.23199999999999998,0.309,0.29100000000000004,0.304,0.294,0.275,0.28879999999999995,0.038112465152493086
seq2seq_34_conv_re_34_cat_0.6,0.37,0.23199999999999998,0.254,0.345,0.305,0.309,0.29100000000000004,0.302,0.294,0.299,0.3001,0.037273180706776286
transformer_34_conv_re_34_cat_0.6,0.37,0.23199999999999998,0.28600000000000003,0.273,0.23199999999999998,0.309,0.29100000000000004,0.249,0.294,0.326,0.2862,0.04079656848314574
transformer_mean_34_conv_re_34_cat_0.6,0.37,0.23199999999999998,0.28600000000000003,0.273,0.23199999999999998,0.309,0.29100000000000004,0.302,0.294,0.326,0.2915,0.03902371074103538
rico_34_conv_re_34_add_0.7,0.384,0.263,0.299,0.297,0.27699999999999997,0.282,0.289,0.237,0.256,0.307,0.28909999999999997,0.037649568390620364
seq2seq_34_conv_re_34_add_0.7,0.369,0.266,0.287,0.28800000000000003,0.295,0.27699999999999997,0.3,0.29600000000000004,0.26,0.324,0.29619999999999996,0.029718008008613225
transformer_34_conv_re_34_add_0.7,0.40399999999999997,0.233,0.364,0.308,0.27,0.309,0.281,0.311,0.275,0.28600000000000003,0.3041,0.04645524728165806
transformer_mean_34_conv_re_34_add_0.7,0.40399999999999997,0.24600000000000002,0.278,0.332,0.23800000000000002,0.309,0.281,0.285,0.27399999999999997,0.308,0.2955,0.04504275746443594
rico_34_conv_re_34_cat_0.7,0.37,0.23199999999999998,0.29600000000000004,0.302,0.235,0.309,0.29100000000000004,0.249,0.294,0.275,0.2853,0.038771252236676594
seq2seq_34_conv_re_34_cat_0.7,0.385,0.23199999999999998,0.29100000000000004,0.348,0.305,0.309,0.29,0.28300000000000003,0.294,0.311,0.30479999999999996,0.03828263313827825
transformer_34_conv_re_34_cat_0.7,0.37,0.23199999999999998,0.308,0.302,0.23199999999999998,0.309,0.29100000000000004,0.249,0.294,0.326,0.2913,0.041151063169740834
transformer_mean_34_conv_re_34_cat_0.7,0.37,0.23199999999999998,0.28600000000000003,0.302,0.23199999999999998,0.309,0.29100000000000004,0.249,0.294,0.326,0.2891,0.04078590442787802
rico_34_conv_re_34_add_0.8,0.38299999999999995,0.244,0.27899999999999997,0.27899999999999997,0.263,0.27699999999999997,0.29,0.228,0.27399999999999997,0.303,0.282,0.039413195759795974
seq2seq_34_conv_re_34_add_0.8,0.39299999999999996,0.22699999999999998,0.294,0.32899999999999996,0.361,0.27699999999999997,0.302,0.312,0.28800000000000003,0.32,0.3102999999999999,0.04328521687597279
transformer_34_conv_re_34_add_0.8,0.41200000000000003,0.313,0.309,0.281,0.359,0.26899999999999996,0.304,0.28800000000000003,0.285,0.264,0.30840000000000006,0.043095707442853286
transformer_mean_34_conv_re_34_add_0.8,0.40399999999999997,0.314,0.32299999999999995,0.292,0.26899999999999996,0.309,0.32,0.275,0.312,0.297,0.3115,0.035358874416474284
rico_34_conv_re_34_cat_0.8,0.37,0.23199999999999998,0.303,0.348,0.276,0.309,0.29,0.302,0.294,0.311,0.3035,0.03554222840509581
seq2seq_34_conv_re_34_cat_0.8,0.38799999999999996,0.245,0.34600000000000003,0.318,0.303,0.309,0.29,0.299,0.32899999999999996,0.377,0.32039999999999996,0.040010498622236636
transformer_34_conv_re_34_cat_0.8,0.37,0.23199999999999998,0.254,0.345,0.272,0.309,0.29,0.316,0.267,0.311,0.2966,0.03997549249227581
transformer_mean_34_conv_re_34_cat_0.8,0.37,0.23199999999999998,0.308,0.345,0.276,0.309,0.29100000000000004,0.302,0.271,0.311,0.3015,0.03646162366104943
rico_34_conv_re_34_add_0.9,0.363,0.26,0.36,0.315,0.26899999999999996,0.294,0.28600000000000003,0.319,0.303,0.322,0.30910000000000004,0.03257744618597351
seq2seq_34_conv_re_34_add_0.9,0.38799999999999996,0.222,0.308,0.28,0.33,0.29600000000000004,0.282,0.311,0.272,0.28,0.29690000000000005,0.040915644929537635
transformer_34_conv_re_34_add_0.9,0.37799999999999995,0.20600000000000002,0.35200000000000004,0.28800000000000003,0.315,0.303,0.29600000000000004,0.301,0.295,0.297,0.30310000000000004,0.042375582591865316
transformer_mean_34_conv_re_34_add_0.9,0.35600000000000004,0.225,0.315,0.272,0.312,0.307,0.326,0.28300000000000003,0.259,0.254,0.2909,0.03727854610898875
rico_34_conv_re_34_cat_0.9,0.38299999999999995,0.233,0.366,0.318,0.235,0.309,0.29,0.319,0.281,0.312,0.3046,0.04595476036277416
seq2seq_34_conv_re_34_cat_0.9,0.375,0.26,0.293,0.252,0.32,0.345,0.276,0.37799999999999995,0.24600000000000002,0.239,0.2984,0.0502736511504784
transformer_34_conv_re_34_cat_0.9,0.376,0.23,0.317,0.317,0.282,0.309,0.281,0.319,0.275,0.282,0.2988,0.03649054672103448
transformer_mean_34_conv_re_34_cat_0.9,0.376,0.257,0.315,0.336,0.27,0.309,0.281,0.28800000000000003,0.34299999999999997,0.36200000000000004,0.31370000000000003,0.03801065640054115
