name,0,1,2,3,4,5,6,7,8,9,10,11,12,13,14,15,16,17,18,19,20,21,22,23,24,25,26,27,28,29,Mean,Std
rico_23,0.34299999999999997,,,,,,,,,,,,,,,,,,,,,,,,,,,,,,0.34299999999999997,0.0
seq2seq_23,0.336,0.309,0.36,0.41700000000000004,0.377,0.309,0.377,0.35700000000000004,0.324,0.377,0.467,0.39,0.349,0.386,0.406,0.344,0.313,0.36700000000000005,0.33899999999999997,0.359,0.387,0.374,0.4,0.37,0.423,0.397,0.31,0.39399999999999996,0.37,0.29600000000000004,0.3661333333333333,0.038342085957281405
conv_se_23,0.42700000000000005,0.43,0.326,0.294,0.39299999999999996,0.439,0.361,0.441,0.43,0.446,0.41100000000000003,0.419,0.33,0.369,0.379,0.36700000000000005,0.467,0.38299999999999995,0.436,0.43700000000000006,0.38299999999999995,0.41600000000000004,0.396,0.423,0.431,0.397,0.364,0.40399999999999997,0.41600000000000004,0.38,0.3998333333333334,0.0389324914292534
conv_re_23,0.27899999999999997,0.249,0.24600000000000002,0.22699999999999998,0.27399999999999997,0.244,0.2,0.31,0.21,0.28,0.251,0.254,0.263,0.25,0.21600000000000003,0.28,0.237,0.24600000000000002,0.2,0.243,0.26899999999999996,0.27899999999999997,0.249,0.239,0.276,0.237,0.27399999999999997,0.22399999999999998,0.247,0.27399999999999997,0.2509,0.02553213661251247
rico23_seq2seq23_add,0.33399999999999996,0.377,0.39299999999999996,0.36,0.377,0.259,0.39,0.35600000000000004,0.426,0.40399999999999997,0.317,0.44,0.396,0.38,0.406,0.309,0.364,0.377,0.46299999999999997,0.439,0.40399999999999997,0.46399999999999997,0.47,0.38299999999999995,0.43,0.40299999999999997,0.401,0.466,0.45,0.35600000000000004,0.3931333333333333,0.04892084309258057
rico23_seq2seq23_cat,0.39299999999999996,0.41700000000000004,0.43700000000000006,0.429,0.36700000000000005,0.337,0.447,0.386,0.424,0.40700000000000003,0.40299999999999997,0.37,0.376,0.434,0.337,0.42700000000000005,0.386,0.423,0.41600000000000004,0.397,0.377,0.44,0.35600000000000004,0.40700000000000003,0.419,0.401,0.447,0.373,0.3,0.33899999999999997,0.3957333333333333,0.03631063511179916
conv_re_23_conv_se_23_add,0.387,0.27899999999999997,0.4,0.366,0.337,0.231,0.31,0.39399999999999996,0.304,0.336,0.45,0.43700000000000006,0.39899999999999997,0.381,0.293,0.374,0.25,0.33899999999999997,0.331,0.46299999999999997,0.29100000000000004,0.316,0.257,0.369,0.25,0.284,0.3,0.33899999999999997,0.461,0.371,0.3433000000000001,0.06308467854135952
conv_re_23_conv_se_23_cat,0.33899999999999997,0.303,0.33899999999999997,0.331,0.314,0.233,0.319,0.409,0.34,0.32,0.414,0.33899999999999997,0.366,0.35100000000000003,0.366,0.331,0.34299999999999997,0.34,0.35,0.429,0.28300000000000003,0.33899999999999997,0.27399999999999997,0.386,0.271,0.379,0.36700000000000005,0.34,0.48100000000000004,0.32899999999999996,0.3441666666666667,0.048461038187622665
rico_23_conv_se_23_add,0.301,0.47700000000000004,0.353,0.34,0.45899999999999996,0.439,0.406,0.447,0.387,0.42,0.391,0.441,0.386,0.449,0.429,0.369,0.444,0.29,0.349,0.486,0.44299999999999995,0.397,0.40299999999999997,0.40299999999999997,0.42,0.371,0.32899999999999996,0.447,0.451,0.39899999999999997,0.40420000000000006,0.04898598439009537
rico_23_conv_se_23_cat,0.42,0.47700000000000004,0.353,0.33899999999999997,0.38,0.449,0.40399999999999997,0.447,0.377,0.449,0.38299999999999995,0.441,0.369,0.449,0.371,0.353,0.41700000000000004,0.29,0.4,0.401,0.44299999999999995,0.429,0.434,0.4,0.389,0.371,0.32899999999999996,0.41100000000000003,0.451,0.47100000000000003,0.40323333333333333,0.0440777217600406
seq2seq_23_conv_se_23_add,0.376,0.33899999999999997,0.389,0.35700000000000004,0.39899999999999997,0.436,0.401,0.40299999999999997,0.377,0.461,0.389,0.294,0.41600000000000004,0.44299999999999995,0.429,0.369,0.45,0.387,0.42700000000000005,0.41700000000000004,0.44299999999999995,0.44299999999999995,0.42100000000000004,0.42,0.42700000000000005,0.326,0.419,0.431,0.44299999999999995,0.4,0.4043999999999999,0.0383445780608767
seq2seq_23_conv_se_23_cat,0.42,0.48,0.353,0.33899999999999997,0.38,0.449,0.40399999999999997,0.45899999999999996,0.466,0.41600000000000004,0.38299999999999995,0.441,0.369,0.449,0.371,0.42100000000000004,0.41700000000000004,0.29,0.4,0.401,0.44299999999999995,0.429,0.434,0.40399999999999997,0.389,0.371,0.32899999999999996,0.41100000000000003,0.451,0.381,0.405,0.04275589627953866
rico_23_conv_re_23_add,0.27,0.2,0.281,0.287,0.267,0.221,0.33,0.196,0.22399999999999998,0.22399999999999998,0.289,0.281,0.28300000000000003,0.27699999999999997,0.171,0.32899999999999996,0.196,0.27699999999999997,0.26,0.226,0.24100000000000002,0.317,0.193,0.25,0.271,0.297,0.271,0.28,0.21100000000000002,0.25,0.25566666666666665,0.041027903783752935
rico_23_conv_re_23_cat,0.321,0.2,0.266,0.28600000000000003,0.24,0.221,0.22899999999999998,0.214,0.21,0.304,0.23,0.26,0.264,0.27699999999999997,0.24,0.319,0.247,0.266,0.29600000000000004,0.24,0.256,0.317,0.193,0.24600000000000002,0.23399999999999999,0.29600000000000004,0.226,0.209,0.217,0.267,0.2530333333333334,0.03585850278835164
seq2seq_23_conv_re_23_add,0.34700000000000003,0.2,0.24600000000000002,0.316,0.214,0.221,0.259,0.20600000000000002,0.22,0.276,0.22899999999999998,0.23600000000000002,0.22899999999999998,0.24,0.25,0.327,0.196,0.304,0.217,0.264,0.22399999999999998,0.267,0.193,0.244,0.23399999999999999,0.29600000000000004,0.254,0.244,0.22399999999999998,0.271,0.24826666666666666,0.03826916368159734
seq2seq_23_conv_re_23_cat,0.34700000000000003,0.2,0.266,0.28600000000000003,0.251,0.221,0.22899999999999998,0.253,0.21,0.304,0.16899999999999998,0.26,0.237,0.27699999999999997,0.24,0.319,0.247,0.29100000000000004,0.29600000000000004,0.249,0.213,0.317,0.193,0.24600000000000002,0.23399999999999999,0.29600000000000004,0.226,0.209,0.217,0.25,0.2517666666666667,0.04092406246805038
rico_23_seq2seq_23_add_0.1,0.271,0.32899999999999996,0.29100000000000004,0.397,0.38299999999999995,0.349,0.38,0.373,0.387,0.307,0.366,0.376,0.363,0.314,0.384,0.35,0.373,0.35700000000000004,0.387,0.344,0.33,0.311,0.33899999999999997,0.386,0.384,0.4,0.293,0.431,0.33299999999999996,0.364,0.35506666666666664,0.036589555279554244
rico_23_seq2seq_23_add_0.2,0.344,0.39399999999999996,0.364,0.34299999999999997,0.41600000000000004,0.33299999999999996,0.376,0.39299999999999996,0.414,0.386,0.304,0.36700000000000005,0.366,0.28600000000000003,0.376,0.316,0.373,0.32,0.29,0.33399999999999996,0.34600000000000003,0.40700000000000003,0.276,0.35700000000000004,0.389,0.374,0.321,0.39899999999999997,0.299,0.29,0.35176666666666656,0.040368868643492546
rico_23_seq2seq_23_add_0.3,0.38,0.39,0.36700000000000005,0.389,0.363,0.349,0.36700000000000005,0.376,0.40399999999999997,0.41700000000000004,0.39299999999999996,0.354,0.386,0.387,0.36,0.369,0.41100000000000003,0.326,0.413,0.373,0.35700000000000004,0.354,0.33,0.33299999999999996,0.41,0.373,0.304,0.441,0.431,0.37,0.37589999999999996,0.030958412965352945
rico_23_seq2seq_23_add_0.4,0.401,0.366,0.45,0.35700000000000004,0.376,0.363,0.389,0.35,0.37,0.434,0.41,0.34700000000000003,0.361,0.44,0.344,0.391,0.434,0.39399999999999996,0.38,0.35,0.369,0.381,0.34600000000000003,0.413,0.337,0.34700000000000003,0.389,0.431,0.376,0.366,0.3820666666666666,0.03152663776695651
rico_23_seq2seq_23_add_0.5,0.33399999999999996,0.377,0.39299999999999996,0.36,0.377,0.259,0.39,0.35600000000000004,0.426,0.40399999999999997,0.317,0.44,0.396,0.38,0.406,0.309,0.364,0.377,0.46299999999999997,0.439,0.40399999999999997,0.46399999999999997,0.47,0.38299999999999995,0.43,0.40299999999999997,0.401,0.466,0.45,0.35600000000000004,0.3931333333333333,0.04892084309258057
rico_23_seq2seq_23_add_0.6,0.47,0.39,0.42,0.379,0.423,0.337,0.364,0.423,0.431,0.43700000000000006,0.47100000000000003,0.42700000000000005,0.40700000000000003,0.41100000000000003,0.406,0.397,0.35700000000000004,0.41600000000000004,0.43700000000000006,0.433,0.326,0.281,0.33899999999999997,0.43700000000000006,0.42700000000000005,0.36700000000000005,0.46299999999999997,0.371,0.377,0.38299999999999995,0.4002333333333334,0.04367049601529873
rico_23_seq2seq_23_add_0.7,0.46299999999999997,0.46299999999999997,0.364,0.41100000000000003,0.429,0.366,0.41100000000000003,0.43,0.483,0.449,0.396,0.47700000000000004,0.386,0.47600000000000003,0.473,0.436,0.473,0.40299999999999997,0.429,0.444,0.389,0.40700000000000003,0.51,0.42,0.444,0.423,0.433,0.409,0.46299999999999997,0.374,0.43113333333333337,0.03660212501420587
rico_23_seq2seq_23_add_0.8,0.43,0.446,0.41600000000000004,0.4,0.431,0.42100000000000004,0.45,0.47600000000000003,0.429,0.466,0.409,0.373,0.41700000000000004,0.451,0.34700000000000003,0.409,0.34600000000000003,0.363,0.433,0.47100000000000003,0.39299999999999996,0.39399999999999996,0.32,0.41700000000000004,0.433,0.433,0.501,0.42100000000000004,0.41100000000000003,0.401,0.4169333333333333,0.039270797745341965
rico_23_seq2seq_23_add_0.9,0.35,0.361,0.341,0.43,0.381,0.337,0.35,0.35100000000000003,0.361,0.386,0.379,0.373,0.34299999999999997,0.447,0.314,0.36,0.371,0.397,0.374,0.35100000000000003,0.324,0.34299999999999997,0.384,0.337,0.306,0.354,0.313,0.41100000000000003,0.387,0.32899999999999996,0.36150000000000004,0.032421957580216126
rico_23_seq2seq_23_cat_0.1,0.319,0.39899999999999997,0.391,0.397,0.379,0.3,0.366,0.36700000000000005,0.337,0.39399999999999996,0.344,0.327,0.303,0.39399999999999996,0.337,0.341,0.299,0.391,0.271,0.33,0.39399999999999996,0.36700000000000005,0.401,0.309,0.4,0.436,0.366,0.369,0.33299999999999996,0.301,0.35540000000000005,0.03998383006499836
rico_23_seq2seq_23_cat_0.2,0.41100000000000003,0.354,0.414,0.29,0.31,0.27399999999999997,0.377,0.341,0.439,0.327,0.364,0.349,0.364,0.34600000000000003,0.39899999999999997,0.39899999999999997,0.377,0.35700000000000004,0.33299999999999996,0.373,0.39,0.33899999999999997,0.26,0.397,0.384,0.434,0.377,0.40399999999999997,0.27699999999999997,0.271,0.3577,0.047803172837515014
rico_23_seq2seq_23_cat_0.3,0.34700000000000003,0.354,0.39,0.364,0.379,0.406,0.317,0.34,0.447,0.40399999999999997,0.44,0.374,0.361,0.40700000000000003,0.4,0.397,0.45299999999999996,0.39,0.32899999999999996,0.377,0.366,0.41700000000000004,0.389,0.429,0.376,0.364,0.406,0.429,0.35,0.369,0.3857,0.03382715871406682
rico_23_seq2seq_23_cat_0.4,0.3,0.359,0.44299999999999995,0.39299999999999996,0.414,0.331,0.354,0.35600000000000004,0.431,0.426,0.42100000000000004,0.374,0.39899999999999997,0.451,0.384,0.38299999999999995,0.397,0.426,0.46399999999999997,0.424,0.429,0.423,0.387,0.327,0.386,0.37,0.419,0.439,0.33399999999999996,0.41,0.3951333333333333,0.0397649203304733
rico_23_seq2seq_23_cat_0.5,0.39299999999999996,0.41700000000000004,0.43700000000000006,0.429,0.36700000000000005,0.337,0.447,0.386,0.424,0.40700000000000003,0.40299999999999997,0.37,0.376,0.434,0.337,0.42700000000000005,0.386,0.423,0.41600000000000004,0.397,0.377,0.44,0.35600000000000004,0.40700000000000003,0.419,0.401,0.447,0.373,0.3,0.33899999999999997,0.3957333333333333,0.03631063511179916
rico_23_seq2seq_23_cat_0.6,0.47100000000000003,0.38299999999999995,0.396,0.40399999999999997,0.419,0.486,0.45899999999999996,0.39399999999999996,0.406,0.447,0.469,0.439,0.391,0.42700000000000005,0.41600000000000004,0.389,0.457,0.461,0.423,0.39399999999999996,0.391,0.489,0.381,0.344,0.43,0.46399999999999997,0.414,0.396,0.42700000000000005,0.444,0.42370000000000013,0.03483594886512112
rico_23_seq2seq_23_cat_0.7,0.49700000000000005,0.431,0.41100000000000003,0.49,0.46299999999999997,0.429,0.44,0.366,0.461,0.493,0.444,0.48100000000000004,0.46299999999999997,0.447,0.439,0.48700000000000004,0.41,0.40700000000000003,0.44299999999999995,0.413,0.45299999999999996,0.446,0.336,0.47600000000000003,0.363,0.40700000000000003,0.376,0.451,0.379,0.38,0.43273333333333336,0.04185206751829061
rico_23_seq2seq_23_cat_0.8,0.41700000000000004,0.391,0.363,0.457,0.353,0.39,0.344,0.406,0.376,0.441,0.379,0.44,0.426,0.397,0.467,0.45399999999999996,0.389,0.354,0.376,0.436,0.39899999999999997,0.413,0.39399999999999996,0.389,0.397,0.32,0.386,0.48700000000000004,0.431,0.376,0.40159999999999996,0.03782732698283963
rico_23_seq2seq_23_cat_0.9,0.38,0.41600000000000004,0.35100000000000003,0.38299999999999995,0.386,0.359,0.384,0.35600000000000004,0.337,0.369,0.377,0.36,0.379,0.379,0.391,0.366,0.304,0.369,0.371,0.40399999999999997,0.397,0.441,0.40299999999999997,0.419,0.414,0.41,0.42100000000000004,0.341,0.349,0.354,0.37899999999999995,0.02909295447354909
conv_re_23_conv_se_23_add_0.1,0.434,0.40299999999999997,0.43,0.304,0.39399999999999996,0.456,0.35,0.44,0.41700000000000004,0.483,0.401,0.401,0.413,0.41100000000000003,0.47600000000000003,0.401,0.377,0.451,0.469,0.424,0.36700000000000005,0.456,0.47100000000000003,0.433,0.40299999999999997,0.387,0.386,0.499,0.406,0.41,0.4184333333333334,0.041125566527675
conv_re_23_conv_se_23_add_0.2,0.439,0.331,0.39299999999999996,0.26899999999999996,0.389,0.439,0.34700000000000003,0.37,0.406,0.506,0.423,0.449,0.429,0.434,0.35600000000000004,0.39299999999999996,0.444,0.313,0.446,0.406,0.4,0.40299999999999997,0.40299999999999997,0.35100000000000003,0.401,0.45399999999999996,0.311,0.457,0.436,0.491,0.40296666666666675,0.05307320939565983
conv_re_23_conv_se_23_add_0.3,0.32899999999999996,0.354,0.391,0.33399999999999996,0.384,0.33899999999999997,0.384,0.46399999999999997,0.35600000000000004,0.35600000000000004,0.373,0.379,0.40399999999999997,0.39399999999999996,0.349,0.436,0.32,0.301,0.409,0.401,0.35600000000000004,0.364,0.38299999999999995,0.364,0.377,0.43,0.386,0.35100000000000003,0.413,0.42,0.3767,0.03574087296079938
conv_re_23_conv_se_23_add_0.4,0.376,0.354,0.33,0.304,0.33899999999999997,0.214,0.384,0.41700000000000004,0.311,0.40700000000000003,0.41100000000000003,0.40700000000000003,0.366,0.303,0.34600000000000003,0.376,0.349,0.337,0.344,0.35700000000000004,0.27399999999999997,0.303,0.349,0.294,0.28,0.387,0.29600000000000004,0.321,0.38299999999999995,0.344,0.34209999999999996,0.045834012116185804
conv_re_23_conv_se_23_add_0.5,0.387,0.27899999999999997,0.4,0.366,0.337,0.231,0.31,0.39399999999999996,0.304,0.336,0.45,0.43700000000000006,0.39899999999999997,0.381,0.293,0.374,0.25,0.33899999999999997,0.331,0.46299999999999997,0.29100000000000004,0.316,0.257,0.369,0.25,0.284,0.3,0.33899999999999997,0.461,0.371,0.3433000000000001,0.06308467854135952
conv_re_23_conv_se_23_add_0.6,0.317,0.23,0.314,0.313,0.276,0.247,0.276,0.297,0.34299999999999997,0.27399999999999997,0.309,0.34600000000000003,0.353,0.32299999999999995,0.264,0.319,0.267,0.35600000000000004,0.327,0.47100000000000003,0.311,0.289,0.24100000000000002,0.29600000000000004,0.24,0.313,0.28600000000000003,0.33,0.36700000000000005,0.33399999999999996,0.30763333333333337,0.04688175432819137
conv_re_23_conv_se_23_add_0.7,0.32899999999999996,0.21600000000000003,0.354,0.249,0.251,0.19899999999999998,0.311,0.35600000000000004,0.331,0.267,0.331,0.39399999999999996,0.226,0.297,0.309,0.33,0.171,0.243,0.31,0.36700000000000005,0.27899999999999997,0.29600000000000004,0.247,0.299,0.23399999999999999,0.29100000000000004,0.28300000000000003,0.311,0.326,0.247,0.2884666666666667,0.05153428200937918
conv_re_23_conv_se_23_add_0.8,0.306,0.18899999999999997,0.27699999999999997,0.263,0.33299999999999996,0.22,0.276,0.287,0.253,0.24600000000000002,0.301,0.364,0.257,0.22699999999999998,0.19,0.27699999999999997,0.21899999999999997,0.24600000000000002,0.26899999999999996,0.41700000000000004,0.264,0.226,0.217,0.257,0.28,0.28300000000000003,0.293,0.27699999999999997,0.306,0.22899999999999998,0.26830000000000004,0.047382239992075796
conv_re_23_conv_se_23_add_0.9,0.281,0.14,0.23,0.257,0.309,0.22699999999999998,0.324,0.253,0.28600000000000003,0.249,0.193,0.233,0.21100000000000002,0.231,0.21100000000000002,0.271,0.23600000000000002,0.237,0.264,0.26899999999999996,0.26,0.207,0.157,0.293,0.231,0.26899999999999996,0.253,0.28,0.22399999999999998,0.237,0.2441,0.03936356183070836
conv_re_23_conv_se_23_cat_0.1,0.32899999999999996,0.386,0.376,0.324,0.42,0.461,0.44,0.48100000000000004,0.419,0.483,0.35,0.34,0.447,0.377,0.341,0.49700000000000005,0.44299999999999995,0.38299999999999995,0.413,0.401,0.41600000000000004,0.44,0.386,0.374,0.36,0.431,0.38299999999999995,0.41600000000000004,0.36700000000000005,0.433,0.4038999999999999,0.04572114755048623
conv_re_23_conv_se_23_cat_0.2,0.431,0.41600000000000004,0.363,0.311,0.293,0.40399999999999997,0.289,0.44,0.439,0.41600000000000004,0.489,0.401,0.434,0.439,0.376,0.496,0.44,0.326,0.47100000000000003,0.41600000000000004,0.431,0.444,0.391,0.413,0.306,0.366,0.41,0.38299999999999995,0.38299999999999995,0.327,0.3981333333333333,0.054612412101605216
conv_re_23_conv_se_23_cat_0.3,0.32899999999999996,0.381,0.316,0.289,0.359,0.34299999999999997,0.406,0.391,0.29600000000000004,0.35,0.377,0.371,0.301,0.363,0.397,0.33299999999999996,0.374,0.314,0.397,0.414,0.391,0.359,0.38299999999999995,0.359,0.32,0.32,0.32,0.35600000000000004,0.381,0.344,0.35446666666666665,0.033972276278688714
conv_re_23_conv_se_23_cat_0.4,0.331,0.331,0.379,0.256,0.36700000000000005,0.29600000000000004,0.34700000000000003,0.426,0.377,0.327,0.414,0.38299999999999995,0.384,0.37,0.344,0.414,0.32,0.349,0.40399999999999997,0.406,0.32,0.377,0.27399999999999997,0.37,0.35,0.364,0.34600000000000003,0.34600000000000003,0.446,0.353,0.3590333333333333,0.042143788259824115
conv_re_23_conv_se_23_cat_0.5,0.33899999999999997,0.303,0.33899999999999997,0.331,0.314,0.233,0.319,0.409,0.34,0.32,0.414,0.33899999999999997,0.366,0.35100000000000003,0.366,0.331,0.34299999999999997,0.34,0.35,0.429,0.28300000000000003,0.33899999999999997,0.27399999999999997,0.386,0.271,0.379,0.36700000000000005,0.34,0.48100000000000004,0.32899999999999996,0.3441666666666667,0.048461038187622665
conv_re_23_conv_se_23_cat_0.6,0.326,0.303,0.363,0.32299999999999995,0.34299999999999997,0.247,0.287,0.35700000000000004,0.317,0.281,0.314,0.364,0.354,0.319,0.23600000000000002,0.35600000000000004,0.294,0.303,0.33899999999999997,0.426,0.301,0.261,0.191,0.384,0.251,0.231,0.389,0.261,0.337,0.336,0.3131333333333333,0.05186696658010975
conv_re_23_conv_se_23_cat_0.7,0.387,0.21100000000000002,0.27399999999999997,0.29,0.253,0.19,0.256,0.331,0.287,0.29,0.271,0.304,0.281,0.264,0.251,0.287,0.304,0.254,0.287,0.433,0.306,0.28600000000000003,0.289,0.243,0.267,0.304,0.3,0.293,0.431,0.311,0.2911666666666667,0.051157328138031435
conv_re_23_conv_se_23_cat_0.8,0.249,0.204,0.289,0.3,0.249,0.293,0.28,0.35700000000000004,0.27,0.21600000000000003,0.29100000000000004,0.336,0.263,0.29,0.203,0.261,0.23399999999999999,0.261,0.24,0.341,0.28,0.233,0.263,0.191,0.27899999999999997,0.319,0.3,0.303,0.344,0.294,0.27443333333333336,0.04180883744962169
conv_re_23_conv_se_23_cat_0.9,0.35,0.151,0.244,0.31,0.31,0.27,0.309,0.321,0.267,0.273,0.226,0.18,0.29100000000000004,0.327,0.249,0.327,0.22899999999999998,0.18600000000000003,0.21,0.319,0.231,0.259,0.21,0.281,0.276,0.254,0.264,0.256,0.25,0.303,0.26443333333333335,0.047320667319423505
rico_23_conv_se_23_add_0.1,0.42,0.47700000000000004,0.353,0.33899999999999997,0.406,0.449,0.40399999999999997,0.447,0.377,0.449,0.38299999999999995,0.441,0.369,0.449,0.371,0.42100000000000004,0.41700000000000004,0.40700000000000003,0.4,0.401,0.44299999999999995,0.429,0.42100000000000004,0.40399999999999997,0.389,0.371,0.32899999999999996,0.434,0.451,0.4,0.40836666666666666,0.03540761060688633
rico_23_conv_se_23_cat_0.1,0.42,0.47700000000000004,0.353,0.33899999999999997,0.406,0.449,0.40399999999999997,0.447,0.377,0.449,0.389,0.441,0.369,0.449,0.371,0.353,0.41700000000000004,0.40700000000000003,0.4,0.401,0.44299999999999995,0.429,0.434,0.4,0.389,0.371,0.32899999999999996,0.41100000000000003,0.451,0.47100000000000003,0.40819999999999995,0.03829656207372494
seq2seq_23_conv_se_23_add_0.1,0.42,0.47600000000000003,0.33299999999999996,0.261,0.38,0.449,0.40399999999999997,0.447,0.377,0.449,0.389,0.441,0.369,0.441,0.371,0.47100000000000003,0.41700000000000004,0.40700000000000003,0.4,0.401,0.44299999999999995,0.429,0.434,0.4,0.389,0.371,0.32899999999999996,0.41100000000000003,0.451,0.38299999999999995,0.4047666666666666,0.04501309685956843
seq2seq_23_conv_se_23_cat_0.1,0.42,0.47700000000000004,0.353,0.33899999999999997,0.406,0.449,0.40399999999999997,0.447,0.377,0.449,0.389,0.441,0.369,0.449,0.371,0.353,0.41700000000000004,0.40700000000000003,0.4,0.401,0.44299999999999995,0.429,0.434,0.4,0.389,0.371,0.32899999999999996,0.41100000000000003,0.451,0.47100000000000003,0.40819999999999995,0.03829656207372494
rico_23_conv_se_23_add_0.2,0.359,0.47700000000000004,0.353,0.33899999999999997,0.40700000000000003,0.449,0.40399999999999997,0.447,0.377,0.41600000000000004,0.38299999999999995,0.441,0.369,0.449,0.371,0.42100000000000004,0.41700000000000004,0.439,0.4,0.401,0.44299999999999995,0.397,0.42100000000000004,0.40399999999999997,0.389,0.371,0.32899999999999996,0.447,0.451,0.4,0.40570000000000006,0.036321848337697075
rico_23_conv_se_23_cat_0.2,0.42,0.47700000000000004,0.353,0.33899999999999997,0.406,0.449,0.40399999999999997,0.447,0.377,0.449,0.389,0.441,0.369,0.449,0.371,0.353,0.41700000000000004,0.40700000000000003,0.4,0.401,0.44299999999999995,0.429,0.434,0.4,0.389,0.371,0.32899999999999996,0.41100000000000003,0.451,0.47100000000000003,0.40819999999999995,0.03829656207372494
seq2seq_23_conv_se_23_add_0.2,0.36,0.47600000000000003,0.426,0.261,0.397,0.423,0.40399999999999997,0.447,0.377,0.449,0.389,0.441,0.369,0.391,0.371,0.47100000000000003,0.45399999999999996,0.406,0.4,0.419,0.44299999999999995,0.449,0.434,0.4,0.389,0.337,0.32899999999999996,0.41100000000000003,0.451,0.46299999999999997,0.40789999999999993,0.04635396423176771
seq2seq_23_conv_se_23_cat_0.2,0.42,0.47700000000000004,0.353,0.33899999999999997,0.40700000000000003,0.449,0.40399999999999997,0.447,0.377,0.449,0.389,0.441,0.369,0.449,0.371,0.353,0.41700000000000004,0.40700000000000003,0.4,0.401,0.44299999999999995,0.429,0.434,0.4,0.389,0.371,0.32899999999999996,0.41100000000000003,0.451,0.47100000000000003,0.40823333333333334,0.03829506785765267
rico_23_conv_se_23_add_0.3,0.301,0.47700000000000004,0.353,0.33899999999999997,0.40700000000000003,0.449,0.40399999999999997,0.447,0.387,0.447,0.38299999999999995,0.441,0.369,0.449,0.429,0.42100000000000004,0.41700000000000004,0.34,0.406,0.401,0.44299999999999995,0.397,0.42100000000000004,0.40399999999999997,0.389,0.371,0.32899999999999996,0.447,0.451,0.4,0.40396666666666664,0.04159686152690957
rico_23_conv_se_23_cat_0.3,0.42,0.47700000000000004,0.353,0.33899999999999997,0.406,0.449,0.40399999999999997,0.447,0.377,0.449,0.389,0.441,0.369,0.449,0.371,0.353,0.41700000000000004,0.40700000000000003,0.4,0.401,0.44299999999999995,0.429,0.434,0.4,0.389,0.371,0.32899999999999996,0.41100000000000003,0.451,0.47100000000000003,0.40819999999999995,0.03829656207372494
seq2seq_23_conv_se_23_add_0.3,0.36,0.47700000000000004,0.426,0.349,0.397,0.423,0.40399999999999997,0.447,0.377,0.461,0.389,0.294,0.369,0.429,0.42700000000000005,0.47100000000000003,0.45399999999999996,0.43,0.397,0.419,0.44299999999999995,0.449,0.42100000000000004,0.4,0.389,0.337,0.419,0.41100000000000003,0.44299999999999995,0.4,0.41039999999999993,0.04033245178099971
seq2seq_23_conv_se_23_cat_0.3,0.42,0.47700000000000004,0.353,0.33899999999999997,0.4,0.449,0.40399999999999997,0.447,0.377,0.449,0.389,0.441,0.369,0.449,0.371,0.353,0.41700000000000004,0.40700000000000003,0.4,0.401,0.44299999999999995,0.429,0.434,0.4,0.389,0.371,0.32899999999999996,0.41100000000000003,0.451,0.47100000000000003,0.408,0.03832318706301275
rico_23_conv_se_23_add_0.4,0.301,0.47700000000000004,0.353,0.33899999999999997,0.409,0.449,0.40399999999999997,0.447,0.387,0.48,0.38299999999999995,0.441,0.386,0.449,0.429,0.369,0.444,0.29,0.406,0.406,0.44299999999999995,0.397,0.42100000000000004,0.40299999999999997,0.389,0.371,0.32899999999999996,0.447,0.451,0.4,0.4033333333333333,0.046975407277520115
rico_23_conv_se_23_cat_0.4,0.42,0.47700000000000004,0.353,0.33899999999999997,0.406,0.449,0.40399999999999997,0.447,0.377,0.449,0.389,0.441,0.369,0.449,0.371,0.353,0.41700000000000004,0.40700000000000003,0.4,0.401,0.44299999999999995,0.429,0.434,0.4,0.389,0.371,0.32899999999999996,0.41100000000000003,0.451,0.47100000000000003,0.40819999999999995,0.03829656207372494
seq2seq_23_conv_se_23_add_0.4,0.409,0.47700000000000004,0.426,0.349,0.39299999999999996,0.436,0.401,0.40299999999999997,0.377,0.461,0.389,0.294,0.369,0.429,0.429,0.46399999999999997,0.449,0.377,0.377,0.41700000000000004,0.44299999999999995,0.426,0.42100000000000004,0.45299999999999996,0.429,0.337,0.419,0.41100000000000003,0.44299999999999995,0.39399999999999996,0.4100666666666666,0.03943258663705551
seq2seq_23_conv_se_23_cat_0.4,0.42,0.47700000000000004,0.353,0.33899999999999997,0.38,0.449,0.40399999999999997,0.447,0.377,0.41600000000000004,0.38299999999999995,0.441,0.369,0.449,0.371,0.353,0.41700000000000004,0.29,0.4,0.401,0.44299999999999995,0.429,0.434,0.4,0.389,0.371,0.32899999999999996,0.41100000000000003,0.451,0.381,0.39913333333333334,0.041533707863479874
rico_23_conv_se_23_add_0.5,0.301,0.47700000000000004,0.353,0.34,0.45899999999999996,0.439,0.406,0.447,0.387,0.42,0.391,0.441,0.386,0.449,0.429,0.369,0.444,0.29,0.349,0.486,0.44299999999999995,0.397,0.40299999999999997,0.40299999999999997,0.42,0.371,0.32899999999999996,0.447,0.451,0.39899999999999997,0.40420000000000006,0.04898598439009537
rico_23_conv_se_23_cat_0.5,0.42,0.47700000000000004,0.353,0.33899999999999997,0.38,0.449,0.40399999999999997,0.447,0.377,0.449,0.38299999999999995,0.441,0.369,0.449,0.371,0.353,0.41700000000000004,0.29,0.4,0.401,0.44299999999999995,0.429,0.434,0.4,0.389,0.371,0.32899999999999996,0.41100000000000003,0.451,0.47100000000000003,0.40323333333333333,0.0440777217600406
seq2seq_23_conv_se_23_add_0.5,0.376,0.33899999999999997,0.389,0.35700000000000004,0.39899999999999997,0.436,0.401,0.40299999999999997,0.377,0.461,0.389,0.294,0.41600000000000004,0.44299999999999995,0.429,0.369,0.45,0.387,0.42700000000000005,0.41700000000000004,0.44299999999999995,0.44299999999999995,0.42100000000000004,0.42,0.42700000000000005,0.326,0.419,0.431,0.44299999999999995,0.4,0.4043999999999999,0.0383445780608767
seq2seq_23_conv_se_23_cat_0.5,0.42,0.48,0.353,0.33899999999999997,0.38,0.449,0.40399999999999997,0.45899999999999996,0.466,0.41600000000000004,0.38299999999999995,0.441,0.369,0.449,0.371,0.42100000000000004,0.41700000000000004,0.29,0.4,0.401,0.44299999999999995,0.429,0.434,0.40399999999999997,0.389,0.371,0.32899999999999996,0.41100000000000003,0.451,0.381,0.405,0.04275589627953866
rico_23_conv_se_23_add_0.6,0.301,0.47700000000000004,0.353,0.319,0.354,0.439,0.41700000000000004,0.447,0.40700000000000003,0.42,0.35600000000000004,0.29600000000000004,0.419,0.406,0.429,0.33399999999999996,0.45,0.4,0.40399999999999997,0.43700000000000006,0.446,0.396,0.40299999999999997,0.40299999999999997,0.391,0.371,0.409,0.447,0.451,0.374,0.39853333333333346,0.04542006409311002
rico_23_conv_se_23_cat_0.6,0.42,0.47700000000000004,0.353,0.33899999999999997,0.38,0.449,0.40399999999999997,0.447,0.33,0.449,0.38299999999999995,0.441,0.369,0.449,0.371,0.353,0.41700000000000004,0.29,0.4,0.401,0.44299999999999995,0.429,0.434,0.4,0.389,0.371,0.32899999999999996,0.41100000000000003,0.451,0.413,0.3997333333333334,0.04400600969059669
seq2seq_23_conv_se_23_add_0.6,0.344,0.359,0.389,0.309,0.369,0.436,0.401,0.40399999999999997,0.391,0.467,0.371,0.29600000000000004,0.39299999999999996,0.363,0.406,0.369,0.46299999999999997,0.289,0.42700000000000005,0.436,0.391,0.386,0.39299999999999996,0.42100000000000004,0.42700000000000005,0.326,0.419,0.447,0.44299999999999995,0.4,0.3911666666666666,0.04527698704149334
seq2seq_23_conv_se_23_cat_0.6,0.42,0.391,0.353,0.33899999999999997,0.397,0.449,0.40399999999999997,0.45899999999999996,0.466,0.41600000000000004,0.38299999999999995,0.441,0.369,0.391,0.371,0.47100000000000003,0.41700000000000004,0.29,0.4,0.401,0.44299999999999995,0.429,0.434,0.40399999999999997,0.474,0.371,0.32899999999999996,0.41100000000000003,0.451,0.439,0.4071,0.043268425747497063
rico_23_conv_se_23_add_0.7,0.413,0.47700000000000004,0.353,0.35100000000000003,0.354,0.441,0.423,0.41,0.40700000000000003,0.41100000000000003,0.36,0.289,0.41600000000000004,0.406,0.43700000000000006,0.33399999999999996,0.45,0.396,0.414,0.386,0.36,0.413,0.40299999999999997,0.337,0.39299999999999996,0.327,0.379,0.297,0.451,0.436,0.3908000000000001,0.04534416537255189
rico_23_conv_se_23_cat_0.7,0.42,0.48,0.353,0.33899999999999997,0.397,0.449,0.40399999999999997,0.45899999999999996,0.466,0.449,0.38299999999999995,0.441,0.369,0.449,0.371,0.47100000000000003,0.41700000000000004,0.29,0.4,0.401,0.44299999999999995,0.429,0.434,0.40399999999999997,0.389,0.371,0.32899999999999996,0.41100000000000003,0.451,0.41600000000000004,0.40950000000000003,0.04439725967519468
seq2seq_23_conv_se_23_add_0.7,0.39899999999999997,0.366,0.321,0.34700000000000003,0.35700000000000004,0.44299999999999995,0.45899999999999996,0.40399999999999997,0.376,0.40700000000000003,0.46399999999999997,0.457,0.374,0.366,0.40700000000000003,0.369,0.429,0.371,0.341,0.483,0.396,0.436,0.39299999999999996,0.42100000000000004,0.4,0.33,0.41600000000000004,0.35100000000000003,0.44299999999999995,0.429,0.3985000000000001,0.04173228166939034
seq2seq_23_conv_se_23_cat_0.7,0.39899999999999997,0.386,0.353,0.389,0.359,0.45,0.381,0.43700000000000006,0.40700000000000003,0.467,0.37,0.441,0.35700000000000004,0.44299999999999995,0.4,0.436,0.344,0.38,0.431,0.41100000000000003,0.391,0.419,0.434,0.40399999999999997,0.474,0.371,0.396,0.431,0.451,0.42,0.4077333333333334,0.034294735585638926
rico_23_conv_se_23_add_0.8,0.316,0.391,0.35,0.389,0.419,0.39399999999999996,0.42700000000000005,0.457,0.40700000000000003,0.38299999999999995,0.34700000000000003,0.32299999999999995,0.467,0.396,0.431,0.321,0.41600000000000004,0.377,0.41700000000000004,0.387,0.366,0.391,0.449,0.354,0.456,0.327,0.419,0.36700000000000005,0.401,0.39899999999999997,0.3914666666666666,0.040679833933890255
rico_23_conv_se_23_cat_0.8,0.42,0.381,0.349,0.33899999999999997,0.397,0.449,0.40399999999999997,0.45899999999999996,0.33,0.467,0.361,0.441,0.35,0.391,0.429,0.444,0.41700000000000004,0.31,0.406,0.406,0.44299999999999995,0.419,0.434,0.40399999999999997,0.379,0.371,0.40700000000000003,0.414,0.451,0.341,0.40043333333333325,0.040981852352257354
seq2seq_23_conv_se_23_add_0.8,0.423,0.34600000000000003,0.309,0.396,0.44,0.489,0.377,0.47,0.461,0.42700000000000005,0.46399999999999997,0.431,0.41,0.414,0.376,0.429,0.44,0.36,0.509,0.406,0.424,0.483,0.39399999999999996,0.419,0.379,0.40299999999999997,0.371,0.40399999999999997,0.414,0.361,0.4143000000000001,0.04388633044582333
seq2seq_23_conv_se_23_cat_0.8,0.444,0.39399999999999996,0.419,0.363,0.341,0.376,0.423,0.43700000000000006,0.446,0.43700000000000006,0.38299999999999995,0.441,0.39399999999999996,0.374,0.376,0.366,0.461,0.467,0.433,0.413,0.40399999999999997,0.36700000000000005,0.39899999999999997,0.379,0.45299999999999996,0.371,0.317,0.413,0.39,0.42700000000000005,0.40359999999999996,0.03638644436233546
rico_23_conv_se_23_add_0.9,0.39,0.431,0.35100000000000003,0.324,0.34700000000000003,0.397,0.387,0.423,0.384,0.439,0.369,0.379,0.444,0.46399999999999997,0.349,0.35700000000000004,0.43,0.406,0.45399999999999996,0.33,0.36700000000000005,0.49700000000000005,0.456,0.354,0.456,0.33299999999999996,0.337,0.43,0.41100000000000003,0.364,0.39533333333333326,0.04625100599506519
rico_23_conv_se_23_cat_0.9,0.41600000000000004,0.34700000000000003,0.479,0.33399999999999996,0.344,0.41700000000000004,0.369,0.451,0.433,0.41,0.419,0.337,0.39399999999999996,0.42100000000000004,0.376,0.434,0.419,0.33399999999999996,0.361,0.45899999999999996,0.406,0.413,0.366,0.40299999999999997,0.423,0.371,0.327,0.41700000000000004,0.38,0.419,0.3959666666666667,0.03946600506202212
seq2seq_23_conv_se_23_add_0.9,0.444,0.434,0.40399999999999997,0.311,0.419,0.47,0.336,0.447,0.371,0.44,0.319,0.374,0.381,0.35,0.413,0.38299999999999995,0.384,0.376,0.436,0.43,0.489,0.46399999999999997,0.40399999999999997,0.34700000000000003,0.39,0.37,0.43700000000000006,0.396,0.456,0.40700000000000003,0.40273333333333333,0.04427484864143775
seq2seq_23_conv_se_23_cat_0.9,0.373,0.39899999999999997,0.429,0.299,0.457,0.429,0.434,0.35100000000000003,0.41,0.474,0.386,0.35700000000000004,0.364,0.424,0.369,0.353,0.414,0.374,0.486,0.354,0.41,0.424,0.3,0.37,0.43,0.374,0.40299999999999997,0.35700000000000004,0.41100000000000003,0.401,0.39386666666666664,0.04338566071359932
rico_23_conv_re_23_add_0.1,0.34700000000000003,0.2,0.266,0.28600000000000003,0.24,0.221,0.22899999999999998,0.19899999999999998,0.21,0.304,0.23,0.26,0.266,0.27899999999999997,0.24,0.319,0.247,0.204,0.29600000000000004,0.223,0.256,0.317,0.193,0.24600000000000002,0.23399999999999999,0.29600000000000004,0.226,0.209,0.217,0.267,0.2509,0.03964874945484831
rico_23_conv_re_23_cat_0.1,0.321,0.2,0.266,0.28600000000000003,0.24,0.221,0.22899999999999998,0.214,0.21,0.304,0.23,0.26,0.264,0.27899999999999997,0.24,0.319,0.247,0.266,0.29600000000000004,0.223,0.256,0.317,0.193,0.24600000000000002,0.23399999999999999,0.29600000000000004,0.226,0.209,0.217,0.267,0.25253333333333333,0.03623969585351892
seq2seq_23_conv_re_23_add_0.1,0.34700000000000003,0.2,0.26,0.28600000000000003,0.24,0.221,0.22899999999999998,0.19899999999999998,0.21,0.304,0.16899999999999998,0.254,0.281,0.263,0.24,0.319,0.247,0.266,0.22399999999999998,0.231,0.213,0.317,0.193,0.24600000000000002,0.23399999999999999,0.29600000000000004,0.226,0.28,0.22399999999999998,0.267,0.24953333333333338,0.040662622749754955
seq2seq_23_conv_re_23_cat_0.1,0.321,0.2,0.266,0.28600000000000003,0.24,0.221,0.22899999999999998,0.214,0.21,0.304,0.23,0.26,0.264,0.27899999999999997,0.24,0.319,0.247,0.266,0.29600000000000004,0.223,0.256,0.317,0.193,0.24600000000000002,0.23399999999999999,0.29600000000000004,0.226,0.209,0.217,0.267,0.25253333333333333,0.03623969585351892
rico_23_conv_re_23_add_0.2,0.321,0.2,0.266,0.28600000000000003,0.24,0.221,0.22899999999999998,0.19899999999999998,0.22399999999999998,0.304,0.23,0.281,0.266,0.27899999999999997,0.24,0.319,0.247,0.204,0.29600000000000004,0.223,0.213,0.317,0.193,0.24600000000000002,0.23399999999999999,0.29600000000000004,0.226,0.209,0.217,0.266,0.2497333333333333,0.038319649731639725
rico_23_conv_re_23_cat_0.2,0.321,0.2,0.266,0.28600000000000003,0.24,0.221,0.22899999999999998,0.214,0.21,0.304,0.23,0.26,0.264,0.27699999999999997,0.24,0.319,0.247,0.266,0.29600000000000004,0.223,0.256,0.317,0.193,0.24600000000000002,0.23399999999999999,0.29600000000000004,0.226,0.209,0.217,0.267,0.2524666666666667,0.036192755567317
seq2seq_23_conv_re_23_add_0.2,0.34700000000000003,0.2,0.281,0.29,0.24,0.221,0.22899999999999998,0.196,0.21,0.304,0.213,0.281,0.281,0.304,0.171,0.32,0.223,0.266,0.22399999999999998,0.231,0.213,0.317,0.193,0.24600000000000002,0.23399999999999999,0.29600000000000004,0.226,0.276,0.22399999999999998,0.29600000000000004,0.2517666666666667,0.044007335247155735
seq2seq_23_conv_re_23_cat_0.2,0.321,0.2,0.266,0.28600000000000003,0.24,0.221,0.22899999999999998,0.214,0.21,0.304,0.23,0.26,0.264,0.27699999999999997,0.24,0.319,0.247,0.266,0.29600000000000004,0.223,0.256,0.317,0.193,0.24600000000000002,0.23399999999999999,0.29600000000000004,0.226,0.209,0.217,0.267,0.2524666666666667,0.036192755567317
rico_23_conv_re_23_add_0.3,0.321,0.2,0.22699999999999998,0.28600000000000003,0.267,0.221,0.22899999999999998,0.196,0.22399999999999998,0.22399999999999998,0.23,0.281,0.28300000000000003,0.27899999999999997,0.171,0.319,0.247,0.204,0.29600000000000004,0.299,0.24100000000000002,0.317,0.193,0.24600000000000002,0.23399999999999999,0.29600000000000004,0.226,0.21100000000000002,0.207,0.266,0.24803333333333336,0.041001205944324236
rico_23_conv_re_23_cat_0.3,0.321,0.2,0.266,0.28600000000000003,0.24,0.221,0.22899999999999998,0.214,0.21,0.304,0.23,0.26,0.264,0.27699999999999997,0.24,0.319,0.247,0.266,0.29600000000000004,0.223,0.256,0.317,0.193,0.24600000000000002,0.23399999999999999,0.29600000000000004,0.226,0.209,0.217,0.267,0.2524666666666667,0.036192755567317
seq2seq_23_conv_re_23_add_0.3,0.34700000000000003,0.2,0.267,0.29,0.24,0.221,0.22899999999999998,0.201,0.21,0.281,0.213,0.27699999999999997,0.266,0.27899999999999997,0.271,0.319,0.223,0.27,0.223,0.244,0.213,0.317,0.193,0.223,0.23399999999999999,0.29600000000000004,0.226,0.276,0.22399999999999998,0.267,0.25133333333333335,0.038645683961975485
seq2seq_23_conv_re_23_cat_0.3,0.321,0.2,0.266,0.28600000000000003,0.24,0.221,0.22899999999999998,0.214,0.21,0.304,0.23,0.26,0.264,0.27699999999999997,0.24,0.319,0.247,0.266,0.29600000000000004,0.309,0.256,0.317,0.193,0.24600000000000002,0.23399999999999999,0.29600000000000004,0.226,0.209,0.217,0.267,0.25533333333333336,0.03713877877487209
rico_23_conv_re_23_add_0.4,0.321,0.2,0.281,0.28600000000000003,0.267,0.221,0.33,0.196,0.22399999999999998,0.304,0.22899999999999998,0.281,0.28300000000000003,0.27899999999999997,0.171,0.319,0.247,0.263,0.26,0.299,0.24100000000000002,0.317,0.193,0.214,0.23399999999999999,0.29600000000000004,0.226,0.21100000000000002,0.21100000000000002,0.25,0.2551333333333334,0.04288102403420682
rico_23_conv_re_23_cat_0.4,0.321,0.2,0.266,0.28600000000000003,0.24,0.221,0.22899999999999998,0.214,0.21,0.304,0.23,0.26,0.264,0.27699999999999997,0.24,0.319,0.247,0.266,0.29600000000000004,0.223,0.256,0.317,0.193,0.24600000000000002,0.23399999999999999,0.29600000000000004,0.226,0.209,0.217,0.267,0.2524666666666667,0.036192755567317
seq2seq_23_conv_re_23_add_0.4,0.34700000000000003,0.18,0.247,0.29,0.24,0.221,0.22899999999999998,0.20600000000000002,0.21,0.281,0.19399999999999998,0.27699999999999997,0.22899999999999998,0.27899999999999997,0.22899999999999998,0.32,0.247,0.26899999999999996,0.22899999999999998,0.266,0.23600000000000002,0.317,0.193,0.244,0.22399999999999998,0.29600000000000004,0.226,0.244,0.22399999999999998,0.267,0.2487,0.03900440146103173
seq2seq_23_conv_re_23_cat_0.4,0.34700000000000003,0.2,0.266,0.28600000000000003,0.24,0.221,0.22899999999999998,0.214,0.21,0.304,0.23,0.26,0.237,0.27699999999999997,0.24,0.319,0.247,0.266,0.29600000000000004,0.249,0.256,0.317,0.193,0.24600000000000002,0.23399999999999999,0.29600000000000004,0.226,0.209,0.217,0.25,0.2527333333333333,0.037673981590600286
rico_23_conv_re_23_add_0.5,0.27,0.2,0.281,0.287,0.267,0.221,0.33,0.196,0.22399999999999998,0.22399999999999998,0.289,0.281,0.28300000000000003,0.27699999999999997,0.171,0.32899999999999996,0.196,0.27699999999999997,0.26,0.226,0.24100000000000002,0.317,0.193,0.25,0.271,0.297,0.271,0.28,0.21100000000000002,0.25,0.25566666666666665,0.041027903783752935
rico_23_conv_re_23_cat_0.5,0.321,0.2,0.266,0.28600000000000003,0.24,0.221,0.22899999999999998,0.214,0.21,0.304,0.23,0.26,0.264,0.27699999999999997,0.24,0.319,0.247,0.266,0.29600000000000004,0.24,0.256,0.317,0.193,0.24600000000000002,0.23399999999999999,0.29600000000000004,0.226,0.209,0.217,0.267,0.2530333333333334,0.03585850278835164
seq2seq_23_conv_re_23_add_0.5,0.34700000000000003,0.2,0.24600000000000002,0.316,0.214,0.221,0.259,0.20600000000000002,0.22,0.276,0.22899999999999998,0.23600000000000002,0.22899999999999998,0.24,0.25,0.327,0.196,0.304,0.217,0.264,0.22399999999999998,0.267,0.193,0.244,0.23399999999999999,0.29600000000000004,0.254,0.244,0.22399999999999998,0.271,0.24826666666666666,0.03826916368159734
seq2seq_23_conv_re_23_cat_0.5,0.34700000000000003,0.2,0.266,0.28600000000000003,0.251,0.221,0.22899999999999998,0.253,0.21,0.304,0.16899999999999998,0.26,0.237,0.27699999999999997,0.24,0.319,0.247,0.29100000000000004,0.29600000000000004,0.249,0.213,0.317,0.193,0.24600000000000002,0.23399999999999999,0.29600000000000004,0.226,0.209,0.217,0.25,0.2517666666666667,0.04092406246805038
rico_23_conv_re_23_add_0.6,0.33399999999999996,0.2,0.22699999999999998,0.287,0.264,0.221,0.264,0.27899999999999997,0.22399999999999998,0.22399999999999998,0.21899999999999997,0.281,0.27399999999999997,0.27699999999999997,0.171,0.32899999999999996,0.193,0.221,0.251,0.251,0.24100000000000002,0.317,0.193,0.25,0.271,0.217,0.271,0.243,0.22399999999999998,0.25,0.24893333333333334,0.038799427258086626
rico_23_conv_re_23_cat_0.6,0.321,0.2,0.266,0.28600000000000003,0.24,0.221,0.22899999999999998,0.214,0.21,0.304,0.23,0.26,0.237,0.27699999999999997,0.24,0.319,0.247,0.29100000000000004,0.29600000000000004,0.28300000000000003,0.256,0.317,0.193,0.24600000000000002,0.23399999999999999,0.29600000000000004,0.226,0.209,0.217,0.25,0.25383333333333336,0.03674605043024655
seq2seq_23_conv_re_23_add_0.6,0.341,0.2,0.24600000000000002,0.284,0.25,0.221,0.284,0.29,0.244,0.27699999999999997,0.266,0.22899999999999998,0.254,0.281,0.23,0.3,0.21,0.171,0.326,0.289,0.233,0.22899999999999998,0.193,0.27699999999999997,0.214,0.307,0.243,0.317,0.21600000000000003,0.25,0.25573333333333337,0.04081987533325184
seq2seq_23_conv_re_23_cat_0.6,0.34700000000000003,0.2,0.244,0.28600000000000003,0.251,0.221,0.22899999999999998,0.251,0.21,0.304,0.16899999999999998,0.22699999999999998,0.237,0.28600000000000003,0.17,0.294,0.247,0.29100000000000004,0.26,0.28600000000000003,0.213,0.317,0.193,0.214,0.23399999999999999,0.29600000000000004,0.226,0.209,0.207,0.249,0.24559999999999998,0.042941510608423335
rico_23_conv_re_23_add_0.7,0.336,0.21,0.21600000000000003,0.276,0.249,0.221,0.264,0.22399999999999998,0.22399999999999998,0.237,0.24600000000000002,0.29,0.16399999999999998,0.257,0.266,0.324,0.231,0.221,0.23,0.281,0.24100000000000002,0.223,0.193,0.231,0.271,0.217,0.28,0.243,0.243,0.22399999999999998,0.24443333333333334,0.035325801083941795
rico_23_conv_re_23_cat_0.7,0.321,0.2,0.22699999999999998,0.28600000000000003,0.251,0.221,0.22899999999999998,0.21100000000000002,0.21,0.304,0.16899999999999998,0.217,0.243,0.27699999999999997,0.24,0.319,0.247,0.29100000000000004,0.29600000000000004,0.267,0.213,0.317,0.193,0.24600000000000002,0.23399999999999999,0.29600000000000004,0.226,0.209,0.217,0.247,0.2474666666666667,0.04030197127795226
seq2seq_23_conv_re_23_add_0.7,0.341,0.171,0.293,0.21,0.263,0.213,0.256,0.297,0.27899999999999997,0.226,0.249,0.18600000000000003,0.29600000000000004,0.21600000000000003,0.21,0.247,0.19699999999999998,0.171,0.22899999999999998,0.266,0.19699999999999998,0.22899999999999998,0.19899999999999998,0.289,0.214,0.24,0.22899999999999998,0.271,0.201,0.257,0.23806666666666668,0.040711942009958486
seq2seq_23_conv_re_23_cat_0.7,0.27,0.19,0.204,0.259,0.251,0.221,0.22899999999999998,0.256,0.21,0.26,0.22399999999999998,0.26,0.24600000000000002,0.27899999999999997,0.24100000000000002,0.251,0.247,0.29100000000000004,0.22399999999999998,0.249,0.24100000000000002,0.317,0.193,0.244,0.23399999999999999,0.29600000000000004,0.24600000000000002,0.209,0.19899999999999998,0.249,0.243,0.02963893835255688
rico_23_conv_re_23_add_0.8,0.271,0.21899999999999997,0.166,0.27699999999999997,0.313,0.22399999999999998,0.331,0.217,0.243,0.29,0.24600000000000002,0.21899999999999997,0.276,0.249,0.28,0.326,0.201,0.314,0.324,0.22399999999999998,0.23600000000000002,0.28300000000000003,0.193,0.22699999999999998,0.267,0.29,0.297,0.237,0.263,0.256,0.2586333333333333,0.04139604114190417
rico_23_conv_re_23_cat_0.8,0.27,0.2,0.267,0.284,0.251,0.221,0.266,0.261,0.21,0.26,0.213,0.24,0.23,0.266,0.256,0.29600000000000004,0.22899999999999998,0.263,0.29600000000000004,0.209,0.251,0.317,0.193,0.223,0.23399999999999999,0.29600000000000004,0.273,0.209,0.21600000000000003,0.25,0.24833333333333335,0.031659999298097846
seq2seq_23_conv_re_23_add_0.8,0.35100000000000003,0.27,0.34,0.281,0.29100000000000004,0.184,0.257,0.26899999999999996,0.264,0.266,0.18100000000000002,0.28300000000000003,0.243,0.28600000000000003,0.289,0.306,0.23600000000000002,0.133,0.23,0.284,0.19699999999999998,0.23,0.21,0.28300000000000003,0.214,0.25,0.257,0.299,0.239,0.26,0.25610000000000005,0.04568103180387531
seq2seq_23_conv_re_23_cat_0.8,0.27,0.251,0.257,0.27899999999999997,0.306,0.22,0.281,0.24100000000000002,0.223,0.257,0.207,0.257,0.18,0.24600000000000002,0.251,0.237,0.22899999999999998,0.29100000000000004,0.251,0.24600000000000002,0.251,0.237,0.193,0.297,0.23399999999999999,0.29600000000000004,0.28,0.21100000000000002,0.27899999999999997,0.239,0.24990000000000007,0.030360445758695093
rico_23_conv_re_23_add_0.9,0.264,0.256,0.27899999999999997,0.23600000000000002,0.26,0.166,0.256,0.25,0.20600000000000002,0.24,0.201,0.29600000000000004,0.221,0.289,0.213,0.29,0.237,0.23399999999999999,0.341,0.316,0.284,0.263,0.201,0.23600000000000002,0.23399999999999999,0.21600000000000003,0.24100000000000002,0.239,0.267,0.28600000000000003,0.2506,0.03675014739199468
rico_23_conv_re_23_cat_0.9,0.317,0.2,0.26899999999999996,0.239,0.259,0.27,0.319,0.263,0.233,0.271,0.256,0.27399999999999997,0.261,0.257,0.221,0.28600000000000003,0.22699999999999998,0.28300000000000003,0.231,0.284,0.251,0.249,0.19899999999999998,0.32,0.23399999999999999,0.29600000000000004,0.28300000000000003,0.271,0.203,0.26899999999999996,0.2598333333333334,0.03201050174899204
seq2seq_23_conv_re_23_add_0.9,0.294,0.203,0.299,0.259,0.257,0.22699999999999998,0.253,0.22,0.237,0.257,0.251,0.259,0.251,0.27399999999999997,0.271,0.26899999999999996,0.2,0.27399999999999997,0.27399999999999997,0.28300000000000003,0.27,0.251,0.204,0.287,0.237,0.314,0.23,0.313,0.28600000000000003,0.266,0.25900000000000006,0.029538675212902373
seq2seq_23_conv_re_23_cat_0.9,0.336,0.166,0.23600000000000002,0.31,0.263,0.23399999999999999,0.204,0.313,0.256,0.267,0.18,0.24600000000000002,0.237,0.259,0.256,0.35,0.23399999999999999,0.293,0.22399999999999998,0.369,0.249,0.214,0.19899999999999998,0.289,0.266,0.319,0.27899999999999997,0.254,0.27699999999999997,0.179,0.2586,0.04901401160212591
rico_34,0.39299999999999996,,,,,,,,,,,,,,,,,,,,,,,,,,,,,,0.39299999999999996,0.0
seq2seq_34,0.47100000000000003,0.45399999999999996,0.465,0.402,0.444,0.38,0.408,0.39399999999999996,0.434,0.47200000000000003,0.426,0.434,0.409,0.366,0.402,0.374,0.45,0.42100000000000004,0.384,0.431,0.37200000000000005,0.419,0.449,0.431,0.431,0.43799999999999994,0.4,0.45,0.425,0.359,0.41983333333333334,0.030976424727345294
conv_se_34,0.45899999999999996,0.478,0.41700000000000004,0.409,0.465,0.506,0.413,0.41100000000000003,0.373,0.498,0.485,0.363,0.41,0.478,0.44,0.38799999999999996,0.408,0.45399999999999996,0.507,0.395,0.429,0.42,0.396,0.49,0.48100000000000004,0.439,0.41200000000000003,0.475,0.48200000000000004,0.39899999999999997,0.4393333333333334,0.04103440291051184
conv_re_34,0.419,0.22399999999999998,0.315,0.305,0.317,0.272,0.278,0.302,0.28800000000000003,0.366,0.303,0.299,0.32299999999999995,0.33,0.315,0.304,0.254,0.35,0.318,0.282,0.37200000000000005,0.302,0.308,0.321,0.287,0.304,0.29600000000000004,0.321,0.307,0.297,0.30929999999999996,0.035114242124813115
rico34_seq2seq34_add,0.494,0.473,0.501,0.40700000000000003,0.39899999999999997,0.446,0.44799999999999995,0.419,0.478,0.505,0.521,0.47200000000000003,0.491,0.496,0.521,0.45399999999999996,0.439,0.469,0.46799999999999997,0.474,0.441,0.46299999999999997,0.489,0.48,0.473,0.42200000000000004,0.445,0.49700000000000005,0.466,0.43700000000000006,0.4662666666666667,0.030968729748283543
rico34_seq2seq34_cat,0.535,0.41200000000000003,0.46,0.473,0.49700000000000005,0.429,0.479,0.436,0.441,0.46799999999999997,0.47200000000000003,0.509,0.48,0.516,0.467,0.424,0.5539999999999999,0.546,0.486,0.45299999999999996,0.488,0.466,0.465,0.457,0.512,0.504,0.508,0.461,0.45,0.413,0.4753666666666667,0.03614644596022624
conv_re_34_conv_se_34_add,0.369,0.33399999999999996,0.40299999999999997,0.384,0.354,0.353,0.365,0.415,0.303,0.387,0.419,0.37799999999999995,0.41700000000000004,0.392,0.37,0.426,0.34600000000000003,0.33,0.39299999999999996,0.491,0.434,0.446,0.318,0.37799999999999995,0.27699999999999997,0.38,0.316,0.37799999999999995,0.39,0.371,0.3772333333333334,0.04427014293579314
conv_re_34_conv_se_34_cat,0.392,0.336,0.42,0.439,0.43,0.37200000000000005,0.353,0.429,0.335,0.401,0.436,0.381,0.45299999999999996,0.41700000000000004,0.337,0.457,0.36,0.303,0.332,0.465,0.36700000000000005,0.381,0.363,0.408,0.29100000000000004,0.29100000000000004,0.413,0.37,0.413,0.414,0.3853,0.047773179365274254
rico_34_conv_se_34_add,0.46299999999999997,0.47100000000000003,0.466,0.361,0.491,0.474,0.495,0.43799999999999994,0.40700000000000003,0.474,0.45399999999999996,0.465,0.433,0.44799999999999995,0.461,0.433,0.475,0.45899999999999996,0.45899999999999996,0.428,0.38799999999999996,0.41100000000000003,0.425,0.429,0.434,0.425,0.424,0.457,0.466,0.33899999999999997,0.4417666666666667,0.034848896045004865
rico_34_conv_se_34_cat,0.45399999999999996,0.503,0.465,0.395,0.381,0.474,0.419,0.43799999999999994,0.4,0.45,0.42,0.46799999999999997,0.433,0.451,0.43200000000000005,0.431,0.44299999999999995,0.465,0.45899999999999996,0.42700000000000005,0.462,0.415,0.386,0.429,0.424,0.41700000000000004,0.424,0.457,0.444,0.318,0.4327999999999999,0.034195906187729545
seq2seq_34_conv_se_34_add,0.428,0.45299999999999996,0.431,0.366,0.455,0.465,0.414,0.43799999999999994,0.391,0.47100000000000003,0.456,0.446,0.42700000000000005,0.491,0.441,0.45399999999999996,0.45399999999999996,0.406,0.485,0.462,0.452,0.424,0.43799999999999994,0.429,0.466,0.324,0.40299999999999997,0.449,0.467,0.381,0.4355666666666666,0.03540685746512327
seq2seq_34_conv_se_34_cat,0.45399999999999996,0.498,0.44799999999999995,0.361,0.42200000000000004,0.483,0.44,0.43799999999999994,0.375,0.47600000000000003,0.42,0.46799999999999997,0.433,0.45799999999999996,0.43200000000000005,0.431,0.44299999999999995,0.465,0.45899999999999996,0.42700000000000005,0.462,0.415,0.425,0.429,0.424,0.41700000000000004,0.424,0.457,0.444,0.434,0.4387333333333333,0.02781957743907856
rico_34_conv_re_34_add,0.313,0.259,0.309,0.337,0.29100000000000004,0.258,0.28600000000000003,0.35200000000000004,0.264,0.304,0.252,0.29600000000000004,0.314,0.337,0.32799999999999996,0.397,0.252,0.299,0.311,0.313,0.35200000000000004,0.27,0.284,0.281,0.23800000000000002,0.32899999999999996,0.304,0.285,0.35100000000000003,0.331,0.30323333333333335,0.035788902687223526
rico_34_conv_re_34_cat,0.34,0.225,0.306,0.298,0.27899999999999997,0.314,0.28600000000000003,0.321,0.264,0.29600000000000004,0.259,0.336,0.315,0.287,0.33,0.397,0.252,0.316,0.306,0.264,0.285,0.27,0.285,0.297,0.29,0.298,0.344,0.285,0.361,0.3,0.3002000000000001,0.034042522429064116
seq2seq_34_conv_re_34_add,0.36700000000000005,0.26,0.305,0.3,0.233,0.28,0.292,0.318,0.264,0.375,0.256,0.319,0.3,0.245,0.268,0.298,0.21899999999999997,0.354,0.303,0.315,0.28300000000000003,0.341,0.282,0.34600000000000003,0.259,0.309,0.242,0.27399999999999997,0.38799999999999996,0.354,0.2983,0.04287901584691515
seq2seq_34_conv_re_34_cat,0.34,0.225,0.306,0.35200000000000004,0.27899999999999997,0.314,0.28600000000000003,0.294,0.264,0.29600000000000004,0.251,0.284,0.315,0.287,0.33,0.397,0.21899999999999997,0.363,0.306,0.308,0.285,0.27,0.285,0.297,0.29,0.298,0.344,0.285,0.361,0.3,0.30103333333333343,0.03805652229104611
rico_34_seq2seq_34_add_0.1,0.405,0.442,0.40700000000000003,0.41600000000000004,0.34299999999999997,0.37799999999999995,0.39799999999999996,0.382,0.45299999999999996,0.49,0.39799999999999996,0.37200000000000005,0.371,0.41200000000000003,0.42200000000000004,0.39299999999999996,0.462,0.439,0.42,0.419,0.429,0.361,0.42200000000000004,0.4,0.493,0.40299999999999997,0.387,0.462,0.38,0.353,0.41040000000000004,0.036686600642014615
rico_34_seq2seq_34_add_0.2,0.44799999999999995,0.419,0.478,0.424,0.389,0.37799999999999995,0.39899999999999997,0.37,0.387,0.46399999999999997,0.46799999999999997,0.391,0.355,0.377,0.414,0.36,0.434,0.39299999999999996,0.387,0.452,0.433,0.39899999999999997,0.43,0.41200000000000003,0.455,0.40700000000000003,0.38799999999999996,0.42,0.44299999999999995,0.408,0.41273333333333334,0.03216098395399134
rico_34_seq2seq_34_add_0.3,0.491,0.44299999999999995,0.44799999999999995,0.406,0.396,0.382,0.414,0.386,0.436,0.474,0.473,0.39799999999999996,0.382,0.387,0.41200000000000003,0.384,0.45299999999999996,0.45799999999999996,0.465,0.446,0.43,0.396,0.457,0.425,0.47200000000000003,0.45,0.47100000000000003,0.46299999999999997,0.40700000000000003,0.408,0.4304333333333333,0.03292687183576491
rico_34_seq2seq_34_add_0.4,0.43200000000000005,0.46399999999999997,0.447,0.42,0.391,0.391,0.441,0.361,0.47200000000000003,0.423,0.498,0.467,0.461,0.439,0.46,0.442,0.49700000000000005,0.446,0.43200000000000005,0.44799999999999995,0.43,0.43700000000000006,0.47200000000000003,0.41600000000000004,0.434,0.424,0.451,0.493,0.473,0.445,0.4435666666666666,0.030255229116450087
rico_34_seq2seq_34_add_0.5,0.494,0.473,0.501,0.40700000000000003,0.39899999999999997,0.446,0.44799999999999995,0.419,0.478,0.505,0.521,0.47200000000000003,0.491,0.496,0.521,0.45399999999999996,0.439,0.469,0.46799999999999997,0.474,0.441,0.46299999999999997,0.489,0.48,0.473,0.42200000000000004,0.445,0.49700000000000005,0.466,0.43700000000000006,0.4662666666666667,0.030968729748283543
rico_34_seq2seq_34_add_0.6,0.506,0.45299999999999996,0.565,0.46299999999999997,0.489,0.47100000000000003,0.508,0.473,0.513,0.534,0.535,0.486,0.527,0.473,0.475,0.506,0.449,0.485,0.45,0.44299999999999995,0.41,0.48700000000000004,0.501,0.507,0.48100000000000004,0.45399999999999996,0.535,0.47600000000000003,0.415,0.529,0.4866333333333333,0.03574771165947395
rico_34_seq2seq_34_add_0.7,0.49,0.48700000000000004,0.516,0.489,0.488,0.512,0.501,0.5,0.534,0.502,0.541,0.518,0.534,0.435,0.45299999999999996,0.495,0.478,0.502,0.43700000000000006,0.478,0.513,0.504,0.544,0.507,0.452,0.527,0.54,0.473,0.494,0.49,0.4978,0.028389434654462576
rico_34_seq2seq_34_add_0.8,0.508,0.527,0.461,0.47700000000000004,0.474,0.524,0.499,0.47100000000000003,0.503,0.457,0.447,0.479,0.483,0.519,0.47,0.44299999999999995,0.484,0.47600000000000003,0.496,0.539,0.47700000000000004,0.515,0.485,0.54,0.479,0.504,0.522,0.47200000000000003,0.501,0.483,0.4905,0.025231924223094844
rico_34_seq2seq_34_add_0.9,0.384,0.444,0.423,0.502,0.46,0.501,0.433,0.446,0.455,0.44799999999999995,0.478,0.479,0.429,0.45299999999999996,0.43200000000000005,0.40399999999999997,0.444,0.49200000000000005,0.508,0.365,0.46799999999999997,0.46399999999999997,0.466,0.474,0.445,0.425,0.42700000000000005,0.44,0.42700000000000005,0.47200000000000003,0.44960000000000006,0.032353876635317344
rico_34_seq2seq_34_cat_0.1,0.424,0.451,0.445,0.414,0.377,0.408,0.385,0.40399999999999997,0.424,0.446,0.45799999999999996,0.425,0.374,0.442,0.41600000000000004,0.39799999999999996,0.452,0.434,0.434,0.397,0.418,0.429,0.397,0.384,0.47,0.419,0.37799999999999995,0.439,0.418,0.374,0.4178,0.026349446547002334
rico_34_seq2seq_34_cat_0.2,0.46,0.45299999999999996,0.425,0.36700000000000005,0.389,0.401,0.442,0.379,0.426,0.43200000000000005,0.35,0.41600000000000004,0.365,0.40399999999999997,0.43799999999999994,0.401,0.42200000000000004,0.405,0.461,0.467,0.447,0.41200000000000003,0.426,0.405,0.445,0.449,0.43,0.484,0.36200000000000004,0.38799999999999996,0.41836666666666666,0.033274097366503504
rico_34_seq2seq_34_cat_0.3,0.467,0.418,0.42100000000000004,0.433,0.44,0.363,0.435,0.424,0.47100000000000003,0.491,0.44,0.455,0.41200000000000003,0.41700000000000004,0.40700000000000003,0.374,0.48700000000000004,0.462,0.39899999999999997,0.441,0.426,0.418,0.425,0.375,0.45899999999999996,0.439,0.397,0.442,0.39,0.381,0.4269666666666667,0.032136669951249704
rico_34_seq2seq_34_cat_0.4,0.456,0.42200000000000004,0.44,0.435,0.40399999999999997,0.384,0.467,0.418,0.428,0.506,0.465,0.43700000000000006,0.41600000000000004,0.445,0.434,0.424,0.449,0.45799999999999996,0.451,0.41700000000000004,0.43200000000000005,0.462,0.444,0.39299999999999996,0.47200000000000003,0.38799999999999996,0.467,0.47100000000000003,0.455,0.363,0.4367666666666668,0.030201195708485163
rico_34_seq2seq_34_cat_0.5,0.535,0.41200000000000003,0.46,0.473,0.49700000000000005,0.429,0.479,0.436,0.441,0.46799999999999997,0.47200000000000003,0.509,0.48,0.516,0.467,0.424,0.5539999999999999,0.546,0.486,0.45299999999999996,0.488,0.466,0.465,0.457,0.512,0.504,0.508,0.461,0.45,0.413,0.4753666666666667,0.03614644596022624
rico_34_seq2seq_34_cat_0.6,0.534,0.429,0.5660000000000001,0.513,0.425,0.444,0.521,0.479,0.474,0.534,0.561,0.501,0.467,0.456,0.505,0.44799999999999995,0.485,0.541,0.526,0.501,0.519,0.45799999999999996,0.413,0.526,0.45799999999999996,0.494,0.436,0.502,0.488,0.455,0.4886333333333333,0.040339792871169906
rico_34_seq2seq_34_cat_0.7,0.536,0.466,0.552,0.506,0.494,0.519,0.491,0.452,0.529,0.551,0.488,0.5329999999999999,0.493,0.54,0.52,0.534,0.523,0.5379999999999999,0.537,0.528,0.48700000000000004,0.51,0.526,0.49200000000000005,0.5539999999999999,0.522,0.534,0.515,0.47600000000000003,0.44799999999999995,0.5131333333333336,0.02821079383655995
rico_34_seq2seq_34_cat_0.8,0.506,0.47100000000000003,0.473,0.514,0.493,0.5,0.488,0.44799999999999995,0.456,0.504,0.537,0.531,0.536,0.495,0.5379999999999999,0.49700000000000005,0.513,0.465,0.513,0.529,0.499,0.47600000000000003,0.49200000000000005,0.495,0.512,0.504,0.535,0.442,0.546,0.527,0.5011666666666666,0.027311881826210534
rico_34_seq2seq_34_cat_0.9,0.473,0.42200000000000004,0.445,0.419,0.447,0.47,0.42,0.445,0.456,0.469,0.466,0.423,0.409,0.485,0.45399999999999996,0.43,0.47200000000000003,0.44,0.441,0.43700000000000006,0.47,0.474,0.40399999999999997,0.434,0.449,0.451,0.475,0.47100000000000003,0.431,0.489,0.44903333333333334,0.02268697619536127
conv_re_34_conv_se_34_add_0.1,0.46,0.47600000000000003,0.42700000000000005,0.35700000000000004,0.426,0.473,0.449,0.48,0.391,0.439,0.456,0.389,0.35100000000000003,0.434,0.457,0.43799999999999994,0.455,0.42100000000000004,0.415,0.491,0.385,0.475,0.436,0.47200000000000003,0.402,0.451,0.39899999999999997,0.449,0.469,0.405,0.4342666666666665,0.03593413728228662
conv_re_34_conv_se_34_add_0.2,0.496,0.42100000000000004,0.435,0.41700000000000004,0.434,0.371,0.414,0.41,0.384,0.51,0.48,0.414,0.402,0.414,0.39899999999999997,0.45799999999999996,0.46,0.42100000000000004,0.495,0.424,0.418,0.433,0.34,0.428,0.478,0.435,0.41600000000000004,0.48100000000000004,0.452,0.39899999999999997,0.43129999999999996,0.0377978394444268
conv_re_34_conv_se_34_add_0.3,0.41200000000000003,0.402,0.406,0.373,0.364,0.39399999999999996,0.446,0.44799999999999995,0.34,0.48200000000000004,0.40299999999999997,0.41100000000000003,0.42,0.401,0.4,0.434,0.414,0.376,0.457,0.405,0.41700000000000004,0.47700000000000004,0.441,0.387,0.425,0.39799999999999996,0.361,0.366,0.483,0.361,0.41013333333333346,0.036251651303385105
conv_re_34_conv_se_34_add_0.4,0.446,0.349,0.466,0.37200000000000005,0.447,0.40299999999999997,0.35600000000000004,0.456,0.33799999999999997,0.40700000000000003,0.449,0.447,0.401,0.418,0.33799999999999997,0.42700000000000005,0.33299999999999996,0.34299999999999997,0.42,0.39,0.49700000000000005,0.43799999999999994,0.35,0.423,0.38,0.47200000000000003,0.382,0.447,0.502,0.369,0.40886666666666666,0.048232584652102395
conv_re_34_conv_se_34_add_0.5,0.369,0.33399999999999996,0.40299999999999997,0.384,0.354,0.353,0.365,0.415,0.303,0.387,0.419,0.37799999999999995,0.41700000000000004,0.392,0.37,0.426,0.34600000000000003,0.33,0.39299999999999996,0.491,0.434,0.446,0.318,0.37799999999999995,0.27699999999999997,0.38,0.316,0.37799999999999995,0.39,0.371,0.3772333333333334,0.04427014293579314
conv_re_34_conv_se_34_add_0.6,0.366,0.29600000000000004,0.327,0.3,0.366,0.377,0.32,0.44299999999999995,0.307,0.342,0.447,0.35,0.39799999999999996,0.34700000000000003,0.312,0.42,0.336,0.32799999999999996,0.414,0.452,0.444,0.374,0.289,0.434,0.29100000000000004,0.35,0.4,0.301,0.426,0.354,0.36369999999999997,0.0518415213254138
conv_re_34_conv_se_34_add_0.7,0.42,0.266,0.314,0.285,0.336,0.355,0.3,0.395,0.313,0.319,0.431,0.39,0.318,0.298,0.33299999999999996,0.44799999999999995,0.27699999999999997,0.282,0.364,0.441,0.39399999999999996,0.27699999999999997,0.294,0.303,0.332,0.315,0.376,0.32899999999999996,0.37,0.319,0.3398,0.051081895031410106
conv_re_34_conv_se_34_add_0.8,0.38299999999999995,0.302,0.34600000000000003,0.295,0.326,0.335,0.379,0.373,0.276,0.34600000000000003,0.35200000000000004,0.385,0.278,0.32799999999999996,0.33,0.405,0.321,0.294,0.315,0.423,0.331,0.39399999999999996,0.336,0.282,0.354,0.33299999999999996,0.349,0.337,0.33899999999999997,0.355,0.3400666666666667,0.03639041387813859
conv_re_34_conv_se_34_add_0.9,0.355,0.233,0.33799999999999997,0.31,0.33899999999999997,0.293,0.354,0.41700000000000004,0.376,0.345,0.33,0.376,0.32,0.273,0.391,0.376,0.311,0.32799999999999996,0.298,0.386,0.32799999999999996,0.28,0.284,0.262,0.26,0.3,0.319,0.302,0.33899999999999997,0.318,0.3247000000000001,0.04226594373724547
conv_re_34_conv_se_34_cat_0.1,0.42100000000000004,0.525,0.436,0.397,0.426,0.46399999999999997,0.45299999999999996,0.40399999999999997,0.43200000000000005,0.47600000000000003,0.449,0.38799999999999996,0.401,0.38299999999999995,0.47700000000000004,0.44299999999999995,0.439,0.43200000000000005,0.483,0.42700000000000005,0.42700000000000005,0.456,0.45799999999999996,0.402,0.41100000000000003,0.469,0.501,0.469,0.484,0.40700000000000003,0.44133333333333324,0.034386366807533215
conv_re_34_conv_se_34_cat_0.2,0.488,0.45799999999999996,0.46,0.41700000000000004,0.446,0.413,0.365,0.401,0.44799999999999995,0.444,0.475,0.39799999999999996,0.43700000000000006,0.516,0.42,0.479,0.473,0.446,0.41600000000000004,0.418,0.364,0.475,0.397,0.429,0.409,0.446,0.45,0.452,0.436,0.35700000000000004,0.4344333333333333,0.03679464031018044
conv_re_34_conv_se_34_cat_0.3,0.465,0.42700000000000005,0.4,0.381,0.401,0.40399999999999997,0.409,0.456,0.327,0.408,0.38299999999999995,0.377,0.405,0.425,0.36200000000000004,0.441,0.413,0.33299999999999996,0.419,0.44799999999999995,0.44299999999999995,0.446,0.34299999999999997,0.428,0.445,0.376,0.386,0.47200000000000003,0.42700000000000005,0.425,0.4091666666666666,0.036819454398758035
conv_re_34_conv_se_34_cat_0.4,0.498,0.385,0.384,0.33799999999999997,0.424,0.36,0.369,0.43799999999999994,0.401,0.35700000000000004,0.436,0.442,0.466,0.48100000000000004,0.349,0.441,0.377,0.28800000000000003,0.373,0.467,0.34,0.47600000000000003,0.32299999999999995,0.37799999999999995,0.369,0.415,0.426,0.42,0.474,0.418,0.40376666666666666,0.05174790387595961
conv_re_34_conv_se_34_cat_0.5,0.392,0.336,0.42,0.439,0.43,0.37200000000000005,0.353,0.429,0.335,0.401,0.436,0.381,0.45299999999999996,0.41700000000000004,0.337,0.457,0.36,0.303,0.332,0.465,0.36700000000000005,0.381,0.363,0.408,0.29100000000000004,0.29100000000000004,0.413,0.37,0.413,0.414,0.3853,0.047773179365274254
conv_re_34_conv_se_34_cat_0.6,0.365,0.26899999999999996,0.447,0.441,0.366,0.382,0.32799999999999996,0.375,0.32799999999999996,0.361,0.39899999999999997,0.364,0.358,0.366,0.40700000000000003,0.389,0.375,0.319,0.361,0.479,0.32799999999999996,0.309,0.263,0.37200000000000005,0.317,0.322,0.39,0.32899999999999996,0.41600000000000004,0.35700000000000004,0.3627333333333333,0.047320843422557705
conv_re_34_conv_se_34_cat_0.7,0.386,0.253,0.382,0.425,0.33899999999999997,0.299,0.27899999999999997,0.40399999999999997,0.312,0.306,0.27699999999999997,0.39799999999999996,0.321,0.322,0.32,0.33399999999999996,0.363,0.304,0.392,0.418,0.34,0.29600000000000004,0.266,0.32799999999999996,0.28300000000000003,0.39899999999999997,0.318,0.327,0.44,0.349,0.33933333333333326,0.049728149863924036
conv_re_34_conv_se_34_cat_0.8,0.38,0.273,0.384,0.337,0.35200000000000004,0.31,0.326,0.32899999999999996,0.312,0.32,0.257,0.32299999999999995,0.34600000000000003,0.307,0.287,0.42,0.275,0.313,0.364,0.40399999999999997,0.349,0.313,0.289,0.327,0.3,0.27699999999999997,0.315,0.272,0.465,0.34,0.3288666666666666,0.046195767001846494
conv_re_34_conv_se_34_cat_0.9,0.341,0.231,0.379,0.275,0.317,0.28800000000000003,0.282,0.34700000000000003,0.294,0.32,0.311,0.285,0.28800000000000003,0.33,0.348,0.327,0.318,0.226,0.326,0.376,0.389,0.33899999999999997,0.235,0.299,0.258,0.276,0.382,0.29600000000000004,0.396,0.39299999999999996,0.31573333333333337,0.04710692329395141
rico_34_conv_se_34_add_0.1,0.45399999999999996,0.498,0.466,0.361,0.49200000000000005,0.474,0.419,0.43799999999999994,0.4,0.495,0.42,0.46799999999999997,0.433,0.451,0.43200000000000005,0.43200000000000005,0.44299999999999995,0.465,0.45899999999999996,0.42700000000000005,0.462,0.415,0.386,0.429,0.424,0.41700000000000004,0.424,0.457,0.444,0.373,0.43859999999999993,0.03264720508711274
rico_34_conv_se_34_cat_0.1,0.45399999999999996,0.503,0.465,0.395,0.381,0.474,0.419,0.43799999999999994,0.4,0.45,0.42,0.46799999999999997,0.433,0.451,0.43200000000000005,0.431,0.44299999999999995,0.465,0.45899999999999996,0.42700000000000005,0.462,0.415,0.386,0.429,0.424,0.41700000000000004,0.424,0.457,0.444,0.318,0.4327999999999999,0.034195906187729545
seq2seq_34_conv_se_34_add_0.1,0.45399999999999996,0.46399999999999997,0.447,0.395,0.49200000000000005,0.483,0.44,0.43799999999999994,0.4,0.45,0.42,0.46799999999999997,0.44,0.451,0.44299999999999995,0.431,0.44299999999999995,0.465,0.45899999999999996,0.435,0.46299999999999997,0.415,0.386,0.429,0.424,0.41700000000000004,0.424,0.433,0.444,0.413,0.4388666666666666,0.024156066640816244
seq2seq_34_conv_se_34_cat_0.1,0.45399999999999996,0.503,0.465,0.395,0.381,0.474,0.419,0.43799999999999994,0.4,0.45,0.42,0.46799999999999997,0.433,0.451,0.43200000000000005,0.431,0.44299999999999995,0.465,0.45899999999999996,0.42700000000000005,0.462,0.415,0.386,0.429,0.424,0.41700000000000004,0.424,0.457,0.444,0.318,0.4327999999999999,0.034195906187729545
rico_34_conv_se_34_add_0.2,0.45399999999999996,0.498,0.466,0.361,0.49200000000000005,0.474,0.419,0.43799999999999994,0.40700000000000003,0.495,0.42,0.46799999999999997,0.433,0.44799999999999995,0.44299999999999995,0.431,0.43799999999999994,0.465,0.45899999999999996,0.42700000000000005,0.462,0.41100000000000003,0.386,0.429,0.424,0.41700000000000004,0.424,0.457,0.444,0.373,0.4387666666666666,0.032451690591126715
rico_34_conv_se_34_cat_0.2,0.45399999999999996,0.503,0.465,0.395,0.381,0.474,0.419,0.43799999999999994,0.4,0.45,0.42,0.46799999999999997,0.433,0.451,0.43200000000000005,0.431,0.44299999999999995,0.465,0.45899999999999996,0.42700000000000005,0.462,0.415,0.386,0.429,0.424,0.41700000000000004,0.424,0.457,0.444,0.318,0.4327999999999999,0.034195906187729545
seq2seq_34_conv_se_34_add_0.2,0.45399999999999996,0.42700000000000005,0.447,0.366,0.49200000000000005,0.503,0.495,0.456,0.4,0.45,0.45,0.446,0.42100000000000004,0.452,0.44299999999999995,0.433,0.43799999999999994,0.381,0.501,0.435,0.46299999999999997,0.429,0.386,0.429,0.424,0.41700000000000004,0.424,0.433,0.444,0.413,0.43839999999999996,0.032103582354622046
seq2seq_34_conv_se_34_cat_0.2,0.45399999999999996,0.503,0.465,0.395,0.381,0.474,0.419,0.43799999999999994,0.4,0.45,0.42,0.46799999999999997,0.433,0.451,0.43200000000000005,0.431,0.44299999999999995,0.465,0.45899999999999996,0.42700000000000005,0.462,0.415,0.386,0.429,0.424,0.41700000000000004,0.424,0.457,0.444,0.373,0.4346333333333332,0.02908434095675693
rico_34_conv_se_34_add_0.3,0.46399999999999997,0.498,0.466,0.361,0.49200000000000005,0.474,0.495,0.43799999999999994,0.4,0.474,0.42,0.46799999999999997,0.433,0.44799999999999995,0.461,0.43200000000000005,0.434,0.465,0.45899999999999996,0.428,0.423,0.41100000000000003,0.43799999999999994,0.429,0.425,0.425,0.424,0.457,0.444,0.371,0.4419000000000002,0.031826980168823224
rico_34_conv_se_34_cat_0.3,0.45399999999999996,0.503,0.465,0.395,0.381,0.474,0.419,0.43799999999999994,0.4,0.45,0.42,0.46799999999999997,0.433,0.451,0.43200000000000005,0.431,0.44299999999999995,0.465,0.45899999999999996,0.42700000000000005,0.462,0.415,0.386,0.429,0.424,0.41700000000000004,0.424,0.457,0.444,0.318,0.4327999999999999,0.034195906187729545
seq2seq_34_conv_se_34_add_0.3,0.45399999999999996,0.434,0.465,0.366,0.39899999999999997,0.503,0.455,0.43799999999999994,0.39,0.45,0.45,0.446,0.406,0.46799999999999997,0.44299999999999995,0.433,0.43799999999999994,0.381,0.47100000000000003,0.413,0.46299999999999997,0.429,0.386,0.429,0.39799999999999996,0.447,0.406,0.433,0.467,0.413,0.4324666666666666,0.0308660907073694
seq2seq_34_conv_se_34_cat_0.3,0.45399999999999996,0.503,0.465,0.361,0.48,0.474,0.419,0.43799999999999994,0.447,0.45,0.42,0.46799999999999997,0.433,0.451,0.43200000000000005,0.431,0.44299999999999995,0.465,0.45899999999999996,0.42700000000000005,0.462,0.415,0.386,0.429,0.424,0.41700000000000004,0.424,0.457,0.444,0.373,0.4383666666666666,0.029969410330461216
rico_34_conv_se_34_add_0.4,0.46399999999999997,0.498,0.466,0.361,0.49200000000000005,0.474,0.495,0.43799999999999994,0.4,0.43200000000000005,0.42,0.465,0.433,0.44799999999999995,0.461,0.433,0.434,0.384,0.45899999999999996,0.428,0.38799999999999996,0.41100000000000003,0.425,0.429,0.434,0.425,0.424,0.457,0.466,0.33899999999999997,0.43610000000000004,0.03643839550071692
rico_34_conv_se_34_cat_0.4,0.45399999999999996,0.503,0.465,0.395,0.381,0.474,0.419,0.43799999999999994,0.4,0.45,0.42,0.46799999999999997,0.433,0.451,0.43200000000000005,0.431,0.44299999999999995,0.465,0.45899999999999996,0.42700000000000005,0.462,0.415,0.386,0.429,0.424,0.41700000000000004,0.424,0.457,0.444,0.318,0.4327999999999999,0.034195906187729545
seq2seq_34_conv_se_34_add_0.4,0.45399999999999996,0.434,0.431,0.366,0.406,0.465,0.401,0.43799999999999994,0.391,0.45,0.45,0.446,0.406,0.491,0.44299999999999995,0.433,0.45399999999999996,0.381,0.485,0.413,0.451,0.42100000000000004,0.386,0.429,0.466,0.425,0.40299999999999997,0.433,0.467,0.413,0.4310666666666666,0.029933184854865603
seq2seq_34_conv_se_34_cat_0.4,0.45399999999999996,0.498,0.44799999999999995,0.361,0.48,0.474,0.419,0.43799999999999994,0.447,0.45,0.42,0.46799999999999997,0.433,0.451,0.43200000000000005,0.431,0.44299999999999995,0.465,0.45899999999999996,0.42700000000000005,0.462,0.415,0.425,0.429,0.424,0.41700000000000004,0.424,0.457,0.444,0.318,0.4371,0.033322014745010044
rico_34_conv_se_34_add_0.5,0.46299999999999997,0.47100000000000003,0.466,0.361,0.491,0.474,0.495,0.43799999999999994,0.40700000000000003,0.474,0.45399999999999996,0.465,0.433,0.44799999999999995,0.461,0.433,0.475,0.45899999999999996,0.45899999999999996,0.428,0.38799999999999996,0.41100000000000003,0.425,0.429,0.434,0.425,0.424,0.457,0.466,0.33899999999999997,0.4417666666666667,0.034848896045004865
rico_34_conv_se_34_cat_0.5,0.45399999999999996,0.503,0.465,0.395,0.381,0.474,0.419,0.43799999999999994,0.4,0.45,0.42,0.46799999999999997,0.433,0.451,0.43200000000000005,0.431,0.44299999999999995,0.465,0.45899999999999996,0.42700000000000005,0.462,0.415,0.386,0.429,0.424,0.41700000000000004,0.424,0.457,0.444,0.318,0.4327999999999999,0.034195906187729545
seq2seq_34_conv_se_34_add_0.5,0.428,0.45299999999999996,0.431,0.366,0.455,0.465,0.414,0.43799999999999994,0.391,0.47100000000000003,0.456,0.446,0.42700000000000005,0.491,0.441,0.45399999999999996,0.45399999999999996,0.406,0.485,0.462,0.452,0.424,0.43799999999999994,0.429,0.466,0.324,0.40299999999999997,0.449,0.467,0.381,0.4355666666666666,0.03540685746512327
seq2seq_34_conv_se_34_cat_0.5,0.45399999999999996,0.498,0.44799999999999995,0.361,0.42200000000000004,0.483,0.44,0.43799999999999994,0.375,0.47600000000000003,0.42,0.46799999999999997,0.433,0.45799999999999996,0.43200000000000005,0.431,0.44299999999999995,0.465,0.45899999999999996,0.42700000000000005,0.462,0.415,0.425,0.429,0.424,0.41700000000000004,0.424,0.457,0.444,0.434,0.4387333333333333,0.02781957743907856
rico_34_conv_se_34_add_0.6,0.46299999999999997,0.44799999999999995,0.465,0.366,0.401,0.469,0.495,0.447,0.40700000000000003,0.474,0.434,0.435,0.43200000000000005,0.433,0.461,0.433,0.449,0.41600000000000004,0.45899999999999996,0.428,0.391,0.41100000000000003,0.425,0.429,0.405,0.425,0.419,0.45799999999999996,0.466,0.33899999999999997,0.43276666666666674,0.03230653528656736
rico_34_conv_se_34_cat_0.6,0.45399999999999996,0.46399999999999997,0.465,0.361,0.49200000000000005,0.474,0.419,0.43799999999999994,0.447,0.45,0.42,0.46799999999999997,0.433,0.451,0.43200000000000005,0.431,0.44299999999999995,0.465,0.45899999999999996,0.42700000000000005,0.462,0.415,0.425,0.429,0.424,0.41700000000000004,0.424,0.457,0.444,0.434,0.44079999999999997,0.024202479211849356
seq2seq_34_conv_se_34_add_0.6,0.514,0.45299999999999996,0.431,0.35700000000000004,0.41,0.486,0.465,0.439,0.45899999999999996,0.43799999999999994,0.433,0.446,0.41700000000000004,0.48700000000000004,0.40700000000000003,0.43799999999999994,0.456,0.38299999999999995,0.485,0.38799999999999996,0.451,0.426,0.43799999999999994,0.429,0.42200000000000004,0.324,0.369,0.498,0.467,0.381,0.4332333333333333,0.04251876709825387
seq2seq_34_conv_se_34_cat_0.6,0.45399999999999996,0.503,0.452,0.36200000000000004,0.452,0.483,0.44,0.43799999999999994,0.478,0.47600000000000003,0.42,0.46799999999999997,0.406,0.457,0.428,0.456,0.434,0.381,0.44799999999999995,0.42700000000000005,0.462,0.41100000000000003,0.425,0.429,0.402,0.42,0.424,0.433,0.444,0.433,0.4382,0.029267046314925587
rico_34_conv_se_34_add_0.7,0.42200000000000004,0.493,0.465,0.402,0.428,0.452,0.426,0.447,0.40700000000000003,0.45799999999999996,0.46299999999999997,0.435,0.43200000000000005,0.5,0.462,0.433,0.449,0.415,0.488,0.451,0.392,0.435,0.425,0.429,0.384,0.435,0.396,0.484,0.467,0.431,0.4402000000000001,0.02918150098949675
rico_34_conv_se_34_cat_0.7,0.45399999999999996,0.46399999999999997,0.465,0.361,0.444,0.474,0.44,0.43799999999999994,0.447,0.44,0.42,0.46799999999999997,0.433,0.451,0.43200000000000005,0.431,0.414,0.402,0.5,0.42700000000000005,0.462,0.415,0.425,0.429,0.424,0.41700000000000004,0.424,0.457,0.444,0.33899999999999997,0.43470000000000003,0.030773527584597775
seq2seq_34_conv_se_34_add_0.7,0.462,0.503,0.466,0.345,0.418,0.47200000000000003,0.45899999999999996,0.41,0.40299999999999997,0.46399999999999997,0.457,0.446,0.39899999999999997,0.49200000000000005,0.47100000000000003,0.43799999999999994,0.424,0.371,0.498,0.44799999999999995,0.414,0.444,0.436,0.429,0.42100000000000004,0.4,0.39899999999999997,0.425,0.467,0.431,0.43706666666666666,0.03570054465815458
seq2seq_34_conv_se_34_cat_0.7,0.45399999999999996,0.505,0.451,0.418,0.45399999999999996,0.434,0.39299999999999996,0.43799999999999994,0.396,0.47600000000000003,0.445,0.465,0.42700000000000005,0.46,0.469,0.456,0.449,0.429,0.47,0.42700000000000005,0.44799999999999995,0.41100000000000003,0.425,0.429,0.452,0.42,0.359,0.447,0.444,0.33899999999999997,0.4363333333333334,0.03291841767494638
rico_34_conv_se_34_add_0.8,0.423,0.456,0.473,0.38299999999999995,0.419,0.48200000000000004,0.408,0.45,0.39799999999999996,0.507,0.441,0.435,0.44799999999999995,0.493,0.45299999999999996,0.478,0.436,0.426,0.474,0.39299999999999996,0.445,0.435,0.41700000000000004,0.429,0.39,0.41,0.431,0.484,0.467,0.401,0.4395,0.032100623046912975
rico_34_conv_se_34_cat_0.8,0.45399999999999996,0.42700000000000005,0.456,0.361,0.39899999999999997,0.445,0.44,0.43799999999999994,0.396,0.44,0.42,0.46799999999999997,0.433,0.48700000000000004,0.425,0.456,0.434,0.39,0.45399999999999996,0.42700000000000005,0.462,0.415,0.425,0.429,0.39799999999999996,0.41700000000000004,0.424,0.457,0.444,0.33899999999999997,0.4286666666666667,0.030544321167044388
seq2seq_34_conv_se_34_add_0.8,0.445,0.446,0.486,0.40299999999999997,0.466,0.45399999999999996,0.47200000000000003,0.396,0.40399999999999997,0.45799999999999996,0.45299999999999996,0.46,0.415,0.48,0.42100000000000004,0.424,0.424,0.426,0.43799999999999994,0.41200000000000003,0.461,0.446,0.39399999999999996,0.469,0.503,0.413,0.457,0.43700000000000006,0.462,0.41600000000000004,0.44136666666666674,0.02773864131896554
seq2seq_34_conv_se_34_cat_0.8,0.447,0.434,0.465,0.41200000000000003,0.47700000000000004,0.512,0.43799999999999994,0.39899999999999997,0.391,0.45899999999999996,0.445,0.457,0.465,0.445,0.41600000000000004,0.397,0.414,0.424,0.478,0.429,0.436,0.419,0.397,0.429,0.402,0.42700000000000005,0.34600000000000003,0.433,0.444,0.33899999999999997,0.4292,0.035600936317274956
rico_34_conv_se_34_add_0.9,0.424,0.45299999999999996,0.465,0.391,0.419,0.49700000000000005,0.46799999999999997,0.44799999999999995,0.42700000000000005,0.452,0.45399999999999996,0.442,0.406,0.43700000000000006,0.489,0.41600000000000004,0.431,0.42200000000000004,0.44,0.42,0.42700000000000005,0.45799999999999996,0.444,0.439,0.43,0.40299999999999997,0.41200000000000003,0.488,0.489,0.366,0.4385666666666667,0.02962620836729233
rico_34_conv_se_34_cat_0.9,0.473,0.491,0.426,0.39799999999999996,0.441,0.49,0.485,0.43799999999999994,0.41,0.457,0.44299999999999995,0.46799999999999997,0.39399999999999996,0.47,0.423,0.397,0.44799999999999995,0.433,0.434,0.45,0.46,0.424,0.441,0.45299999999999996,0.433,0.426,0.396,0.46299999999999997,0.444,0.349,0.4386,0.03127256518633119
seq2seq_34_conv_se_34_add_0.9,0.445,0.48200000000000004,0.462,0.374,0.45299999999999996,0.478,0.423,0.41200000000000003,0.42100000000000004,0.456,0.489,0.441,0.47,0.457,0.363,0.45299999999999996,0.381,0.41,0.48200000000000004,0.44799999999999995,0.483,0.44799999999999995,0.418,0.41600000000000004,0.43,0.41700000000000004,0.38,0.441,0.43799999999999994,0.47200000000000003,0.4381000000000001,0.03364159132185436
seq2seq_34_conv_se_34_cat_0.9,0.449,0.503,0.46799999999999997,0.37799999999999995,0.513,0.47,0.424,0.409,0.428,0.47,0.46799999999999997,0.45,0.46,0.469,0.46799999999999997,0.451,0.46299999999999997,0.446,0.498,0.4,0.47600000000000003,0.40399999999999997,0.401,0.44299999999999995,0.41,0.39899999999999997,0.364,0.452,0.491,0.396,0.44403333333333334,0.03759386770324236
rico_34_conv_re_34_add_0.1,0.34,0.225,0.306,0.298,0.27899999999999997,0.314,0.28600000000000003,0.321,0.264,0.29600000000000004,0.259,0.336,0.315,0.287,0.33,0.397,0.252,0.363,0.306,0.264,0.285,0.27,0.285,0.297,0.341,0.298,0.344,0.285,0.361,0.3,0.3034666666666667,0.036378320772435635
rico_34_conv_re_34_cat_0.1,0.34,0.225,0.306,0.298,0.27899999999999997,0.314,0.28600000000000003,0.321,0.264,0.29600000000000004,0.259,0.28300000000000003,0.315,0.287,0.33,0.397,0.252,0.316,0.306,0.264,0.285,0.27,0.285,0.297,0.29,0.298,0.344,0.285,0.361,0.3,0.2984333333333334,0.03350988245610871
seq2seq_34_conv_re_34_add_0.1,0.34,0.225,0.306,0.335,0.27899999999999997,0.276,0.28600000000000003,0.294,0.264,0.304,0.259,0.297,0.315,0.287,0.33,0.406,0.21899999999999997,0.363,0.306,0.287,0.285,0.27,0.28300000000000003,0.27899999999999997,0.29,0.298,0.344,0.285,0.361,0.3,0.29910000000000003,0.03821810216812621
seq2seq_34_conv_re_34_cat_0.1,0.34,0.225,0.306,0.298,0.27899999999999997,0.314,0.28600000000000003,0.321,0.264,0.29600000000000004,0.259,0.28300000000000003,0.315,0.287,0.33,0.397,0.252,0.316,0.306,0.264,0.285,0.27,0.285,0.297,0.29,0.298,0.344,0.285,0.361,0.3,0.2984333333333334,0.03350988245610871
rico_34_conv_re_34_add_0.2,0.34,0.259,0.305,0.294,0.27899999999999997,0.314,0.28600000000000003,0.321,0.264,0.29600000000000004,0.263,0.336,0.315,0.276,0.32799999999999996,0.397,0.252,0.363,0.306,0.265,0.285,0.27,0.285,0.297,0.284,0.298,0.297,0.285,0.361,0.3,0.3007,0.03300520161025127
rico_34_conv_re_34_cat_0.2,0.34,0.225,0.306,0.298,0.27899999999999997,0.314,0.28600000000000003,0.321,0.264,0.29600000000000004,0.259,0.28300000000000003,0.315,0.287,0.33,0.397,0.252,0.316,0.306,0.264,0.285,0.27,0.285,0.297,0.29,0.298,0.344,0.285,0.361,0.3,0.2984333333333334,0.03350988245610871
seq2seq_34_conv_re_34_add_0.2,0.387,0.261,0.33,0.335,0.27899999999999997,0.314,0.28600000000000003,0.353,0.264,0.3,0.258,0.29600000000000004,0.314,0.336,0.33,0.3,0.21899999999999997,0.363,0.306,0.27699999999999997,0.285,0.27,0.28300000000000003,0.27899999999999997,0.29,0.299,0.344,0.285,0.331,0.316,0.30300000000000005,0.03487310329370378
seq2seq_34_conv_re_34_cat_0.2,0.34,0.225,0.306,0.298,0.27899999999999997,0.314,0.28600000000000003,0.321,0.264,0.29600000000000004,0.259,0.28300000000000003,0.315,0.287,0.33,0.397,0.252,0.316,0.306,0.264,0.285,0.27,0.285,0.297,0.29,0.298,0.344,0.285,0.361,0.3,0.2984333333333334,0.03350988245610871
rico_34_conv_re_34_add_0.3,0.35600000000000004,0.259,0.305,0.294,0.308,0.258,0.28600000000000003,0.321,0.264,0.29600000000000004,0.263,0.335,0.315,0.309,0.32799999999999996,0.397,0.252,0.316,0.306,0.265,0.285,0.27,0.285,0.27899999999999997,0.284,0.298,0.297,0.285,0.35100000000000003,0.325,0.2997333333333333,0.0321858492025438
rico_34_conv_re_34_cat_0.3,0.34,0.225,0.306,0.298,0.27899999999999997,0.314,0.28600000000000003,0.321,0.264,0.29600000000000004,0.259,0.28300000000000003,0.315,0.287,0.33,0.397,0.252,0.316,0.306,0.264,0.285,0.27,0.285,0.297,0.29,0.298,0.344,0.285,0.361,0.3,0.2984333333333334,0.03350988245610871
seq2seq_34_conv_re_34_add_0.3,0.387,0.26,0.33,0.335,0.27899999999999997,0.314,0.28600000000000003,0.37,0.264,0.3,0.251,0.298,0.314,0.336,0.33,0.3,0.21899999999999997,0.33299999999999996,0.306,0.282,0.285,0.341,0.282,0.294,0.341,0.299,0.344,0.285,0.295,0.317,0.30590000000000006,0.03488490600054223
seq2seq_34_conv_re_34_cat_0.3,0.34,0.225,0.306,0.298,0.27899999999999997,0.314,0.28600000000000003,0.321,0.264,0.29600000000000004,0.259,0.28300000000000003,0.315,0.287,0.33,0.397,0.252,0.316,0.306,0.264,0.285,0.27,0.285,0.297,0.29,0.298,0.344,0.285,0.361,0.3,0.2984333333333334,0.03350988245610871
rico_34_conv_re_34_add_0.4,0.313,0.259,0.312,0.337,0.308,0.258,0.28600000000000003,0.309,0.264,0.29600000000000004,0.263,0.29600000000000004,0.314,0.309,0.32799999999999996,0.397,0.252,0.35600000000000004,0.306,0.35,0.285,0.27,0.285,0.27899999999999997,0.23800000000000002,0.298,0.304,0.285,0.35100000000000003,0.331,0.30130000000000007,0.03464212272171939
rico_34_conv_re_34_cat_0.4,0.34,0.225,0.306,0.298,0.27899999999999997,0.314,0.28600000000000003,0.321,0.264,0.29600000000000004,0.259,0.28300000000000003,0.315,0.287,0.33,0.397,0.252,0.316,0.306,0.264,0.285,0.27,0.285,0.297,0.29,0.298,0.344,0.285,0.361,0.3,0.2984333333333334,0.03350988245610871
seq2seq_34_conv_re_34_add_0.4,0.387,0.26,0.368,0.33399999999999996,0.33,0.314,0.292,0.294,0.264,0.3,0.251,0.316,0.314,0.33799999999999997,0.23399999999999999,0.301,0.21899999999999997,0.33299999999999996,0.311,0.299,0.285,0.341,0.282,0.34600000000000003,0.341,0.299,0.284,0.27399999999999997,0.313,0.317,0.3047000000000001,0.03679778073018355
seq2seq_34_conv_re_34_cat_0.4,0.34,0.225,0.306,0.298,0.27899999999999997,0.314,0.28600000000000003,0.321,0.264,0.29600000000000004,0.259,0.284,0.315,0.287,0.33,0.397,0.252,0.363,0.306,0.266,0.285,0.27,0.285,0.297,0.29,0.298,0.344,0.285,0.361,0.3,0.3001000000000001,0.035261262976057264
rico_34_conv_re_34_add_0.5,0.313,0.259,0.309,0.337,0.29100000000000004,0.258,0.28600000000000003,0.35200000000000004,0.264,0.304,0.252,0.29600000000000004,0.314,0.337,0.32799999999999996,0.397,0.252,0.299,0.311,0.313,0.35200000000000004,0.27,0.284,0.281,0.23800000000000002,0.32899999999999996,0.304,0.285,0.35100000000000003,0.331,0.30323333333333335,0.035788902687223526
rico_34_conv_re_34_cat_0.5,0.34,0.225,0.306,0.298,0.27899999999999997,0.314,0.28600000000000003,0.321,0.264,0.29600000000000004,0.259,0.336,0.315,0.287,0.33,0.397,0.252,0.316,0.306,0.264,0.285,0.27,0.285,0.297,0.29,0.298,0.344,0.285,0.361,0.3,0.3002000000000001,0.034042522429064116
seq2seq_34_conv_re_34_add_0.5,0.36700000000000005,0.26,0.305,0.3,0.233,0.28,0.292,0.318,0.264,0.375,0.256,0.319,0.3,0.245,0.268,0.298,0.21899999999999997,0.354,0.303,0.315,0.28300000000000003,0.341,0.282,0.34600000000000003,0.259,0.309,0.242,0.27399999999999997,0.38799999999999996,0.354,0.2983,0.04287901584691515
seq2seq_34_conv_re_34_cat_0.5,0.34,0.225,0.306,0.35200000000000004,0.27899999999999997,0.314,0.28600000000000003,0.294,0.264,0.29600000000000004,0.251,0.284,0.315,0.287,0.33,0.397,0.21899999999999997,0.363,0.306,0.308,0.285,0.27,0.285,0.297,0.29,0.298,0.344,0.285,0.361,0.3,0.30103333333333343,0.03805652229104611
rico_34_conv_re_34_add_0.6,0.313,0.259,0.309,0.337,0.29100000000000004,0.258,0.28600000000000003,0.35200000000000004,0.278,0.303,0.259,0.28300000000000003,0.301,0.253,0.24100000000000002,0.397,0.252,0.299,0.307,0.294,0.28300000000000003,0.35100000000000003,0.252,0.281,0.23800000000000002,0.32899999999999996,0.292,0.285,0.368,0.35200000000000004,0.2967666666666667,0.03896210409558955
rico_34_conv_re_34_cat_0.6,0.34,0.225,0.306,0.298,0.27899999999999997,0.314,0.28600000000000003,0.321,0.264,0.304,0.251,0.336,0.315,0.276,0.33,0.397,0.252,0.363,0.306,0.311,0.285,0.27,0.285,0.297,0.29,0.298,0.344,0.285,0.35100000000000003,0.3,0.30263333333333337,0.03516862553786006
seq2seq_34_conv_re_34_add_0.6,0.36700000000000005,0.2,0.318,0.322,0.309,0.28,0.29600000000000004,0.318,0.28600000000000003,0.369,0.257,0.293,0.275,0.28600000000000003,0.292,0.3,0.21899999999999997,0.268,0.321,0.278,0.28300000000000003,0.298,0.282,0.304,0.314,0.33799999999999997,0.242,0.27399999999999997,0.359,0.366,0.2971333333333333,0.03927317433340755
seq2seq_34_conv_re_34_cat_0.6,0.34,0.225,0.306,0.348,0.27899999999999997,0.282,0.28600000000000003,0.294,0.33899999999999997,0.29600000000000004,0.272,0.297,0.315,0.287,0.33,0.397,0.21899999999999997,0.33399999999999996,0.38799999999999996,0.293,0.285,0.27,0.285,0.278,0.29,0.298,0.344,0.285,0.361,0.304,0.3042333333333334,0.03932910994274964
rico_34_conv_re_34_add_0.7,0.387,0.266,0.32,0.31,0.29,0.387,0.289,0.32799999999999996,0.297,0.33399999999999996,0.34,0.32,0.3,0.284,0.33,0.397,0.289,0.301,0.335,0.3,0.285,0.35100000000000003,0.252,0.254,0.23800000000000002,0.32899999999999996,0.304,0.285,0.297,0.365,0.3121333333333334,0.038671896198086225
rico_34_conv_re_34_cat_0.7,0.34,0.225,0.305,0.298,0.27899999999999997,0.314,0.28600000000000003,0.294,0.264,0.304,0.247,0.336,0.315,0.276,0.33,0.397,0.21899999999999997,0.33399999999999996,0.306,0.33399999999999996,0.285,0.27,0.285,0.297,0.29,0.298,0.344,0.285,0.344,0.3,0.3000333333333333,0.03611046324205154
seq2seq_34_conv_re_34_add_0.7,0.36700000000000005,0.301,0.303,0.325,0.309,0.28,0.3,0.32799999999999996,0.33799999999999997,0.27899999999999997,0.257,0.26,0.289,0.28,0.254,0.373,0.231,0.266,0.319,0.35,0.341,0.341,0.282,0.262,0.314,0.33799999999999997,0.257,0.306,0.245,0.342,0.30123333333333335,0.03735655527778521
seq2seq_34_conv_re_34_cat_0.7,0.313,0.233,0.327,0.321,0.297,0.282,0.28600000000000003,0.315,0.264,0.304,0.364,0.332,0.315,0.3,0.33,0.397,0.284,0.33299999999999996,0.305,0.282,0.285,0.341,0.285,0.278,0.29,0.32899999999999996,0.322,0.285,0.32799999999999996,0.321,0.3082666666666666,0.030920255856351223
rico_34_conv_re_34_add_0.8,0.376,0.27399999999999997,0.317,0.317,0.341,0.33,0.28,0.32,0.306,0.348,0.303,0.302,0.32799999999999996,0.263,0.285,0.395,0.289,0.276,0.345,0.28600000000000003,0.289,0.35100000000000003,0.252,0.263,0.29,0.32899999999999996,0.215,0.298,0.354,0.332,0.3084666666666666,0.038052361585350025
rico_34_conv_re_34_cat_0.8,0.34,0.23600000000000002,0.28,0.24,0.33899999999999997,0.317,0.28600000000000003,0.265,0.278,0.304,0.247,0.358,0.315,0.265,0.33,0.3,0.284,0.268,0.348,0.33399999999999996,0.285,0.27,0.285,0.28,0.29,0.32899999999999996,0.297,0.285,0.318,0.311,0.2961333333333333,0.031417334210414614
seq2seq_34_conv_re_34_add_0.8,0.326,0.23,0.311,0.35700000000000004,0.35,0.26,0.305,0.26899999999999996,0.248,0.316,0.35700000000000004,0.33899999999999997,0.265,0.25,0.29600000000000004,0.332,0.27,0.35,0.303,0.315,0.31,0.387,0.251,0.36,0.313,0.316,0.308,0.319,0.377,0.29,0.3093333333333333,0.0400402575194294
seq2seq_34_conv_re_34_cat_0.8,0.386,0.256,0.33299999999999996,0.32299999999999995,0.303,0.28300000000000003,0.292,0.34299999999999997,0.318,0.297,0.247,0.319,0.25,0.29600000000000004,0.33,0.369,0.231,0.36,0.305,0.315,0.285,0.34,0.285,0.27899999999999997,0.29,0.306,0.308,0.318,0.335,0.348,0.3083333333333334,0.035549339734452956
rico_34_conv_re_34_add_0.9,0.385,0.231,0.303,0.34700000000000003,0.27399999999999997,0.262,0.31,0.261,0.26899999999999996,0.261,0.33399999999999996,0.251,0.278,0.32899999999999996,0.315,0.37,0.252,0.317,0.311,0.43,0.302,0.36700000000000005,0.25,0.27899999999999997,0.239,0.28,0.32,0.29100000000000004,0.278,0.373,0.3023,0.0475178212182896
rico_34_conv_re_34_cat_0.9,0.387,0.209,0.33899999999999997,0.32799999999999996,0.284,0.258,0.28600000000000003,0.315,0.272,0.32799999999999996,0.307,0.34700000000000003,0.25,0.332,0.33,0.33,0.332,0.32799999999999996,0.34600000000000003,0.28300000000000003,0.284,0.34,0.28300000000000003,0.302,0.284,0.32899999999999996,0.265,0.27399999999999997,0.321,0.33799999999999997,0.30703333333333327,0.03628910151669353
seq2seq_34_conv_re_34_add_0.9,0.414,0.264,0.271,0.34,0.318,0.303,0.28800000000000003,0.325,0.292,0.29,0.29,0.312,0.33799999999999997,0.28,0.325,0.392,0.295,0.292,0.331,0.358,0.332,0.268,0.317,0.335,0.237,0.366,0.361,0.33399999999999996,0.369,0.297,0.3178,0.038995213381473715
seq2seq_34_conv_re_34_cat_0.9,0.311,0.289,0.294,0.29,0.3,0.28300000000000003,0.337,0.311,0.355,0.265,0.337,0.301,0.273,0.307,0.365,0.335,0.24,0.32799999999999996,0.317,0.35700000000000004,0.33,0.302,0.25,0.265,0.325,0.29600000000000004,0.267,0.35,0.305,0.36700000000000005,0.30840000000000006,0.03325818195071202
