name,0,1,2,3,4,5,6,7,8,9,Mean_pg,Std_pg
rico,0.37,,,,,,,,,,0.37,0.0
seq2seq,0.363,0.42,0.34700000000000003,0.34700000000000003,0.384,0.327,0.366,0.33299999999999996,0.414,0.376,0.36769999999999997,0.02992674389237826
tree,0.297,0.359,0.354,0.39,0.414,0.33399999999999996,0.299,0.363,0.371,0.377,0.3558,0.03530099148749225
conv_se,0.45299999999999996,0.40399999999999997,0.446,0.349,0.419,0.373,0.374,0.386,0.46399999999999997,0.456,0.41240000000000004,0.03898512536852999
conv_re,0.284,0.171,0.256,0.29,0.29,0.257,0.271,0.22899999999999998,0.239,0.233,0.252,0.03454562200916347
rico_seq2seq_add,0.486,0.419,0.473,0.436,0.397,0.419,0.41,0.376,0.429,0.414,0.42590000000000006,0.0312360368805007
rico_seq2seq_cat,0.33299999999999996,0.466,0.483,0.40700000000000003,0.46,0.327,0.363,0.327,0.45899999999999996,0.46399999999999997,0.40890000000000004,0.06180202262062303
rico_tree_add,0.433,0.447,0.426,0.49700000000000005,0.509,0.42700000000000005,0.523,0.451,0.409,0.423,0.45450000000000007,0.03824983660095819
rico_tree_cat,0.479,0.489,0.53,0.5429999999999999,0.44299999999999995,0.441,0.57,0.41600000000000004,0.581,0.474,0.49659999999999993,0.05396146773393028
conv_re_conv_se_add,0.36,0.253,0.349,0.386,0.364,0.281,0.34,0.466,0.40700000000000003,0.32,0.35259999999999997,0.05779307917043355
conv_re_conv_se_cat,0.349,0.27399999999999997,0.303,0.34700000000000003,0.361,0.26899999999999996,0.36700000000000005,0.37,0.324,0.34299999999999997,0.3307,0.03516546601425895
rico_conv_se_add,0.409,0.444,0.439,0.326,0.436,0.433,0.493,0.4,0.473,0.45399999999999996,0.43069999999999997,0.04343742625893021
rico_conv_se_cat,0.441,0.45399999999999996,0.444,0.387,0.336,0.433,0.42700000000000005,0.4,0.426,0.507,0.4255,0.042706556873623035
seq2seq_conv_se_add,0.45399999999999996,0.44299999999999995,0.406,0.35,0.45299999999999996,0.467,0.41700000000000004,0.38299999999999995,0.41100000000000003,0.467,0.42510000000000003,0.0367245149729714
seq2seq_conv_se_cat,0.441,0.45399999999999996,0.444,0.387,0.336,0.433,0.42700000000000005,0.4,0.426,0.507,0.4255,0.042706556873623035
tree_conv_se_add,0.36,0.45299999999999996,0.431,0.35,0.379,0.423,0.483,0.384,0.41,0.469,0.4142,0.04339308700703373
tree_conv_se_cat,0.441,0.45399999999999996,0.444,0.387,0.336,0.433,0.42700000000000005,0.4,0.426,0.439,0.41869999999999996,0.03363941140983295
rico_conv_re_add,0.28300000000000003,0.193,0.304,0.287,0.276,0.253,0.281,0.226,0.23600000000000002,0.191,0.253,0.03798947222586805
rico_conv_re_cat,0.26899999999999996,0.193,0.266,0.287,0.27899999999999997,0.253,0.281,0.259,0.253,0.221,0.2561,0.02757698315624825
seq2seq_conv_re_add,0.32299999999999995,0.217,0.266,0.36700000000000005,0.297,0.26899999999999996,0.281,0.22899999999999998,0.23399999999999999,0.256,0.2739,0.04349126349049888
seq2seq_conv_re_cat,0.26899999999999996,0.193,0.304,0.287,0.29,0.253,0.281,0.259,0.253,0.221,0.261,0.031915513469157906
tree_conv_re_add,0.29100000000000004,0.193,0.243,0.293,0.273,0.251,0.281,0.266,0.263,0.24100000000000002,0.2595,0.02814693589007514
tree_conv_re_cat,0.26899999999999996,0.193,0.304,0.287,0.27899999999999997,0.253,0.281,0.259,0.253,0.251,0.2629,0.02851823977737756
rico_seq2seq_add_0.1,0.381,0.38299999999999995,0.401,0.38,0.331,0.35700000000000004,0.401,0.41100000000000003,0.381,0.406,0.38320000000000004,0.023146490014686896
rico_seq2seq_add_0.2,0.311,0.409,0.386,0.38299999999999995,0.299,0.309,0.33,0.39399999999999996,0.389,0.4,0.361,0.041007316420365765
rico_seq2seq_add_0.3,0.41100000000000003,0.40399999999999997,0.41700000000000004,0.434,0.303,0.33399999999999996,0.40399999999999997,0.32899999999999996,0.379,0.38299999999999995,0.37979999999999997,0.04129600464936046
rico_seq2seq_add_0.4,0.391,0.36,0.413,0.373,0.35700000000000004,0.35700000000000004,0.363,0.387,0.387,0.429,0.3817,0.023401068351680005
rico_seq2seq_add_0.5,0.486,0.419,0.473,0.436,0.397,0.419,0.41,0.376,0.429,0.414,0.42590000000000006,0.0312360368805007
rico_seq2seq_add_0.6,0.42700000000000005,0.41,0.491,0.41,0.457,0.314,0.419,0.40299999999999997,0.40399999999999997,0.43,0.4165,0.042916779935125604
rico_seq2seq_add_0.7,0.45299999999999996,0.35,0.397,0.406,0.354,0.379,0.41,0.467,0.446,0.401,0.40630000000000005,0.03770954786257719
rico_seq2seq_add_0.8,0.35700000000000004,0.387,0.457,0.40399999999999997,0.436,0.44,0.433,0.39399999999999996,0.397,0.40700000000000003,0.4112,0.028473847650080587
rico_seq2seq_add_0.9,0.38299999999999995,0.387,0.32299999999999995,0.374,0.327,0.40700000000000003,0.419,0.353,0.361,0.341,0.3675,0.0307416655371826
rico_seq2seq_cat_0.1,0.391,0.397,0.361,0.414,0.387,0.316,0.32299999999999995,0.36700000000000005,0.324,0.40299999999999997,0.36829999999999996,0.03433088988068908
rico_seq2seq_cat_0.2,0.33899999999999997,0.39399999999999996,0.41700000000000004,0.389,0.34299999999999997,0.316,0.41700000000000004,0.32899999999999996,0.381,0.39399999999999996,0.3719,0.03507549001795985
rico_seq2seq_cat_0.3,0.397,0.42,0.42,0.39299999999999996,0.44299999999999995,0.361,0.374,0.361,0.441,0.436,0.4046,0.03031567251439426
rico_seq2seq_cat_0.4,0.376,0.39299999999999996,0.41600000000000004,0.326,0.386,0.314,0.456,0.397,0.36,0.40299999999999997,0.3827,0.039635968513460094
rico_seq2seq_cat_0.5,0.33299999999999996,0.466,0.483,0.40700000000000003,0.46,0.327,0.363,0.327,0.45899999999999996,0.46399999999999997,0.40890000000000004,0.06180202262062303
rico_seq2seq_cat_0.6,0.439,0.309,0.42,0.419,0.41600000000000004,0.406,0.324,0.39,0.429,0.354,0.3906,0.0433640404021581
rico_seq2seq_cat_0.7,0.374,0.511,0.43,0.45399999999999996,0.4,0.431,0.44,0.42,0.43700000000000006,0.39399999999999996,0.42910000000000004,0.03565234915121303
rico_seq2seq_cat_0.8,0.436,0.386,0.441,0.456,0.457,0.387,0.36700000000000005,0.384,0.433,0.46399999999999997,0.42110000000000003,0.034358259560111584
rico_seq2seq_cat_0.9,0.40299999999999997,0.42,0.307,0.439,0.344,0.461,0.41,0.35,0.317,0.369,0.382,0.049644737888320044
rico_tree_add_0.1,0.41100000000000003,0.439,0.419,0.374,0.386,0.424,0.369,0.366,0.376,0.381,0.3945,0.024904818810824545
rico_tree_add_0.2,0.373,0.386,0.366,0.374,0.38299999999999995,0.40299999999999997,0.431,0.387,0.456,0.379,0.39380000000000004,0.02716173779418394
rico_tree_add_0.3,0.35600000000000004,0.387,0.456,0.384,0.426,0.34700000000000003,0.474,0.396,0.41100000000000003,0.331,0.3968,0.04387892432592211
rico_tree_add_0.4,0.376,0.45399999999999996,0.43700000000000006,0.48100000000000004,0.34299999999999997,0.396,0.491,0.449,0.493,0.45299999999999996,0.4373,0.047868674516848696
rico_tree_add_0.5,0.433,0.447,0.426,0.49700000000000005,0.509,0.42700000000000005,0.523,0.451,0.409,0.423,0.45450000000000007,0.03824983660095819
rico_tree_add_0.6,0.45,0.591,0.506,0.496,0.511,0.526,0.409,0.536,0.479,0.556,0.506,0.04942064345999555
rico_tree_add_0.7,0.45899999999999996,0.39399999999999996,0.51,0.479,0.517,0.5429999999999999,0.523,0.45299999999999996,0.48100000000000004,0.491,0.485,0.04065218321320518
rico_tree_add_0.8,0.377,0.414,0.431,0.45299999999999996,0.486,0.436,0.45,0.5,0.379,0.466,0.4391999999999999,0.038881358000975225
rico_tree_add_0.9,0.32899999999999996,0.336,0.379,0.431,0.361,0.324,0.359,0.413,0.387,0.42,0.3739,0.036664560545573155
rico_tree_cat_0.1,0.40299999999999997,0.44299999999999995,0.40299999999999997,0.46399999999999997,0.344,0.42100000000000004,0.40299999999999997,0.414,0.483,0.374,0.4152,0.038729317060851975
rico_tree_cat_0.2,0.46299999999999997,0.44,0.441,0.373,0.39899999999999997,0.373,0.384,0.419,0.401,0.43700000000000006,0.413,0.030009998333888656
rico_tree_cat_0.3,0.409,0.354,0.444,0.419,0.40299999999999997,0.34,0.389,0.449,0.439,0.457,0.4103,0.037860401477004965
rico_tree_cat_0.4,0.44,0.45399999999999996,0.36,0.451,0.36700000000000005,0.49,0.503,0.40399999999999997,0.379,0.41100000000000003,0.42590000000000006,0.04731268328894483
rico_tree_cat_0.5,0.479,0.489,0.53,0.5429999999999999,0.44299999999999995,0.441,0.57,0.41600000000000004,0.581,0.474,0.49659999999999993,0.05396146773393028
rico_tree_cat_0.6,0.493,0.479,0.493,0.519,0.46399999999999997,0.504,0.503,0.446,0.42,0.457,0.47780000000000006,0.02908195316686966
rico_tree_cat_0.7,0.40299999999999997,0.45399999999999996,0.436,0.44299999999999995,0.48100000000000004,0.466,0.45,0.509,0.509,0.42100000000000004,0.4572,0.033123405622006934
rico_tree_cat_0.8,0.38,0.39399999999999996,0.474,0.34,0.45299999999999996,0.433,0.494,0.40299999999999997,0.48700000000000004,0.39299999999999996,0.42510000000000003,0.048551930960570464
rico_tree_cat_0.9,0.28600000000000003,0.364,0.384,0.324,0.294,0.36,0.299,0.45,0.32899999999999996,0.374,0.3464,0.0478
conv_re_conv_se_add_0.1,0.366,0.467,0.409,0.39,0.309,0.523,0.45899999999999996,0.49,0.513,0.42700000000000005,0.43529999999999996,0.06469474476338864
conv_re_conv_se_add_0.2,0.376,0.314,0.40299999999999997,0.32899999999999996,0.324,0.371,0.38,0.431,0.483,0.36700000000000005,0.3778,0.04904039151556602
conv_re_conv_se_add_0.3,0.33399999999999996,0.41,0.311,0.38299999999999995,0.33899999999999997,0.36700000000000005,0.344,0.424,0.364,0.40299999999999997,0.3679,0.034912605173489986
conv_re_conv_se_add_0.4,0.306,0.38,0.386,0.244,0.379,0.316,0.309,0.45299999999999996,0.35100000000000003,0.39399999999999996,0.3518,0.05617793161019725
conv_re_conv_se_add_0.5,0.36,0.253,0.349,0.386,0.364,0.281,0.34,0.466,0.40700000000000003,0.32,0.35259999999999997,0.05779307917043355
conv_re_conv_se_add_0.6,0.36,0.27699999999999997,0.299,0.264,0.299,0.284,0.307,0.377,0.294,0.26899999999999996,0.303,0.03545137514963277
conv_re_conv_se_add_0.7,0.28600000000000003,0.201,0.35600000000000004,0.251,0.284,0.254,0.226,0.396,0.303,0.293,0.28500000000000003,0.05514163581178926
conv_re_conv_se_add_0.8,0.231,0.217,0.33899999999999997,0.34,0.247,0.263,0.253,0.28300000000000003,0.301,0.21899999999999997,0.2693,0.043109279743461265
conv_re_conv_se_add_0.9,0.29100000000000004,0.21,0.259,0.313,0.22399999999999998,0.27699999999999997,0.209,0.239,0.244,0.2,0.2466,0.03599777770918644
conv_re_conv_se_cat_0.1,0.386,0.39299999999999996,0.34600000000000003,0.363,0.42100000000000004,0.39899999999999997,0.43700000000000006,0.33,0.431,0.466,0.39720000000000005,0.0405950735927403
conv_re_conv_se_cat_0.2,0.46,0.32299999999999995,0.413,0.32299999999999995,0.311,0.39899999999999997,0.40299999999999997,0.45,0.401,0.40299999999999997,0.38859999999999995,0.0497678611153825
conv_re_conv_se_cat_0.3,0.457,0.324,0.387,0.337,0.426,0.324,0.374,0.484,0.41,0.424,0.3947,0.05267076988235504
conv_re_conv_se_cat_0.4,0.35600000000000004,0.32299999999999995,0.33,0.34299999999999997,0.273,0.28,0.376,0.374,0.344,0.27699999999999997,0.3276,0.03693561966449189
conv_re_conv_se_cat_0.5,0.349,0.27399999999999997,0.303,0.34700000000000003,0.361,0.26899999999999996,0.36700000000000005,0.37,0.324,0.34299999999999997,0.3307,0.03516546601425895
conv_re_conv_se_cat_0.6,0.314,0.27,0.35100000000000003,0.32,0.27,0.24600000000000002,0.29100000000000004,0.379,0.354,0.289,0.30840000000000006,0.040701842710128
conv_re_conv_se_cat_0.7,0.28300000000000003,0.27,0.299,0.27899999999999997,0.32899999999999996,0.24100000000000002,0.29600000000000004,0.28600000000000003,0.349,0.32899999999999996,0.29610000000000003,0.03042186713533538
conv_re_conv_se_cat_0.8,0.306,0.26,0.299,0.29100000000000004,0.26899999999999996,0.281,0.306,0.353,0.271,0.276,0.2912,0.025549168283918747
conv_re_conv_se_cat_0.9,0.314,0.21600000000000003,0.27,0.297,0.294,0.22899999999999998,0.273,0.304,0.247,0.287,0.2731,0.031184771924771225
rico_conv_se_add_0.1,0.441,0.45399999999999996,0.444,0.387,0.414,0.433,0.42700000000000005,0.4,0.426,0.507,0.4333,0.031228352502173398
rico_conv_se_cat_0.1,0.441,0.45399999999999996,0.444,0.387,0.336,0.433,0.42700000000000005,0.4,0.426,0.507,0.4255,0.042706556873623035
seq2seq_conv_se_add_0.1,0.441,0.45399999999999996,0.434,0.387,0.414,0.433,0.44299999999999995,0.369,0.426,0.507,0.43079999999999996,0.03557471011828487
seq2seq_conv_se_cat_0.1,0.441,0.45399999999999996,0.444,0.387,0.336,0.433,0.42700000000000005,0.4,0.426,0.507,0.4255,0.042706556873623035
tree_conv_se_add_0.1,0.441,0.45399999999999996,0.434,0.349,0.336,0.433,0.42700000000000005,0.4,0.426,0.439,0.41389999999999993,0.03812204086876777
tree_conv_se_cat_0.1,0.441,0.45399999999999996,0.444,0.387,0.336,0.433,0.42700000000000005,0.4,0.426,0.507,0.4255,0.042706556873623035
rico_conv_se_add_0.2,0.441,0.45399999999999996,0.444,0.349,0.41600000000000004,0.433,0.42700000000000005,0.4,0.426,0.507,0.42969999999999997,0.03809475029449596
rico_conv_se_cat_0.2,0.441,0.45399999999999996,0.444,0.387,0.336,0.433,0.42700000000000005,0.4,0.426,0.507,0.4255,0.042706556873623035
seq2seq_conv_se_add_0.2,0.39399999999999996,0.45399999999999996,0.434,0.354,0.414,0.423,0.44299999999999995,0.363,0.426,0.503,0.4208,0.04138308833327933
seq2seq_conv_se_cat_0.2,0.441,0.45399999999999996,0.444,0.387,0.336,0.433,0.42700000000000005,0.4,0.426,0.507,0.4255,0.042706556873623035
tree_conv_se_add_0.2,0.441,0.45399999999999996,0.434,0.349,0.336,0.433,0.42700000000000005,0.4,0.41100000000000003,0.439,0.4124,0.03791094828674165
tree_conv_se_cat_0.2,0.441,0.45399999999999996,0.444,0.387,0.336,0.433,0.42700000000000005,0.4,0.426,0.507,0.4255,0.042706556873623035
rico_conv_se_add_0.3,0.441,0.45399999999999996,0.444,0.349,0.41600000000000004,0.433,0.44299999999999995,0.4,0.426,0.503,0.4309,0.03750319986347832
rico_conv_se_cat_0.3,0.441,0.45399999999999996,0.444,0.387,0.336,0.433,0.42700000000000005,0.4,0.426,0.507,0.4255,0.042706556873623035
seq2seq_conv_se_add_0.3,0.39399999999999996,0.45399999999999996,0.434,0.354,0.40299999999999997,0.43,0.41700000000000004,0.363,0.426,0.494,0.41690000000000005,0.039302544446893004
seq2seq_conv_se_cat_0.3,0.441,0.45399999999999996,0.444,0.387,0.336,0.433,0.42700000000000005,0.4,0.426,0.507,0.4255,0.042706556873623035
tree_conv_se_add_0.3,0.43,0.45399999999999996,0.434,0.349,0.44299999999999995,0.433,0.44299999999999995,0.4,0.41100000000000003,0.439,0.4236,0.029038595007334626
tree_conv_se_cat_0.3,0.441,0.45399999999999996,0.444,0.387,0.336,0.433,0.42700000000000005,0.4,0.426,0.507,0.4255,0.042706556873623035
rico_conv_se_add_0.4,0.424,0.444,0.434,0.326,0.436,0.433,0.46299999999999997,0.4,0.426,0.503,0.42889999999999995,0.04293122406826993
rico_conv_se_cat_0.4,0.441,0.45399999999999996,0.444,0.387,0.336,0.433,0.42700000000000005,0.4,0.426,0.507,0.4255,0.042706556873623035
seq2seq_conv_se_add_0.4,0.39399999999999996,0.45399999999999996,0.406,0.354,0.45299999999999996,0.467,0.41700000000000004,0.363,0.41100000000000003,0.496,0.4215,0.04332955111699174
seq2seq_conv_se_cat_0.4,0.441,0.45399999999999996,0.444,0.387,0.336,0.433,0.42700000000000005,0.4,0.426,0.507,0.4255,0.042706556873623035
tree_conv_se_add_0.4,0.359,0.45299999999999996,0.434,0.349,0.44299999999999995,0.42100000000000004,0.44299999999999995,0.46,0.41,0.469,0.4241,0.038780020629184814
tree_conv_se_cat_0.4,0.441,0.45399999999999996,0.444,0.387,0.336,0.433,0.42700000000000005,0.4,0.426,0.507,0.4255,0.042706556873623035
rico_conv_se_add_0.5,0.409,0.444,0.439,0.326,0.436,0.433,0.493,0.4,0.473,0.45399999999999996,0.43069999999999997,0.04343742625893021
rico_conv_se_cat_0.5,0.441,0.45399999999999996,0.444,0.387,0.336,0.433,0.42700000000000005,0.4,0.426,0.507,0.4255,0.042706556873623035
seq2seq_conv_se_add_0.5,0.45399999999999996,0.44299999999999995,0.406,0.35,0.45299999999999996,0.467,0.41700000000000004,0.38299999999999995,0.41100000000000003,0.467,0.42510000000000003,0.0367245149729714
seq2seq_conv_se_cat_0.5,0.441,0.45399999999999996,0.444,0.387,0.336,0.433,0.42700000000000005,0.4,0.426,0.507,0.4255,0.042706556873623035
tree_conv_se_add_0.5,0.36,0.45299999999999996,0.431,0.35,0.379,0.423,0.483,0.384,0.41,0.469,0.4142,0.04339308700703373
tree_conv_se_cat_0.5,0.441,0.45399999999999996,0.444,0.387,0.336,0.433,0.42700000000000005,0.4,0.426,0.439,0.41869999999999996,0.03363941140983295
rico_conv_se_add_0.6,0.42700000000000005,0.444,0.401,0.297,0.436,0.433,0.493,0.40700000000000003,0.473,0.40399999999999997,0.4215,0.050080435301622525
rico_conv_se_cat_0.6,0.441,0.45399999999999996,0.444,0.387,0.336,0.433,0.42700000000000005,0.4,0.426,0.507,0.4255,0.042706556873623035
seq2seq_conv_se_add_0.6,0.509,0.344,0.39,0.386,0.45399999999999996,0.45,0.43700000000000006,0.38299999999999995,0.419,0.479,0.42510000000000003,0.047632866804340056
seq2seq_conv_se_cat_0.6,0.441,0.45399999999999996,0.434,0.386,0.44299999999999995,0.45,0.48,0.4,0.414,0.46399999999999997,0.4366,0.027557938965024203
tree_conv_se_add_0.6,0.371,0.483,0.433,0.35,0.359,0.46,0.439,0.319,0.426,0.39899999999999997,0.4039,0.050206473686169206
tree_conv_se_cat_0.6,0.441,0.45399999999999996,0.444,0.387,0.44299999999999995,0.45,0.47700000000000004,0.4,0.414,0.469,0.43790000000000007,0.027518902594398632
rico_conv_se_add_0.7,0.40299999999999997,0.5,0.401,0.297,0.43700000000000006,0.433,0.49,0.33,0.469,0.406,0.4166,0.061740100421039154
rico_conv_se_cat_0.7,0.441,0.45399999999999996,0.44299999999999995,0.387,0.426,0.45,0.42700000000000005,0.4,0.426,0.507,0.43610000000000004,0.031004677066533037
seq2seq_conv_se_add_0.7,0.35600000000000004,0.47,0.39,0.386,0.41,0.48100000000000004,0.439,0.38299999999999995,0.441,0.441,0.4197,0.03883825433770163
seq2seq_conv_se_cat_0.7,0.441,0.456,0.434,0.386,0.441,0.45,0.41,0.4,0.414,0.457,0.42890000000000006,0.023543364245578843
tree_conv_se_add_0.7,0.413,0.483,0.424,0.344,0.489,0.473,0.33,0.319,0.39299999999999996,0.40700000000000003,0.4074999999999999,0.05917474123306328
tree_conv_se_cat_0.7,0.441,0.41600000000000004,0.444,0.386,0.447,0.45,0.41,0.4,0.414,0.467,0.42750000000000005,0.0244959180272959
rico_conv_se_add_0.8,0.38299999999999995,0.461,0.301,0.297,0.396,0.507,0.514,0.33,0.39399999999999996,0.516,0.40990000000000004,0.08142045197614664
rico_conv_se_cat_0.8,0.441,0.46,0.44299999999999995,0.386,0.434,0.45,0.42700000000000005,0.4,0.414,0.45,0.43050000000000005,0.02259314055194629
seq2seq_conv_se_add_0.8,0.434,0.484,0.47,0.40299999999999997,0.457,0.42100000000000004,0.47700000000000004,0.33,0.504,0.41600000000000004,0.4396,0.047989998958116266
seq2seq_conv_se_cat_0.8,0.48100000000000004,0.45,0.381,0.386,0.431,0.467,0.436,0.33,0.414,0.42100000000000004,0.4197,0.0424500883391307
tree_conv_se_add_0.8,0.386,0.48,0.45299999999999996,0.36700000000000005,0.414,0.414,0.353,0.319,0.484,0.45299999999999996,0.4123,0.052922679448417935
tree_conv_se_cat_0.8,0.409,0.43700000000000006,0.387,0.386,0.467,0.467,0.456,0.384,0.424,0.45899999999999996,0.4276,0.03259509165503297
rico_conv_se_add_0.9,0.391,0.439,0.424,0.33399999999999996,0.359,0.447,0.467,0.40700000000000003,0.486,0.41700000000000004,0.4171,0.04441047173809349
rico_conv_se_cat_0.9,0.434,0.366,0.39899999999999997,0.389,0.38,0.503,0.474,0.33,0.41700000000000004,0.466,0.41580000000000006,0.05095841441803306
seq2seq_conv_se_add_0.9,0.449,0.424,0.424,0.32,0.366,0.51,0.397,0.441,0.414,0.41600000000000004,0.4161,0.047706288893603954
seq2seq_conv_se_cat_0.9,0.316,0.441,0.36,0.359,0.44299999999999995,0.42700000000000005,0.517,0.46399999999999997,0.46,0.321,0.41079999999999994,0.06407464397091879
tree_conv_se_add_0.9,0.449,0.466,0.44299999999999995,0.39,0.363,0.449,0.45899999999999996,0.466,0.379,0.293,0.4157,0.054532650769974496
tree_conv_se_cat_0.9,0.439,0.43700000000000006,0.39,0.36,0.35600000000000004,0.451,0.447,0.317,0.474,0.429,0.41000000000000003,0.048520098928176145
rico_conv_re_add_0.1,0.26899999999999996,0.193,0.266,0.287,0.27899999999999997,0.253,0.281,0.259,0.23399999999999999,0.221,0.2542,0.028368292158676027
rico_conv_re_cat_0.1,0.26899999999999996,0.193,0.266,0.287,0.28600000000000003,0.253,0.281,0.259,0.253,0.221,0.25680000000000003,0.028230479981750222
seq2seq_conv_re_add_0.1,0.26899999999999996,0.193,0.266,0.287,0.249,0.253,0.281,0.259,0.23600000000000002,0.254,0.25470000000000004,0.02505613697280568
seq2seq_conv_re_cat_0.1,0.26899999999999996,0.193,0.266,0.287,0.28600000000000003,0.253,0.281,0.259,0.253,0.221,0.25680000000000003,0.028230479981750222
tree_conv_re_add_0.1,0.26899999999999996,0.193,0.266,0.287,0.27899999999999997,0.253,0.281,0.259,0.253,0.221,0.2561,0.02757698315624825
tree_conv_re_cat_0.1,0.26899999999999996,0.193,0.266,0.287,0.28600000000000003,0.253,0.281,0.259,0.253,0.221,0.25680000000000003,0.028230479981750222
rico_conv_re_add_0.2,0.26899999999999996,0.193,0.266,0.287,0.28,0.253,0.281,0.259,0.239,0.221,0.2548,0.028138230221533125
rico_conv_re_cat_0.2,0.26899999999999996,0.193,0.266,0.287,0.28600000000000003,0.253,0.281,0.259,0.253,0.221,0.25680000000000003,0.028230479981750222
seq2seq_conv_re_add_0.2,0.26899999999999996,0.193,0.266,0.287,0.297,0.26899999999999996,0.281,0.259,0.23600000000000002,0.254,0.2611,0.02797659736279592
seq2seq_conv_re_cat_0.2,0.26899999999999996,0.193,0.266,0.287,0.28600000000000003,0.253,0.281,0.259,0.253,0.221,0.25680000000000003,0.028230479981750222
tree_conv_re_add_0.2,0.26899999999999996,0.193,0.266,0.287,0.27899999999999997,0.25,0.281,0.259,0.23,0.221,0.25349999999999995,0.028699303127428022
tree_conv_re_cat_0.2,0.26899999999999996,0.193,0.266,0.287,0.28600000000000003,0.253,0.281,0.259,0.253,0.221,0.25680000000000003,0.028230479981750222
rico_conv_re_add_0.3,0.26899999999999996,0.193,0.266,0.287,0.28,0.253,0.281,0.259,0.237,0.221,0.25460000000000005,0.028256680626004182
rico_conv_re_cat_0.3,0.26899999999999996,0.193,0.266,0.287,0.28600000000000003,0.253,0.281,0.259,0.253,0.221,0.25680000000000003,0.028230479981750222
seq2seq_conv_re_add_0.3,0.26899999999999996,0.19699999999999998,0.266,0.294,0.297,0.26899999999999996,0.281,0.28,0.23399999999999999,0.254,0.26409999999999995,0.02841988740301411
seq2seq_conv_re_cat_0.3,0.26899999999999996,0.193,0.266,0.287,0.28600000000000003,0.253,0.281,0.259,0.253,0.221,0.25680000000000003,0.028230479981750222
tree_conv_re_add_0.3,0.26899999999999996,0.193,0.266,0.287,0.28,0.25,0.281,0.259,0.263,0.221,0.2569,0.027768507341951243
tree_conv_re_cat_0.3,0.26899999999999996,0.193,0.266,0.287,0.28600000000000003,0.253,0.281,0.259,0.253,0.221,0.25680000000000003,0.028230479981750222
rico_conv_re_add_0.4,0.26899999999999996,0.193,0.304,0.287,0.28,0.253,0.281,0.259,0.237,0.221,0.2584,0.0318596924027838
rico_conv_re_cat_0.4,0.26899999999999996,0.193,0.266,0.287,0.28600000000000003,0.253,0.281,0.259,0.253,0.221,0.25680000000000003,0.028230479981750222
seq2seq_conv_re_add_0.4,0.27899999999999997,0.217,0.266,0.36700000000000005,0.297,0.26899999999999996,0.281,0.28,0.23399999999999999,0.256,0.27460000000000007,0.03813974305104848
seq2seq_conv_re_cat_0.4,0.26899999999999996,0.193,0.266,0.287,0.28600000000000003,0.253,0.281,0.259,0.253,0.221,0.25680000000000003,0.028230479981750222
tree_conv_re_add_0.4,0.26899999999999996,0.193,0.249,0.293,0.28,0.251,0.281,0.31,0.263,0.221,0.261,0.03274446518115695
tree_conv_re_cat_0.4,0.26899999999999996,0.193,0.266,0.287,0.27899999999999997,0.253,0.281,0.259,0.253,0.221,0.2561,0.02757698315624825
rico_conv_re_add_0.5,0.28300000000000003,0.193,0.304,0.287,0.276,0.253,0.281,0.226,0.23600000000000002,0.191,0.253,0.03798947222586805
rico_conv_re_cat_0.5,0.26899999999999996,0.193,0.266,0.287,0.27899999999999997,0.253,0.281,0.259,0.253,0.221,0.2561,0.02757698315624825
seq2seq_conv_re_add_0.5,0.32299999999999995,0.217,0.266,0.36700000000000005,0.297,0.26899999999999996,0.281,0.22899999999999998,0.23399999999999999,0.256,0.2739,0.04349126349049888
seq2seq_conv_re_cat_0.5,0.26899999999999996,0.193,0.304,0.287,0.29,0.253,0.281,0.259,0.253,0.221,0.261,0.031915513469157906
tree_conv_re_add_0.5,0.29100000000000004,0.193,0.243,0.293,0.273,0.251,0.281,0.266,0.263,0.24100000000000002,0.2595,0.02814693589007514
tree_conv_re_cat_0.5,0.26899999999999996,0.193,0.304,0.287,0.27899999999999997,0.253,0.281,0.259,0.253,0.251,0.2629,0.02851823977737756
rico_conv_re_add_0.6,0.28300000000000003,0.193,0.304,0.27,0.32899999999999996,0.253,0.28300000000000003,0.226,0.23600000000000002,0.191,0.25680000000000003,0.04334005076139159
rico_conv_re_cat_0.6,0.26899999999999996,0.193,0.266,0.287,0.27899999999999997,0.253,0.281,0.259,0.253,0.221,0.2561,0.02757698315624825
seq2seq_conv_re_add_0.6,0.29,0.21,0.284,0.287,0.26,0.247,0.281,0.256,0.23600000000000002,0.256,0.26070000000000004,0.02432714533191266
seq2seq_conv_re_cat_0.6,0.26899999999999996,0.193,0.26899999999999996,0.287,0.306,0.253,0.281,0.244,0.253,0.251,0.26060000000000005,0.028928186946298586
tree_conv_re_add_0.6,0.29100000000000004,0.204,0.217,0.27899999999999997,0.27699999999999997,0.251,0.281,0.28,0.251,0.209,0.254,0.031368774282716255
tree_conv_re_cat_0.6,0.26899999999999996,0.193,0.266,0.287,0.29,0.253,0.281,0.259,0.253,0.251,0.2602,0.026183200721073042
rico_conv_re_add_0.7,0.317,0.193,0.263,0.21,0.311,0.231,0.294,0.24,0.237,0.24100000000000002,0.25370000000000004,0.039671274242202
rico_conv_re_cat_0.7,0.26899999999999996,0.193,0.266,0.287,0.29,0.253,0.281,0.259,0.253,0.221,0.2572,0.028666356587470264
seq2seq_conv_re_add_0.7,0.28300000000000003,0.23399999999999999,0.247,0.307,0.221,0.253,0.303,0.21899999999999997,0.23600000000000002,0.256,0.2559,0.030177640729520262
seq2seq_conv_re_cat_0.7,0.28300000000000003,0.193,0.26,0.287,0.27899999999999997,0.253,0.281,0.24100000000000002,0.253,0.251,0.2581,0.026557296549159514
tree_conv_re_add_0.7,0.28300000000000003,0.20600000000000002,0.249,0.29100000000000004,0.264,0.22699999999999998,0.281,0.299,0.251,0.22899999999999998,0.258,0.029318935860634516
tree_conv_re_cat_0.7,0.26899999999999996,0.193,0.26,0.287,0.317,0.253,0.281,0.21899999999999997,0.253,0.251,0.2583,0.03289392041092092
rico_conv_re_add_0.8,0.317,0.22,0.284,0.233,0.217,0.24,0.294,0.22399999999999998,0.26899999999999996,0.21899999999999997,0.2517,0.03453708152117083
rico_conv_re_cat_0.8,0.26899999999999996,0.193,0.26,0.271,0.306,0.253,0.281,0.24600000000000002,0.253,0.221,0.2553,0.02973566881709574
seq2seq_conv_re_add_0.8,0.299,0.183,0.313,0.303,0.27699999999999997,0.231,0.33299999999999996,0.287,0.264,0.257,0.27470000000000006,0.0414247510553775
seq2seq_conv_re_cat_0.8,0.26899999999999996,0.21,0.27,0.29,0.31,0.24600000000000002,0.281,0.3,0.276,0.174,0.2626,0.039877813380374806
tree_conv_re_add_0.8,0.28600000000000003,0.20600000000000002,0.231,0.28600000000000003,0.259,0.28600000000000003,0.306,0.297,0.267,0.271,0.2695,0.02922071183253413
tree_conv_re_cat_0.8,0.28300000000000003,0.204,0.259,0.33,0.24100000000000002,0.21899999999999997,0.281,0.249,0.247,0.174,0.2487,0.04178289123552846
rico_conv_re_add_0.9,0.281,0.166,0.259,0.281,0.267,0.24,0.213,0.249,0.254,0.233,0.24430000000000002,0.03286046256521658
rico_conv_re_cat_0.9,0.26899999999999996,0.20600000000000002,0.214,0.321,0.26,0.21899999999999997,0.281,0.18100000000000002,0.244,0.226,0.24210000000000004,0.03924907642225483
seq2seq_conv_re_add_0.9,0.29600000000000004,0.21899999999999997,0.293,0.327,0.261,0.263,0.301,0.289,0.20600000000000002,0.31,0.27649999999999997,0.037122095846005246
seq2seq_conv_re_cat_0.9,0.299,0.21899999999999997,0.319,0.259,0.25,0.20600000000000002,0.294,0.37,0.247,0.294,0.2757,0.046707708143303286
tree_conv_re_add_0.9,0.263,0.221,0.314,0.3,0.26899999999999996,0.19899999999999998,0.263,0.27,0.221,0.21,0.253,0.0367260125796417
tree_conv_re_cat_0.9,0.256,0.226,0.287,0.327,0.311,0.261,0.294,0.289,0.221,0.259,0.2731,0.032855593131155006
